strategy,n_agents,density,seed,beta,tau,k_max,epsilon,social_laws,total_timesteps,makespan,tasks_completed,tasks_total,completion_rate,agents_finished,agents_stranded,n_disruptions,repairs_performed,mean_agents_changed,max_agents_changed,mean_agents_involved,mean_episode_size,max_episode_size,mean_reported_changes,mean_repair_ms,total_repair_ms,mean_repair_messages,mean_repair_cycles,mean_repair_hops,low_level_searches,repair_failures,abandoned_agents,solver_timeouts,safety_truncations,initial_plan_ms,initial_sum_of_costs,cost_over_initial,collisions_detected,sweep,wall_s,disruption_CellBlockage,disruption_AgentBreakdown,disruption_EmergencyTask
selfish,80,0.0,1,4.0,0,6,0.0,False,20476,386,240,240,1.0,80,0,0,0,0.0,0,0.0,0.0,0,0.0,0.0,0,0.0,0.0,0.0,0,0,0,0,0,2749.707,20479,0.9999,0,main,0.045,,,
selfish,80,0.0,2,4.0,0,6,0.0,False,20381,386,240,240,1.0,80,0,0,0,0.0,0,0.0,0.0,0,0.0,0.0,0,0.0,0.0,0.0,0,0,0,0,0,2311.565,20381,1.0,0,main,0.047,,,
selfish,80,0.0,3,4.0,0,6,0.0,False,21961,374,237,240,0.9875,79,1,0,0,0.0,0,0.0,0.0,0,0.0,0.0,0,0.0,0.0,0.0,0,0,0,0,0,4130.01,21587,1.0173,0,main,0.04,,,
selfish,80,0.0,4,4.0,0,6,0.0,False,21909,386,240,240,1.0,80,0,0,0,0.0,0,0.0,0.0,0,0.0,0.0,0,0.0,0.0,0.0,0,0,0,0,0,759.01,21909,1.0,0,main,0.047,,,
selfish,80,0.0,5,4.0,0,6,0.0,False,21009,414,240,240,1.0,80,0,0,0,0.0,0,0.0,0.0,0,0.0,0.0,0,0.0,0.0,0.0,0,0,0,0,0,722.049,21009,1.0,0,main,0.046,,,
selfish,80,0.0,6,4.0,0,6,0.0,False,20823,384,240,240,1.0,80,0,0,0,0.0,0,0.0,0.0,0,0.0,0.0,0,0.0,0.0,0.0,0,0,0,0,0,1168.868,20823,1.0,0,main,0.043,,,
selfish,80,0.0,7,4.0,0,6,0.0,False,21997,416,240,240,1.0,80,0,0,0,0.0,0,0.0,0.0,0,0.0,0.0,0,0.0,0.0,0.0,0,0,0,0,0,1068.246,21997,1.0,0,main,0.048,,,
selfish,80,0.0,8,4.0,0,6,0.0,False,20649,370,240,240,1.0,80,0,0,0,0.0,0,0.0,0.0,0,0.0,0.0,0,0.0,0.0,0.0,0,0,0,0,0,710.586,20649,1.0,0,main,0.046,,,
selfish,80,0.0,9,4.0,0,6,0.0,False,21711,452,240,240,1.0,80,0,0,0,0.0,0,0.0,0.0,0,0.0,0.0,0,0.0,0.0,0.0,0,0,0,0,0,710.516,21711,1.0,0,main,0.051,,,
selfish,80,0.0,10,4.0,0,6,0.0,False,20781,384,240,240,1.0,80,0,0,0,0.0,0,0.0,0.0,0,0.0,0.0,0,0.0,0.0,0.0,0,0,0,0,0,1286.96,20781,1.0,0,main,0.054,,,
selfish,80,0.0,11,4.0,0,6,0.0,False,21181,370,240,240,1.0,80,0,0,0,0.0,0,0.0,0.0,0,0.0,0.0,0,0.0,0.0,0.0,0,0,0,0,0,1505.534,21181,1.0,0,main,0.049,,,
selfish,80,0.0,12,4.0,0,6,0.0,False,21216,366,237,240,0.9875,79,1,0,0,0.0,0,0.0,0.0,0,0.0,0.0,0,0.0,0.0,0.0,0,0,0,0,0,4356.83,20850,1.0176,0,main,0.047,,,
greedy_pgp,80,0.0,1,4.0,0,6,0.0,False,20476,386,240,240,1.0,80,0,0,0,0.0,0,0.0,0.0,0,0.0,0.0,0,0.0,0.0,0.0,0,0,0,0,0,2686.571,20479,0.9999,0,main,0.042,,,
greedy_pgp,80,0.0,2,4.0,0,6,0.0,False,20381,386,240,240,1.0,80,0,0,0,0.0,0,0.0,0.0,0,0.0,0.0,0,0.0,0.0,0.0,0,0,0,0,0,2338.777,20381,1.0,0,main,0.047,,,
greedy_pgp,80,0.0,3,4.0,0,6,0.0,False,21961,374,237,240,0.9875,79,1,0,0,0.0,0,0.0,0.0,0,0.0,0.0,0,0.0,0.0,0.0,0,0,0,0,0,4111.15,21587,1.0173,0,main,0.047,,,
greedy_pgp,80,0.0,4,4.0,0,6,0.0,False,21909,386,240,240,1.0,80,0,0,0,0.0,0,0.0,0.0,0,0.0,0.0,0,0.0,0.0,0.0,0,0,0,0,0,755.64,21909,1.0,0,main,0.048,,,
greedy_pgp,80,0.0,5,4.0,0,6,0.0,False,21009,414,240,240,1.0,80,0,0,0,0.0,0,0.0,0.0,0,0.0,0.0,0,0.0,0.0,0.0,0,0,0,0,0,699.711,21009,1.0,0,main,0.046,,,
greedy_pgp,80,0.0,6,4.0,0,6,0.0,False,20823,384,240,240,1.0,80,0,0,0,0.0,0,0.0,0.0,0,0.0,0.0,0,0.0,0.0,0.0,0,0,0,0,0,1186.0,20823,1.0,0,main,0.047,,,
greedy_pgp,80,0.0,7,4.0,0,6,0.0,False,21997,416,240,240,1.0,80,0,0,0,0.0,0,0.0,0.0,0,0.0,0.0,0,0.0,0.0,0.0,0,0,0,0,0,1070.017,21997,1.0,0,main,0.051,,,
greedy_pgp,80,0.0,8,4.0,0,6,0.0,False,20649,370,240,240,1.0,80,0,0,0,0.0,0,0.0,0.0,0,0.0,0.0,0,0.0,0.0,0.0,0,0,0,0,0,676.572,20649,1.0,0,main,0.044,,,
greedy_pgp,80,0.0,9,4.0,0,6,0.0,False,21711,452,240,240,1.0,80,0,0,0,0.0,0,0.0,0.0,0,0.0,0.0,0,0.0,0.0,0.0,0,0,0,0,0,735.538,21711,1.0,0,main,0.047,,,
greedy_pgp,80,0.0,10,4.0,0,6,0.0,False,20781,384,240,240,1.0,80,0,0,0,0.0,0,0.0,0.0,0,0.0,0.0,0,0.0,0.0,0.0,0,0,0,0,0,1297.219,20781,1.0,0,main,0.043,,,
greedy_pgp,80,0.0,11,4.0,0,6,0.0,False,21181,370,240,240,1.0,80,0,0,0,0.0,0,0.0,0.0,0,0.0,0.0,0,0.0,0.0,0.0,0,0,0,0,0,1612.535,21181,1.0,0,main,0.046,,,
greedy_pgp,80,0.0,12,4.0,0,6,0.0,False,21216,366,237,240,0.9875,79,1,0,0,0.0,0,0.0,0.0,0,0.0,0.0,0,0.0,0.0,0.0,0,0,0,0,0,4383.688,20850,1.0176,0,main,0.054,,,
adopt,80,0.0,1,4.0,0,6,0.0,False,20476,386,240,240,1.0,80,0,0,0,0.0,0,0.0,0.0,0,0.0,0.0,0,0.0,0.0,0.0,0,0,0,0,0,2692.436,20479,0.9999,0,main,0.042,,,
adopt,80,0.0,2,4.0,0,6,0.0,False,20381,386,240,240,1.0,80,0,0,0,0.0,0,0.0,0.0,0,0.0,0.0,0,0.0,0.0,0.0,0,0,0,0,0,2354.9,20381,1.0,0,main,0.043,,,
adopt,80,0.0,3,4.0,0,6,0.0,False,21961,374,237,240,0.9875,79,1,0,0,0.0,0,0.0,0.0,0,0.0,0.0,0,0.0,0.0,0.0,0,0,0,0,0,4082.727,21587,1.0173,0,main,0.046,,,
adopt,80,0.0,4,4.0,0,6,0.0,False,21909,386,240,240,1.0,80,0,0,0,0.0,0,0.0,0.0,0,0.0,0.0,0,0.0,0.0,0.0,0,0,0,0,0,802.105,21909,1.0,0,main,0.051,,,
adopt,80,0.0,5,4.0,0,6,0.0,False,21009,414,240,240,1.0,80,0,0,0,0.0,0,0.0,0.0,0,0.0,0.0,0,0.0,0.0,0.0,0,0,0,0,0,699.711,21009,1.0,0,main,0.044,,,
adopt,80,0.0,6,4.0,0,6,0.0,False,20823,384,240,240,1.0,80,0,0,0,0.0,0,0.0,0.0,0,0.0,0.0,0,0.0,0.0,0.0,0,0,0,0,0,1186.0,20823,1.0,0,main,0.048,,,
adopt,80,0.0,7,4.0,0,6,0.0,False,21997,416,240,240,1.0,80,0,0,0,0.0,0,0.0,0.0,0,0.0,0.0,0,0.0,0.0,0.0,0,0,0,0,0,1130.174,21997,1.0,0,main,0.048,,,
adopt,80,0.0,8,4.0,0,6,0.0,False,20649,370,240,240,1.0,80,0,0,0,0.0,0,0.0,0.0,0,0.0,0.0,0,0.0,0.0,0.0,0,0,0,0,0,651.112,20649,1.0,0,main,0.045,,,
adopt,80,0.0,9,4.0,0,6,0.0,False,21711,452,240,240,1.0,80,0,0,0,0.0,0,0.0,0.0,0,0.0,0.0,0,0.0,0.0,0.0,0,0,0,0,0,674.063,21711,1.0,0,main,0.047,,,
adopt,80,0.0,10,4.0,0,6,0.0,False,20781,384,240,240,1.0,80,0,0,0,0.0,0,0.0,0.0,0,0.0,0.0,0,0.0,0.0,0.0,0,0,0,0,0,1281.052,20781,1.0,0,main,0.036,,,
adopt,80,0.0,11,4.0,0,6,0.0,False,21181,370,240,240,1.0,80,0,0,0,0.0,0,0.0,0.0,0,0.0,0.0,0,0.0,0.0,0.0,0,0,0,0,0,1489.16,21181,1.0,0,main,0.044,,,
adopt,80,0.0,12,4.0,0,6,0.0,False,21216,366,237,240,0.9875,79,1,0,0,0.0,0,0.0,0.0,0,0.0,0.0,0,0.0,0.0,0.0,0,0,0,0,0,4396.803,20850,1.0176,0,main,0.045,,,
cbs,80,0.0,1,4.0,0,6,0.0,False,20476,386,240,240,1.0,80,0,0,0,0.0,0,0.0,0.0,0,0.0,0.0,0,0.0,0.0,0.0,0,0,0,0,0,2718.207,20479,0.9999,0,main,0.044,,,
cbs,80,0.0,2,4.0,0,6,0.0,False,20381,386,240,240,1.0,80,0,0,0,0.0,0,0.0,0.0,0,0.0,0.0,0,0.0,0.0,0.0,0,0,0,0,0,2417.563,20381,1.0,0,main,0.046,,,
cbs,80,0.0,3,4.0,0,6,0.0,False,21961,374,237,240,0.9875,79,1,0,0,0.0,0,0.0,0.0,0,0.0,0.0,0,0.0,0.0,0.0,0,0,0,0,0,4188.964,21587,1.0173,0,main,0.048,,,
cbs,80,0.0,4,4.0,0,6,0.0,False,21909,386,240,240,1.0,80,0,0,0,0.0,0,0.0,0.0,0,0.0,0.0,0,0.0,0.0,0.0,0,0,0,0,0,801.664,21909,1.0,0,main,0.047,,,
cbs,80,0.0,5,4.0,0,6,0.0,False,21009,414,240,240,1.0,80,0,0,0,0.0,0,0.0,0.0,0,0.0,0.0,0,0.0,0.0,0.0,0,0,0,0,0,707.254,21009,1.0,0,main,0.045,,,
cbs,80,0.0,6,4.0,0,6,0.0,False,20823,384,240,240,1.0,80,0,0,0,0.0,0,0.0,0.0,0,0.0,0.0,0,0.0,0.0,0.0,0,0,0,0,0,1204.726,20823,1.0,0,main,0.045,,,
cbs,80,0.0,7,4.0,0,6,0.0,False,21997,416,240,240,1.0,80,0,0,0,0.0,0,0.0,0.0,0,0.0,0.0,0,0.0,0.0,0.0,0,0,0,0,0,1088.364,21997,1.0,0,main,0.046,,,
cbs,80,0.0,8,4.0,0,6,0.0,False,20649,370,240,240,1.0,80,0,0,0,0.0,0,0.0,0.0,0,0.0,0.0,0,0.0,0.0,0.0,0,0,0,0,0,741.916,20649,1.0,0,main,0.041,,,
cbs,80,0.0,9,4.0,0,6,0.0,False,21711,452,240,240,1.0,80,0,0,0,0.0,0,0.0,0.0,0,0.0,0.0,0,0.0,0.0,0.0,0,0,0,0,0,718.475,21711,1.0,0,main,0.048,,,
cbs,80,0.0,10,4.0,0,6,0.0,False,20781,384,240,240,1.0,80,0,0,0,0.0,0,0.0,0.0,0,0.0,0.0,0,0.0,0.0,0.0,0,0,0,0,0,1366.179,20781,1.0,0,main,0.046,,,
cbs,80,0.0,11,4.0,0,6,0.0,False,21181,370,240,240,1.0,80,0,0,0,0.0,0,0.0,0.0,0,0.0,0.0,0,0.0,0.0,0.0,0,0,0,0,0,1539.004,21181,1.0,0,main,0.045,,,
cbs,80,0.0,12,4.0,0,6,0.0,False,21216,366,237,240,0.9875,79,1,0,0,0.0,0,0.0,0.0,0,0.0,0.0,0,0.0,0.0,0.0,0,0,0,0,0,4430.186,20850,1.0176,0,main,0.047,,,
full_replan,80,0.0,1,4.0,0,6,0.0,False,20476,386,240,240,1.0,80,0,0,0,0.0,0,0.0,0.0,0,0.0,0.0,0,0.0,0.0,0.0,0,0,0,0,0,2826.091,20479,0.9999,0,main,0.047,,,
full_replan,80,0.0,2,4.0,0,6,0.0,False,20381,386,240,240,1.0,80,0,0,0,0.0,0,0.0,0.0,0,0.0,0.0,0,0.0,0.0,0.0,0,0,0,0,0,2418.556,20381,1.0,0,main,0.047,,,
full_replan,80,0.0,3,4.0,0,6,0.0,False,21961,374,237,240,0.9875,79,1,0,0,0.0,0,0.0,0.0,0,0.0,0.0,0,0.0,0.0,0.0,0,0,0,0,0,4082.727,21587,1.0173,0,main,0.047,,,
full_replan,80,0.0,4,4.0,0,6,0.0,False,21909,386,240,240,1.0,80,0,0,0,0.0,0,0.0,0.0,0,0.0,0.0,0,0.0,0.0,0.0,0,0,0,0,0,802.105,21909,1.0,0,main,0.051,,,
full_replan,80,0.0,5,4.0,0,6,0.0,False,21009,414,240,240,1.0,80,0,0,0,0.0,0,0.0,0.0,0,0.0,0.0,0,0.0,0.0,0.0,0,0,0,0,0,767.888,21009,1.0,0,main,0.049,,,
full_replan,80,0.0,6,4.0,0,6,0.0,False,20823,384,240,240,1.0,80,0,0,0,0.0,0,0.0,0.0,0,0.0,0.0,0,0.0,0.0,0.0,0,0,0,0,0,1226.165,20823,1.0,0,main,0.055,,,
full_replan,80,0.0,7,4.0,0,6,0.0,False,21997,416,240,240,1.0,80,0,0,0,0.0,0,0.0,0.0,0,0.0,0.0,0,0.0,0.0,0.0,0,0,0,0,0,1199.363,21997,1.0,0,main,0.048,,,
full_replan,80,0.0,8,4.0,0,6,0.0,False,20649,370,240,240,1.0,80,0,0,0,0.0,0,0.0,0.0,0,0.0,0.0,0,0.0,0.0,0.0,0,0,0,0,0,712.284,20649,1.0,0,main,0.047,,,
full_replan,80,0.0,9,4.0,0,6,0.0,False,21711,452,240,240,1.0,80,0,0,0,0.0,0,0.0,0.0,0,0.0,0.0,0,0.0,0.0,0.0,0,0,0,0,0,784.835,21711,1.0,0,main,0.051,,,
full_replan,80,0.0,10,4.0,0,6,0.0,False,20781,384,240,240,1.0,80,0,0,0,0.0,0,0.0,0.0,0,0.0,0.0,0,0.0,0.0,0.0,0,0,0,0,0,1348.73,20781,1.0,0,main,0.044,,,
full_replan,80,0.0,11,4.0,0,6,0.0,False,21181,370,240,240,1.0,80,0,0,0,0.0,0,0.0,0.0,0,0.0,0.0,0,0.0,0.0,0.0,0,0,0,0,0,1627.696,21181,1.0,0,main,0.048,,,
full_replan,80,0.0,12,4.0,0,6,0.0,False,21216,366,237,240,0.9875,79,1,0,0,0.0,0,0.0,0.0,0,0.0,0.0,0,0.0,0.0,0.0,0,0,0,0,0,4468.87,20850,1.0176,0,main,0.045,,,
selfish,80,0.01,1,4.0,0,6,0.0,False,22594,392,231,252,0.9167,61,14,16,11,10.1818,25,19.0909,6.0,6,10.1818,73.1759,804.935,90.61,0.0,1.0,112,2,4,0,0,2749.707,20479,1.1033,0,main,6.973,9,5,2
selfish,80,0.01,2,4.0,0,6,0.0,False,27043,531,234,264,0.8864,59,16,16,10,12.0,23,20.9,6.0,6,9.2,77.4209,774.209,136.79,0.0,1.2,120,1,1,0,0,2311.565,20381,1.3269,0,main,6.123,7,5,4
selfish,80,0.01,3,4.0,0,6,0.0,False,24939,458,230,246,0.935,69,6,16,14,9.3571,23,17.6429,6.0,6,8.2143,67.8907,950.469,69.75,0.0,1.0,131,0,0,0,0,4184.62,21587,1.1553,0,main,7.272,10,5,1
selfish,80,0.01,4,4.0,0,6,0.0,False,22849,395,236,240,0.9833,74,4,16,14,5.5,11,11.2857,6.0,6,5.4286,29.6386,414.94,29.88,0.0,1.0,77,1,1,0,0,765.441,21909,1.0429,0,main,4.399,14,2,
selfish,80,0.01,5,4.0,0,6,0.0,False,24009,414,242,258,0.938,67,11,16,12,9.5,23,17.3333,6.0,6,7.6667,70.7447,848.936,68.0,0.0,1.167,114,0,0,0,0,763.33,21009,1.1428,0,main,6.567,11,2,3
selfish,80,0.01,6,4.0,0,6,0.0,False,25197,451,212,252,0.8413,60,18,16,15,11.1333,28,20.2667,6.0,6,10.4667,87.5765,1313.647,82.26,0.0,1.067,167,4,13,0,0,1209.678,20823,1.2101,0,main,11.241,12,2,2
selfish,80,0.01,7,4.0,0,6,0.0,False,24388,480,234,252,0.9286,70,10,16,13,9.3077,17,17.8462,6.0,6,9.0,72.131,937.704,36.0,0.0,1.077,121,2,2,0,0,1199.363,21997,1.1087,0,main,7.604,14,,2
selfish,80,0.01,8,4.0,0,6,0.0,False,24048,442,230,258,0.8915,68,12,16,16,9.375,20,18.0,6.0,6,8.0,63.6859,1018.974,63.74,0.0,1.188,150,5,7,0,0,712.284,20649,1.1646,0,main,8.854,13,,3
selfish,80,0.01,9,4.0,0,6,0.0,False,23928,526,236,252,0.9365,71,7,16,12,7.9167,27,15.1667,5.8611,6,7.75,60.1338,721.605,78.44,0.0,1.0,95,1,1,0,0,710.526,21711,1.1021,0,main,5.413,12,2,2
selfish,80,0.01,10,4.0,0,6,0.0,False,23857,393,233,264,0.8826,62,17,16,15,10.8667,32,19.4667,6.0,6,9.8667,130.4532,1956.798,106.0,0.0,1.0,163,5,5,0,0,1322.46,20781,1.148,0,main,14.306,11,1,4
selfish,80,0.01,11,4.0,0,6,0.0,False,23007,388,223,240,0.9292,67,10,16,13,8.3846,17,16.0769,6.0,6,8.3846,56.3849,733.004,14.81,0.0,1.0,109,2,10,0,0,1562.991,21181,1.0862,0,main,7.964,13,3,
selfish,80,0.01,12,4.0,0,6,0.0,False,24389,441,236,258,0.9147,68,9,16,13,13.0,43,21.3846,6.0,6,10.8462,85.431,1110.603,73.68,0.0,1.077,169,2,2,0,0,4279.178,20850,1.1697,0,main,10.007,10,3,3
greedy_pgp,80,0.01,1,4.0,0,6,0.0,False,22213,389,235,252,0.9325,63,12,16,11,11.7273,25,19.2727,6.0,6,11.4545,10.6967,117.663,124.56,2.0,1.0,24,1,3,0,0,2763.446,20479,1.0847,0,main,6.311,9,5,2
greedy_pgp,80,0.01,2,4.0,0,6,0.0,False,26978,520,231,264,0.875,58,17,16,12,8.0833,28,20.0,6.0,6,7.75,10.9283,131.139,166.57,1.75,1.083,24,0,0,0,0,2295.187,20381,1.3237,0,main,5.684,7,5,4
greedy_pgp,80,0.01,3,4.0,0,6,0.0,False,25827,569,231,246,0.939,70,5,16,14,10.1429,30,17.8571,6.0,6,9.5,11.2549,157.569,104.3,2.07,1.0,24,0,0,0,0,4227.309,21587,1.1964,0,main,6.486,10,5,1
greedy_pgp,80,0.01,4,4.0,0,6,0.0,False,22993,421,237,240,0.9875,75,3,16,14,6.4286,11,11.7143,6.0,6,6.1429,2.4086,33.72,48.88,1.86,1.0,6,1,1,0,0,716.47,21909,1.0495,0,main,4.048,14,2,
greedy_pgp,80,0.01,5,4.0,0,6,0.0,False,25663,529,235,258,0.9109,68,10,16,13,7.2308,27,15.9231,5.814,6,7.1538,16.4169,213.42,103.33,1.69,1.154,24,0,0,0,0,773.149,21009,1.2215,0,main,6.514,11,2,3
greedy_pgp,80,0.01,6,4.0,0,6,0.0,False,25386,450,214,252,0.8492,61,17,16,15,11.6667,31,21.2,6.0,6,11.2667,7.8348,117.522,125.26,2.07,1.133,12,4,13,0,0,1218.412,20823,1.2191,0,main,10.698,12,2,2
greedy_pgp,80,0.01,7,4.0,0,6,0.0,False,23830,462,239,252,0.9484,72,8,16,13,11.3846,24,19.5385,6.0,6,11.2308,14.4808,188.251,104.8,1.92,1.154,36,1,1,0,0,1142.668,21997,1.0833,0,main,7.264,14,,2
greedy_pgp,80,0.01,8,4.0,0,6,0.0,False,23994,408,223,258,0.8643,62,18,16,16,7.875,24,16.9375,6.0,6,7.8125,9.9268,158.829,98.26,1.81,1.062,36,5,10,0,0,721.081,20649,1.162,0,main,7.49,13,,3
greedy_pgp,80,0.01,9,4.0,0,6,0.0,False,23065,452,235,252,0.9325,71,7,16,12,9.0,28,16.8333,5.9231,6,8.9167,5.1629,61.955,109.81,1.75,1.167,12,0,0,0,0,661.562,21711,1.0624,0,main,4.995,12,2,2
greedy_pgp,80,0.01,10,4.0,0,6,0.0,False,24871,448,226,264,0.8561,61,18,16,15,9.5333,32,18.8667,6.0,6,9.1333,22.7297,340.945,135.1,1.87,1.067,24,4,5,0,0,1276.186,20781,1.1968,0,main,28.016,11,1,4
greedy_pgp,80,0.01,11,4.0,0,6,0.0,False,11591,145,37,240,0.1542,1,79,16,4,14.0,21,21.5,6.0,6,14.0,10.789,43.156,76.5,2.5,1.0,6,2,5,0,123,1549.689,21181,0.5472,0,main,5.306,13,3,
greedy_pgp,80,0.01,12,4.0,0,6,0.0,False,26739,574,240,258,0.9302,67,10,16,14,10.7857,47,20.3571,6.0,6,10.2143,15.1702,212.383,129.4,2.07,1.071,36,1,1,0,0,4299.903,20850,1.2824,0,main,9.57,10,3,3
adopt,80,0.01,1,4.0,0,6,0.0,False,22183,389,235,252,0.9325,63,12,16,10,12.6,25,20.7,6.0,6,12.4,8.619,86.19,290.82,12.4,1.0,0,1,3,0,0,2739.513,20479,1.0832,0,main,6.158,9,5,2
adopt,80,0.01,2,4.0,0,6,0.0,False,27153,520,233,264,0.8826,58,17,16,12,7.75,26,20.3333,6.0,6,7.4167,10.4584,125.501,338.9,12.92,1.083,0,0,0,0,0,2388.47,20381,1.3323,0,main,6.228,7,5,4
adopt,80,0.01,3,4.0,0,6,0.0,False,25812,569,231,246,0.939,70,5,16,14,10.2143,28,18.7143,6.0,6,9.5714,8.0383,112.536,277.05,11.07,1.0,0,0,0,0,0,4227.309,21587,1.1957,0,main,7.17,10,5,1
adopt,80,0.01,4,4.0,0,6,0.0,False,22993,421,237,240,0.9875,75,3,16,14,6.3571,11,11.7143,6.0,6,6.0714,3.3883,47.436,124.62,7.0,1.0,0,1,1,0,0,716.47,21909,1.0495,0,main,4.143,14,2,
adopt,80,0.01,5,4.0,0,6,0.0,False,25725,529,232,258,0.8992,67,11,16,13,7.0769,26,15.6154,5.9024,6,7.0769,7.1249,92.623,260.89,8.08,1.231,0,0,0,0,0,707.254,21009,1.2245,0,main,6.194,11,2,3
adopt,80,0.01,6,4.0,0,6,0.0,False,25059,450,216,252,0.8571,62,16,16,15,12.6,31,20.2,6.0,6,12.2,13.8423,207.634,475.47,22.8,1.133,0,4,13,0,0,1204.726,20823,1.2034,0,main,11.4,12,2,2
adopt,80,0.01,7,4.0,0,6,0.0,False,23574,462,241,252,0.9563,74,6,16,13,11.1538,24,19.5385,6.0,6,10.9231,8.5999,111.798,330.8,11.23,1.0,0,1,1,0,0,1163.852,21997,1.0717,0,main,6.957,14,,2
adopt,80,0.01,8,4.0,0,6,0.0,False,23696,406,220,258,0.8527,63,17,16,14,7.0714,19,17.2857,6.0,6,7.0714,8.2488,115.484,281.47,10.5,1.071,0,5,9,0,0,723.397,20649,1.1476,0,main,7.365,13,,3
adopt,80,0.01,9,4.0,0,6,0.0,False,23072,452,235,252,0.9325,71,7,16,12,8.75,29,16.0833,5.9189,6,8.75,5.0458,60.549,217.81,7.42,1.167,0,0,0,0,0,705.73,21711,1.0627,0,main,4.856,12,2,2
adopt,80,0.01,10,4.0,0,6,0.0,False,24851,445,225,264,0.8523,61,18,16,15,9.4667,32,19.0,6.0,6,9.1333,9.8054,147.082,327.3,10.27,1.0,0,4,4,0,0,1304.982,20781,1.1959,0,main,29.826,11,1,4
adopt,80,0.01,11,4.0,0,6,0.0,False,11591,145,37,240,0.1542,1,79,16,4,14.0,21,21.5,6.0,6,14.0,17.1363,68.545,365.0,13.5,1.0,6,2,5,0,123,1489.16,21181,0.5472,0,main,5.347,13,3,
adopt,80,0.01,12,4.0,0,6,0.0,False,26112,514,231,258,0.8953,64,13,16,13,11.0769,47,21.0769,6.0,6,10.5385,13.3268,173.249,406.79,11.69,1.077,0,1,1,0,0,4396.803,20850,1.2524,0,main,9.573,10,3,3
cbs,80,0.01,1,4.0,0,6,0.0,False,22374,397,232,252,0.9206,62,13,16,11,7.4545,21,20.3636,6.9231,10,7.4545,382.4124,4206.536,99.72,14.91,1.0,628,0,0,1,0,2686.571,20479,1.0925,0,main,14.601,9,5,2
cbs,80,0.01,2,4.0,0,6,0.0,False,26783,520,233,264,0.8826,59,16,16,12,6.75,24,20.9167,6.25,10,6.6667,139.5692,1674.83,133.62,5.75,1.083,321,0,0,0,0,2338.777,20381,1.3141,0,main,10.331,7,5,4
cbs,80,0.01,3,4.0,0,6,0.0,False,24723,456,225,246,0.9146,68,7,16,14,7.6429,17,19.2857,6.766,10,7.0,168.1957,2354.74,69.75,10.64,1.0,473,0,0,1,0,4111.15,21587,1.1453,0,main,16.866,10,5,1
cbs,80,0.01,4,4.0,0,6,0.0,False,22999,421,237,240,0.9875,75,3,16,14,4.7857,10,13.1429,6.5,10,4.6429,42.108,589.512,29.88,4.21,1.0,162,0,0,0,0,755.64,21909,1.0498,0,main,6.806,14,2,
cbs,80,0.01,5,4.0,0,6,0.0,False,25271,467,230,258,0.8915,64,14,16,12,4.1667,15,17.4167,6.4615,10,4.0833,168.593,2023.116,75.06,8.83,1.25,294,0,0,1,0,752.048,21009,1.2029,0,main,12.891,11,2,3
cbs,80,0.01,6,4.0,0,6,0.0,False,27931,492,196,252,0.7778,53,25,16,15,7.3333,27,23.0,7.0968,10,7.1333,392.957,5894.355,83.11,11.13,1.133,633,2,4,2,0,1435.191,20823,1.3414,0,main,30.221,12,2,2
cbs,80,0.01,7,4.0,0,6,0.0,False,24217,472,236,252,0.9365,71,9,16,13,8.4615,20,19.2308,6.4348,10,8.3077,227.7723,2961.04,62.73,8.54,1.077,451,0,0,0,0,1070.017,21997,1.1009,0,main,14.379,14,,2
cbs,80,0.01,8,4.0,0,6,0.0,False,24253,414,218,258,0.845,61,19,16,15,5.3333,16,20.0667,6.6667,10,5.3333,167.349,2510.235,74.28,9.6,1.067,447,0,0,0,0,676.572,20649,1.1745,0,main,14.295,13,,3
cbs,80,0.01,9,4.0,0,6,0.0,False,22893,452,236,252,0.9365,72,6,16,12,6.25,14,17.0833,6.5676,10,6.25,131.642,1579.704,78.44,9.42,1.167,334,0,0,0,0,718.475,21711,1.0544,0,main,11.785,12,2,2
cbs,80,0.01,10,4.0,0,6,0.0,False,23434,382,227,264,0.8598,62,17,16,13,7.0,24,23.3846,7.1852,10,6.6923,1026.6274,13346.156,105.67,11.85,1.0,532,0,0,2,0,1366.179,20781,1.1277,0,main,54.086,11,1,4
cbs,80,0.01,11,4.0,0,6,0.0,False,22950,385,222,240,0.925,67,10,16,13,6.6154,14,16.9231,6.8205,10,6.6154,138.4521,1799.877,14.75,11.08,1.0,410,1,3,1,0,1612.535,21181,1.0835,0,main,13.996,13,3,
cbs,80,0.01,12,4.0,0,6,0.0,False,25799,514,228,258,0.8837,65,12,16,13,7.6154,37,22.3846,6.4746,10,7.2308,461.0661,5993.859,73.79,10.92,1.077,696,0,0,1,0,4383.688,20850,1.2374,0,main,21.643,10,3,3
full_replan,80,0.01,1,4.0,0,6,0.0,False,23529,476,244,252,0.9683,70,5,16,15,41.2667,80,80.0,80.0,80,41.2667,8283.2325,124248.487,69.14,0.0,0.0,1200,9,0,0,0,2763.446,20479,1.1489,0,main,124.469,9,5,2
full_replan,80,0.01,2,4.0,0,6,0.0,False,22138,434,263,264,0.9962,74,1,16,16,39.75,80,80.0,80.0,80,39.75,200.3613,3205.781,89.36,0.0,0.0,1280,0,0,0,0,2295.187,20381,1.0862,0,main,3.472,7,5,4
full_replan,80,0.01,3,4.0,0,6,0.0,False,23262,411,246,246,1.0,74,1,16,15,49.0667,79,80.0,80.0,80,49.0667,1210.8115,18162.173,69.67,0.0,0.0,1200,2,0,0,0,4953.693,21587,1.0776,0,main,18.414,10,5,1
full_replan,80,0.01,4,4.0,0,6,0.0,False,22467,410,238,240,0.9917,77,1,16,14,40.0714,79,80.0,80.0,80,40.0714,395.0224,5530.313,29.56,0.0,0.0,1120,7,0,0,0,947.017,21909,1.0255,0,main,5.73,14,2,
full_replan,80,0.01,5,4.0,0,6,0.0,False,23730,417,245,258,0.9496,71,7,16,16,45.375,80,80.0,80.0,80,45.375,5139.9179,82238.686,80.29,0.0,0.0,1280,12,0,0,0,707.254,21009,1.1295,0,main,82.481,11,2,3
full_replan,80,0.01,6,4.0,0,6,0.0,False,22705,406,251,252,0.996,77,1,16,14,61.8571,80,80.0,80.0,80,61.8571,10959.0429,153426.601,62.67,0.0,0.0,1120,8,0,0,0,1204.726,20823,1.0904,0,main,153.684,12,2,2
full_replan,80,0.01,7,4.0,0,6,0.0,False,23060,440,250,252,0.9921,76,4,16,14,51.2857,80,80.0,80.0,80,51.2857,924.736,12946.305,51.81,0.0,0.0,1120,1,0,0,0,1280.257,21997,1.0483,0,main,13.195,14,,2
full_replan,80,0.01,8,4.0,0,6,0.0,False,22482,450,250,258,0.969,76,4,16,16,50.375,80,80.0,80.0,80,50.375,901.0314,14416.502,57.84,0.0,0.0,1280,13,0,0,0,794.373,20649,1.0888,0,main,14.714,13,,3
full_replan,80,0.01,9,4.0,0,6,0.0,False,22522,448,246,252,0.9762,77,1,16,15,41.8667,80,80.0,80.0,80,41.8667,276.5173,4147.759,65.05,0.0,0.0,1200,0,0,0,0,710.526,21711,1.0374,0,main,4.386,12,2,2
full_replan,80,0.01,10,4.0,0,6,0.0,False,23030,455,261,264,0.9886,77,2,16,15,48.1333,80,80.0,80.0,80,48.1333,4240.2277,63603.416,106.6,0.0,0.0,1200,13,0,0,0,1322.46,20781,1.1082,0,main,63.863,11,1,4
full_replan,80,0.01,11,4.0,0,6,0.0,False,22446,385,234,240,0.975,75,2,16,15,46.0667,80,80.0,80.0,80,46.0667,990.0945,14851.417,20.78,0.0,0.0,1200,13,0,0,0,1539.004,21181,1.0597,0,main,15.055,13,3,
full_replan,80,0.01,12,4.0,0,6,0.0,False,23156,444,257,258,0.9961,77,0,16,15,56.8,80,80.0,80.0,80,56.8,531.4339,7971.509,75.1,0.0,0.0,1200,1,0,0,0,4430.186,20850,1.1106,0,main,8.236,10,3,3
selfish,80,0.02,1,4.0,0,6,0.0,False,28411,512,230,270,0.8519,52,20,33,27,8.037,33,15.1481,5.9375,6,7.7407,93.3274,2519.839,82.65,0.0,1.037,217,7,9,0,0,2826.091,20479,1.3873,0,main,21.136,20,8,5
selfish,80,0.02,2,4.0,0,6,0.0,False,27974,520,246,276,0.8913,60,13,33,23,10.6522,29,19.4348,6.0,6,9.6522,92.0996,2118.292,122.81,0.0,1.0,245,0,0,0,0,2418.556,20381,1.3726,0,main,17.265,19,8,6
selfish,80,0.02,3,4.0,0,6,0.0,False,26097,488,234,252,0.9286,66,9,33,29,9.5517,23,17.7241,6.0,6,9.1379,90.3976,2621.532,57.39,0.0,1.034,277,2,2,0,0,4227.309,21587,1.2089,0,main,21.975,26,5,2
selfish,80,0.02,4,4.0,0,6,0.0,False,25477,435,233,252,0.9246,67,8,33,26,9.0,33,16.4615,6.0,6,8.0769,69.357,1803.281,78.94,0.0,1.038,234,4,5,0,0,716.47,21909,1.1629,0,main,18.176,26,5,2
selfish,80,0.02,5,4.0,0,6,0.0,False,25573,416,243,264,0.9205,63,12,33,28,9.0357,23,16.8571,6.0,6,8.1071,66.0154,1848.432,66.03,0.0,1.179,253,1,1,0,0,763.33,21009,1.2172,0,main,17.156,24,5,4
selfish,80,0.02,6,4.0,0,6,0.0,False,27185,448,206,258,0.7984,54,21,33,30,9.3667,32,17.1667,6.0,6,8.9333,106.6303,3198.91,73.55,0.0,1.067,281,7,17,0,0,1209.678,20823,1.3055,0,main,27.79,25,5,3
selfish,80,0.02,7,4.0,0,6,0.0,False,27195,540,237,258,0.9186,66,12,33,25,9.28,20,17.68,6.0,6,8.92,82.2171,2055.428,52.7,0.0,1.16,232,1,1,0,0,1068.246,21997,1.2363,0,main,17.672,28,2,3
selfish,80,0.02,8,4.0,0,6,0.0,False,30190,524,189,270,0.7,46,31,33,24,10.625,33,19.0,6.0,6,9.625,79.2094,1901.026,84.12,0.0,1.083,255,12,30,0,0,710.586,20649,1.4621,0,main,17.121,25,3,5
selfish,80,0.02,9,4.0,0,6,0.0,False,25292,463,234,258,0.907,65,10,33,24,7.3333,21,15.0833,6.0,6,7.0417,63.6305,1527.133,62.97,0.0,1.0,176,1,1,0,0,661.562,21711,1.1649,0,main,12.424,25,5,3
selfish,80,0.02,10,4.0,0,6,0.0,False,32373,511,183,276,0.663,40,35,33,30,8.1667,32,15.6333,5.9574,6,7.6,90.8426,2725.277,84.71,0.0,1.067,245,7,27,0,0,1276.186,20781,1.5578,0,main,23.467,22,5,6
selfish,80,0.02,11,4.0,0,6,0.0,False,25226,405,216,264,0.8182,55,22,33,27,8.3333,32,15.8519,6.0,6,8.037,66.0,1782.001,38.68,0.0,1.0,225,5,13,0,0,1562.991,21181,1.191,0,main,17.311,26,3,4
selfish,80,0.02,12,4.0,0,6,0.0,False,29538,582,239,270,0.8852,60,15,33,26,10.7692,42,19.5385,6.0,6,9.4231,166.1105,4318.873,69.06,0.0,1.038,280,5,6,0,0,4279.178,20850,1.4167,0,main,30.512,23,5,5
greedy_pgp,80,0.02,1,4.0,0,6,0.0,False,23584,300,48,264,0.1818,5,67,33,10,7.4,47,11.1,5.6818,6,7.3,72.686,726.86,229.59,1.5,1.4,30,4,8,0,98,2686.571,20479,1.1516,0,main,8.501,20,8,5
greedy_pgp,80,0.02,2,4.0,0,6,0.0,False,28201,534,232,276,0.8406,58,15,33,23,9.2609,29,18.5652,6.0,6,8.913,17.7985,409.367,160.67,1.74,1.0,48,0,0,0,0,2338.777,20381,1.3837,0,main,13.803,19,8,6
greedy_pgp,80,0.02,3,4.0,0,6,0.0,False,25180,510,243,252,0.9643,71,4,33,29,10.8621,30,18.069,6.0,6,10.5172,14.3303,415.579,97.94,2.28,1.034,48,0,0,0,0,4809.124,21587,1.1664,0,main,17.988,26,5,2
greedy_pgp,80,0.02,4,4.0,0,6,0.0,False,26151,480,240,252,0.9524,68,7,33,26,9.5,35,17.1154,6.0,6,9.2692,17.0012,442.031,109.97,2.0,1.0,60,2,2,0,0,901.16,21909,1.1936,0,main,18.26,26,5,2
greedy_pgp,80,0.02,5,4.0,0,6,0.0,False,26710,477,234,264,0.8864,61,14,33,29,8.069,26,15.8276,5.9785,6,8.0345,9.5333,276.467,97.82,1.93,1.172,30,0,0,0,0,846.351,21009,1.2714,0,main,13.533,24,5,4
greedy_pgp,80,0.02,6,4.0,0,6,0.0,False,27880,354,121,258,0.469,4,71,33,17,15.0,46,22.4118,5.8659,6,14.6471,61.0304,1037.516,149.28,2.18,1.059,78,5,16,0,89,1418.467,20823,1.3389,0,main,26.688,25,5,3
greedy_pgp,80,0.02,7,4.0,0,6,0.0,False,26689,532,239,258,0.9264,67,11,33,25,10.8,29,17.96,6.0,6,10.68,14.3552,358.879,109.43,2.04,1.12,54,2,2,0,0,1070.017,21997,1.2133,0,main,15.143,28,2,3
greedy_pgp,80,0.02,8,4.0,0,6,0.0,False,27102,460,210,270,0.7778,53,24,33,27,10.0,35,18.0741,6.0,6,9.8889,8.9047,240.426,125.34,2.04,1.037,42,9,25,0,0,676.572,20649,1.3125,0,main,16.254,25,3,5
greedy_pgp,80,0.02,9,4.0,0,6,0.0,False,25891,487,239,258,0.9264,66,9,33,25,8.04,24,14.72,5.9859,6,8.0,9.6211,240.528,94.21,1.64,1.08,42,2,2,0,0,718.475,21711,1.1925,0,main,10.636,25,5,3
greedy_pgp,80,0.02,10,4.0,0,6,0.0,False,32595,483,159,276,0.5761,30,45,33,27,8.7778,38,15.3704,6.0,6,8.5185,7.1473,192.978,102.32,1.89,1.222,24,9,39,0,0,1366.179,20781,1.5685,0,main,13.741,22,5,6
greedy_pgp,80,0.02,11,4.0,0,6,0.0,False,24080,301,43,264,0.1629,1,76,33,10,7.9,23,13.0,5.4643,6,7.9,9.3157,93.157,168.65,1.8,1.1,12,4,6,0,129,1612.535,21181,1.1369,0,main,11.627,26,3,4
greedy_pgp,80,0.02,12,4.0,0,6,0.0,False,28883,513,235,270,0.8704,56,19,33,26,11.7308,49,21.0385,6.0,6,11.5385,14.2626,370.828,121.89,2.08,1.077,60,6,8,0,0,4383.688,20850,1.3853,0,main,25.032,23,5,5
adopt,80,0.02,1,4.0,0,6,0.0,False,23884,304,41,270,0.1519,5,67,33,8,7.375,46,10.875,5.2105,6,7.375,9.4199,75.359,308.67,8.38,1.125,6,2,5,0,99,3245.761,20479,1.1663,0,main,7.84,20,8,5
adopt,80,0.02,2,4.0,0,6,0.0,False,28728,548,246,276,0.8913,60,13,33,23,9.0,26,18.6957,6.0,6,8.6957,9.9788,229.513,332.17,10.7,1.043,0,0,0,0,0,2756.612,20381,1.4095,0,main,15.089,19,8,6
adopt,80,0.02,3,4.0,0,6,0.0,False,26083,522,239,252,0.9484,68,7,33,30,10.5667,28,18.2667,6.0,6,10.0,9.3676,281.027,299.32,9.63,1.0,0,0,0,0,0,4953.693,21587,1.2083,0,main,19.393,26,5,2
adopt,80,0.02,4,4.0,0,6,0.0,False,25684,483,242,252,0.9603,71,4,33,28,9.1429,36,16.8929,6.0,6,9.0,8.5517,239.448,292.51,11.71,1.036,0,1,1,0,0,947.017,21909,1.1723,0,main,18.073,26,5,2
adopt,80,0.02,5,4.0,0,6,0.0,False,26369,431,227,264,0.8598,57,18,33,27,8.2222,23,16.1481,5.9659,6,8.1852,8.3525,225.516,280.47,9.78,1.222,0,2,2,0,0,767.888,21009,1.2551,0,main,12.704,24,5,4
adopt,80,0.02,6,4.0,0,6,0.0,False,27906,462,216,258,0.8372,57,18,33,30,11.5,46,18.0667,6.0,6,11.2667,14.581,437.429,480.63,20.17,1.1,0,6,18,0,0,1226.165,20823,1.3402,0,main,31.093,25,5,3
adopt,80,0.02,7,4.0,0,6,0.0,False,27191,540,236,258,0.9147,65,13,33,26,10.3077,29,17.5385,5.9773,6,10.1538,8.9243,232.031,272.65,10.12,1.154,0,2,2,0,0,1130.174,21997,1.2361,0,main,15.17,28,2,3
adopt,80,0.02,8,4.0,0,6,0.0,False,28297,474,198,270,0.7333,47,30,33,27,9.5185,35,18.2963,6.0,6,9.4074,10.8167,292.052,350.74,12.67,1.074,0,12,29,0,0,651.112,20649,1.3704,0,main,17.037,25,3,5
adopt,80,0.02,9,4.0,0,6,0.0,False,26509,522,240,258,0.9302,66,9,33,27,7.7407,24,14.2593,5.9324,6,7.7037,7.2851,196.698,252.46,11.0,1.296,0,2,2,0,0,718.475,21711,1.221,0,main,10.833,25,5,3
adopt,80,0.02,10,4.0,0,6,0.0,False,32833,493,157,276,0.5688,30,45,33,28,8.5357,38,15.5357,5.9767,6,8.2857,7.0901,198.522,235.82,10.43,1.214,0,9,39,0,0,1366.179,20781,1.58,0,main,13.919,22,5,6
adopt,80,0.02,11,4.0,0,6,0.0,False,24080,301,43,264,0.1629,1,76,33,10,7.9,23,13.0,5.4643,6,7.9,9.9574,99.574,283.82,8.3,1.1,6,4,6,0,129,1796.203,21181,1.1369,0,main,11.504,26,3,4
adopt,80,0.02,12,4.0,0,6,0.0,False,29046,514,231,270,0.8556,56,19,33,25,11.84,48,21.36,6.0,6,11.64,12.0196,300.491,359.63,11.24,1.04,0,5,8,0,0,5044.394,20850,1.3931,0,main,24.347,23,5,5
cbs,80,0.02,1,4.0,0,6,0.0,False,26631,441,220,270,0.8148,48,24,33,27,6.6667,30,18.8889,6.8085,10,6.6296,375.8623,10148.283,83.58,10.74,1.148,1169,0,0,2,0,2686.571,20479,1.3004,0,main,52.858,20,8,5
cbs,80,0.02,2,4.0,0,6,0.0,False,29601,568,239,276,0.8659,56,17,33,24,6.75,23,19.0,6.5647,10,6.625,186.6554,4479.728,130.03,9.46,1.083,836,0,0,3,0,2338.777,20381,1.4524,0,main,26.459,19,8,6
cbs,80,0.02,3,4.0,0,6,0.0,False,26162,527,241,252,0.9563,68,7,33,30,7.3667,17,19.4333,6.6857,10,7.1333,237.7399,7132.196,44.97,12.0,1.0,1190,0,0,1,0,4082.727,21587,1.2119,0,main,43.844,26,5,2
cbs,80,0.02,4,4.0,0,6,0.0,False,26380,490,233,252,0.9246,66,9,33,27,6.7037,33,17.1852,6.3636,10,6.5185,180.6133,4876.559,76.88,8.93,1.0,794,0,0,0,0,802.105,21909,1.2041,0,main,28.904,26,5,2
cbs,80,0.02,5,4.0,0,6,0.0,False,27162,469,236,264,0.8939,59,16,33,30,6.1333,19,16.3,6.234,10,6.0667,155.3702,4661.106,63.05,7.93,1.267,810,0,0,0,0,846.351,21009,1.2929,0,main,24.988,24,5,4
cbs,80,0.02,6,4.0,0,6,0.0,False,27341,450,213,258,0.8256,57,18,33,26,7.3077,28,22.5769,7.2844,10,6.9615,772.647,20088.822,65.88,13.46,1.154,1491,2,5,4,0,1418.467,20823,1.313,0,main,105.543,25,5,3
cbs,80,0.02,7,4.0,0,6,0.0,False,26821,538,236,258,0.9147,67,11,33,23,8.2609,20,21.087,6.7191,10,8.2174,234.1638,5385.768,46.11,9.61,1.043,842,0,0,1,0,1068.246,21997,1.2193,0,main,33.04,28,2,3
cbs,80,0.02,8,4.0,0,6,0.0,False,30475,559,190,270,0.7037,47,30,33,29,5.6207,23,19.0,6.8713,10,5.5172,191.0716,5541.077,72.16,8.79,1.207,809,2,4,1,0,710.586,20649,1.4759,0,main,32.961,25,3,5
cbs,80,0.02,9,4.0,0,6,0.0,False,25888,484,235,258,0.9109,65,10,33,26,7.0,22,16.7308,6.358,10,6.9615,133.9997,3483.993,56.71,4.96,1.192,562,1,1,0,0,735.538,21711,1.1924,0,main,20.496,25,5,3
cbs,80,0.02,10,4.0,0,6,0.0,False,36779,566,152,276,0.5507,30,45,33,27,5.5556,26,17.4074,7.1628,10,5.4074,158.3369,4275.096,64.29,9.19,1.259,806,2,3,1,0,1297.219,20781,1.7698,0,main,30.577,22,5,6
cbs,80,0.02,11,4.0,0,6,0.0,False,25699,431,225,264,0.8523,59,18,33,28,6.9643,29,17.5714,6.4651,10,6.8929,176.536,4943.007,41.69,7.96,1.214,913,0,0,2,0,1549.689,21181,1.2133,0,main,25.109,26,3,4
cbs,80,0.02,12,4.0,0,6,0.0,False,30388,593,232,270,0.8593,58,17,33,24,7.25,37,22.125,6.7921,10,7.2083,262.9072,6309.772,68.26,14.25,1.125,1099,1,1,2,0,4299.903,20850,1.4575,0,main,38.518,23,5,5
full_replan,80,0.02,1,4.0,0,6,0.0,False,25842,478,254,270,0.9407,63,9,33,30,47.0333,80,80.0,80.0,80,47.0333,9881.0349,296431.048,74.12,0.0,0.0,2400,23,0,0,0,2718.207,20479,1.2619,0,main,296.87,20,8,5
full_replan,80,0.02,2,4.0,0,6,0.0,False,24663,485,274,276,0.9928,71,2,33,30,39.1333,79,80.0,80.0,80,39.1333,1491.4647,44743.941,85.77,0.0,0.0,2400,6,0,0,0,2417.563,20381,1.2101,0,main,45.159,19,8,6
full_replan,80,0.02,3,4.0,0,6,0.0,False,23814,419,252,252,1.0,74,1,33,31,47.6452,79,80.0,80.0,80,47.6452,1349.5482,41835.994,51.47,0.0,0.0,2480,4,0,0,0,4111.15,21587,1.1032,0,main,42.352,26,5,2
full_replan,80,0.02,4,4.0,0,6,0.0,False,24752,418,246,252,0.9762,73,2,33,30,47.9667,79,80.0,80.0,80,47.9667,1624.8276,48744.827,55.08,0.0,0.0,2400,29,0,0,0,755.64,21909,1.1298,0,main,49.202,26,5,2
full_replan,80,0.02,5,4.0,0,6,0.0,False,24198,425,263,264,0.9962,75,0,33,31,44.4839,79,80.0,80.0,80,44.4839,2134.6177,66173.148,57.58,0.0,0.0,2480,1,0,0,0,699.711,21009,1.1518,0,main,66.59,24,5,4
full_replan,80,0.02,6,4.0,0,6,0.0,False,29316,504,213,258,0.8256,52,23,33,30,51.1333,80,80.0,80.0,80,51.1333,7031.4432,210943.295,60.97,0.0,0.0,2400,27,0,0,0,1186.0,20823,1.4079,0,main,211.435,25,5,3
full_replan,80,0.02,7,4.0,0,6,0.0,False,24422,524,255,258,0.9884,77,1,33,31,44.1935,80,80.0,80.0,80,44.1935,886.9741,27496.197,63.22,0.0,0.0,2480,18,0,0,0,1070.017,21997,1.1102,0,main,28.043,28,2,3
full_replan,80,0.02,8,4.0,0,6,0.0,False,27446,544,221,270,0.8185,60,17,33,30,36.5333,80,80.0,80.0,80,36.5333,1580.6602,47419.805,75.71,0.0,0.0,2400,30,0,0,0,676.572,20649,1.3292,0,main,47.889,25,3,5
full_replan,80,0.02,9,4.0,0,6,0.0,False,24413,452,253,258,0.9806,74,1,33,30,38.3,80,80.0,80.0,80,38.3,490.5311,14715.934,44.76,0.0,0.0,2400,2,0,0,0,735.538,21711,1.1245,0,main,15.175,25,5,3
full_replan,80,0.02,10,4.0,0,6,0.0,False,30052,506,203,276,0.7355,52,23,33,33,32.0,80,80.0,80.0,80,32.0,6881.6578,227094.708,79.64,0.0,0.0,2640,33,0,0,0,1297.219,20781,1.4461,0,main,227.61,22,5,6
full_replan,80,0.02,11,4.0,0,6,0.0,False,23906,427,250,264,0.947,72,5,33,32,46.4062,80,80.0,80.0,80,46.4062,3778.2076,120902.642,50.21,0.0,0.0,2560,32,0,0,0,1612.535,21181,1.1287,0,main,121.344,26,3,4
full_replan,80,0.02,12,4.0,0,6,0.0,False,25154,442,265,270,0.9815,72,3,33,30,57.6,80,80.0,80.0,80,57.6,9909.2696,297278.088,78.08,0.0,0.0,2400,30,0,0,0,4383.688,20850,1.2064,0,main,297.777,23,5,5
selfish,80,0.03,1,4.0,0,6,0.0,False,29845,496,235,288,0.816,46,24,50,42,8.6905,33,16.8095,6.0,6,8.2381,99.5852,4182.577,95.28,0.0,1.071,365,8,11,0,0,3245.761,20479,1.4573,0,main,37.222,31,11,8
selfish,80,0.03,2,4.0,0,6,0.0,False,33395,557,217,300,0.7233,41,28,50,39,9.3846,29,17.7179,6.0,6,8.2051,102.2081,3986.116,103.08,0.0,1.179,366,10,17,0,2,2756.612,20381,1.6385,0,main,34.415,28,12,10
selfish,80,0.03,3,4.0,0,6,0.0,False,27842,463,226,270,0.837,54,20,50,42,9.5476,31,17.9524,6.0,6,9.119,113.23,4755.659,59.83,0.0,1.048,401,10,16,0,0,5139.399,21587,1.2898,0,main,37.358,39,6,5
selfish,80,0.03,4,4.0,0,6,0.0,False,27522,437,232,258,0.8992,56,14,50,38,8.6053,32,16.4737,5.959,6,8.0,79.8564,3034.542,75.78,0.0,1.053,327,7,9,0,0,934.727,21909,1.2562,0,main,29.993,37,10,3
selfish,80,0.03,5,4.0,0,6,0.0,False,30437,563,254,276,0.9203,60,13,50,43,9.2093,23,16.2791,6.0,6,8.3023,76.7235,3299.112,56.5,0.0,1.07,396,3,3,0,0,773.149,21009,1.4488,0,main,31.71,37,7,6
selfish,80,0.03,6,4.0,0,6,0.0,False,33755,582,211,282,0.7482,49,25,50,43,9.0233,32,16.6977,5.965,6,8.3023,98.0657,4216.824,81.79,0.0,1.023,388,17,27,0,0,1218.412,20823,1.621,0,main,37.165,37,6,7
selfish,80,0.03,7,4.0,0,6,0.0,False,28855,467,212,258,0.8217,51,23,50,35,8.9714,23,17.3429,6.0,6,8.8286,73.39,2568.649,56.55,0.0,1.086,314,10,17,0,0,1070.017,21997,1.3118,0,main,23.935,41,6,3
selfish,80,0.03,8,4.0,0,6,0.0,False,33380,574,199,288,0.691,44,31,50,40,10.45,29,18.4,6.0,6,9.4,93.6717,3746.866,81.08,0.0,1.075,418,15,33,0,0,676.572,20649,1.6165,0,main,32.549,37,5,8
selfish,80,0.03,9,4.0,0,6,0.0,False,29522,634,239,270,0.8852,64,11,50,42,7.9762,27,15.1429,5.992,6,7.4762,72.093,3027.906,56.85,0.0,1.167,335,3,4,0,0,710.526,21711,1.3598,0,main,27.406,40,5,5
selfish,80,0.03,10,4.0,0,6,0.0,False,37713,608,184,294,0.6259,37,36,50,42,7.4524,32,14.619,5.9833,6,7.0238,80.2986,3372.54,90.05,0.0,1.19,313,6,27,0,0,1322.46,20781,1.8148,0,main,30.646,34,7,9
selfish,80,0.03,11,4.0,0,6,0.0,False,35530,624,236,294,0.8027,47,30,50,42,8.881,32,17.0476,6.0,6,7.9762,86.8199,3646.437,64.39,0.0,1.048,373,11,27,0,0,1505.534,21181,1.6774,0,main,28.261,38,3,9
selfish,80,0.03,12,4.0,0,6,0.0,False,32000,600,254,288,0.8819,57,16,50,40,11.15,42,19.275,6.0,6,10.3,117.327,4693.082,72.24,0.0,1.0,446,5,6,0,0,4356.83,20850,1.5348,0,main,43.972,35,7,8
greedy_pgp,80,0.03,1,4.0,0,6,0.0,False,31528,399,45,288,0.1562,2,68,50,16,5.375,47,8.875,5.4138,6,5.3125,62.9318,1006.91,227.06,1.56,1.5,33,9,15,0,98,3440.744,20479,1.5395,0,main,15.082,31,11,8
greedy_pgp,80,0.03,2,4.0,0,6,0.0,False,35283,601,228,300,0.76,42,27,50,37,8.7027,35,17.1622,5.9612,6,8.6216,27.7565,1026.992,139.93,1.84,1.054,84,10,18,0,0,2772.746,20381,1.7312,0,main,33.658,28,12,10
greedy_pgp,80,0.03,3,4.0,0,6,0.0,False,27251,376,210,270,0.7778,22,52,50,37,11.7568,35,18.8649,5.9926,6,11.5405,26.2149,969.952,130.38,2.03,1.108,114,3,4,0,60,4082.727,21587,1.2624,0,main,32.12,39,6,5
greedy_pgp,80,0.03,4,4.0,0,6,0.0,False,27748,437,225,258,0.8721,54,16,50,34,10.4118,35,18.1765,6.0,6,10.3235,16.696,567.663,111.7,1.97,1.0,72,9,11,0,0,802.105,21909,1.2665,0,main,27.548,37,10,3
greedy_pgp,80,0.03,5,4.0,0,6,0.0,False,31823,577,241,276,0.8732,58,15,50,46,8.6087,25,16.1522,6.0,6,8.3913,17.8945,823.145,100.07,2.09,1.065,114,5,5,0,2,773.149,21009,1.5147,0,main,30.359,37,7,6
greedy_pgp,80,0.03,6,4.0,0,6,0.0,False,32567,573,223,282,0.7908,53,21,50,43,10.0233,46,17.0,6.0,6,9.814,43.9634,1890.428,130.18,2.12,1.047,144,10,21,0,0,1218.412,20823,1.564,0,main,45.057,37,6,7
greedy_pgp,80,0.03,7,4.0,0,6,0.0,False,33438,606,209,258,0.8101,48,26,50,35,10.9143,27,17.6,6.0,6,10.8857,15.7626,551.692,94.48,2.09,1.143,78,14,23,0,0,1297.429,21997,1.5201,0,main,21.687,41,6,3
greedy_pgp,80,0.03,8,4.0,0,6,0.0,False,33055,564,203,288,0.7049,43,32,50,41,10.4878,35,18.8293,6.0,6,10.2683,13.9868,573.46,133.96,1.95,1.122,66,15,35,0,0,842.703,20649,1.6008,0,main,30.726,37,5,8
greedy_pgp,80,0.03,9,4.0,0,6,0.0,False,27538,498,231,270,0.8556,62,13,50,40,8.875,32,15.725,5.9919,6,8.825,14.1373,565.493,102.1,1.82,1.125,78,4,6,0,0,784.835,21711,1.2684,0,main,24.484,40,5,5
greedy_pgp,80,0.03,10,4.0,0,6,0.0,False,36779,473,96,293,0.3276,5,68,50,28,5.3214,38,10.5357,5.4918,6,5.1071,8.183,229.123,143.82,1.54,1.5,24,6,26,0,76,1348.73,20781,1.7698,0,main,17.466,34,7,9
greedy_pgp,80,0.03,11,4.0,0,6,0.0,False,30084,377,45,294,0.1531,1,76,50,14,5.9286,23,9.9286,5.0625,6,5.9286,6.5572,91.8,200.46,1.57,1.071,12,5,7,0,129,1790.276,21181,1.4203,0,main,12.158,38,3,9
greedy_pgp,80,0.03,12,4.0,0,6,0.0,False,31165,517,236,288,0.8194,49,24,50,40,11.575,49,19.825,6.0,6,11.475,22.9051,916.204,120.18,2.02,1.0,108,4,5,0,0,5052.849,20850,1.4947,0,main,37.018,35,7,8
adopt,80,0.03,1,4.0,0,6,0.0,False,24118,304,38,288,0.1319,3,67,50,13,5.3077,46,9.0,5.375,6,5.3077,10.7233,139.403,352.23,15.46,1.077,6,5,11,0,99,3440.744,20479,1.1777,0,main,14.327,31,11,8
adopt,80,0.03,2,4.0,0,6,0.0,False,35224,596,224,300,0.7467,42,27,50,38,8.5789,36,17.5263,6.0,6,8.3947,12.1822,462.922,367.03,14.87,1.026,0,7,16,0,0,2772.746,20381,1.7283,0,main,31.189,28,12,10
adopt,80,0.03,3,4.0,0,6,0.0,False,28167,489,238,270,0.8815,58,16,50,43,11.3953,37,18.2558,5.9677,6,11.0233,11.3988,490.149,373.13,13.05,1.0,0,3,3,0,0,4082.727,21587,1.3048,0,main,37.088,39,6,5
adopt,80,0.03,4,4.0,0,6,0.0,False,28921,483,230,258,0.8915,57,13,50,39,9.8718,36,17.359,5.963,6,9.8205,10.4642,408.104,306.1,12.33,1.026,0,8,8,0,0,802.105,21909,1.3201,0,main,35.192,37,10,3
adopt,80,0.03,5,4.0,0,6,0.0,False,32050,596,240,276,0.8696,58,15,50,45,8.0667,24,15.8,6.0,6,7.9333,14.2844,642.8,437.0,19.67,1.111,0,3,3,0,0,938.764,21009,1.5255,0,main,29.433,37,7,6
adopt,80,0.03,6,4.0,0,6,0.0,False,31784,435,173,282,0.6135,21,53,50,38,11.0,46,18.4737,5.9932,6,10.8421,16.1241,612.717,477.33,17.34,1.211,12,8,20,0,40,1468.469,20823,1.5264,0,main,45.328,37,6,7
adopt,80,0.03,7,4.0,0,6,0.0,False,27938,449,217,258,0.8411,53,21,50,35,10.7714,31,16.9429,5.9661,6,10.6857,9.484,331.942,282.93,11.86,1.086,0,9,17,0,0,1142.668,21997,1.2701,0,main,22.684,41,6,3
adopt,80,0.03,8,4.0,0,6,0.0,False,32071,549,203,288,0.7049,46,29,50,41,10.4146,36,18.8537,6.0,6,10.1463,12.7326,522.038,369.04,13.63,1.073,0,13,28,0,0,721.081,20649,1.5532,0,main,32.053,37,5,8
adopt,80,0.03,9,4.0,0,6,0.0,False,28682,530,231,270,0.8556,61,14,50,41,8.9268,32,15.9024,5.8915,6,8.878,7.7564,318.011,247.43,8.8,1.122,0,4,6,0,0,784.835,21711,1.3211,0,main,25.259,40,5,5
adopt,80,0.03,10,4.0,0,6,0.0,False,36779,473,96,293,0.3276,5,68,50,28,5.2857,38,10.5357,5.4918,6,5.0714,5.4059,151.364,219.8,6.71,1.5,0,6,26,0,76,1348.73,20781,1.7698,0,main,17.703,34,7,9
adopt,80,0.03,11,4.0,0,6,0.0,False,30084,377,45,294,0.1531,1,76,50,14,5.9286,23,9.9286,5.0625,6,5.9286,7.6467,107.053,277.23,6.29,1.071,6,5,7,0,129,1539.004,21181,1.4203,0,main,12.886,38,3,9
adopt,80,0.03,12,4.0,0,6,0.0,False,27280,341,127,284,0.4472,1,72,50,22,11.0455,48,19.2727,5.8901,6,10.8636,14.7451,324.393,370.76,12.32,1.091,6,6,9,0,106,4430.186,20850,1.3084,0,main,26.813,35,7,8
cbs,80,0.03,1,4.0,0,6,0.0,False,31329,493,214,288,0.7431,35,35,50,42,5.5238,30,17.6905,6.9044,10,5.5,285.4319,11988.142,83.53,10.98,1.048,1544,1,1,3,0,3403.318,20479,1.5298,0,main,75.908,31,11,8
cbs,80,0.03,2,4.0,0,6,0.0,False,32491,549,216,300,0.72,44,25,50,37,4.973,21,20.027,6.9225,10,4.8378,297.7172,11015.536,113.64,8.03,1.135,1016,1,1,2,0,2737.006,20381,1.5942,0,main,92.237,28,12,10
cbs,80,0.03,3,4.0,0,6,0.0,False,28012,493,232,270,0.8593,60,14,50,43,7.3953,30,20.2558,6.9737,10,7.1628,406.0991,17462.259,72.93,10.74,1.047,1699,0,0,4,0,4130.01,21587,1.2976,0,main,99.029,39,6,5
cbs,80,0.03,4,4.0,0,6,0.0,False,28194,489,231,258,0.8953,60,10,50,38,6.7105,22,18.5526,6.6299,10,6.6842,179.7456,6830.334,72.92,9.92,1.026,1190,0,0,0,0,759.01,21909,1.2869,0,main,47.6,37,10,3
cbs,80,0.03,5,4.0,0,6,0.0,False,34488,625,235,276,0.8514,52,21,50,41,5.9512,19,19.0976,6.75,10,5.8293,209.3787,8584.526,68.06,10.34,1.098,1391,0,0,2,0,946.071,21009,1.6416,0,main,58.268,37,7,6
cbs,80,0.03,6,4.0,0,6,0.0,False,30671,410,157,282,0.5567,17,57,50,34,6.0588,28,19.9412,7.0229,10,5.8824,608.4057,20685.794,91.96,13.09,1.235,1540,3,8,6,63,1435.955,20823,1.4729,0,main,137.041,37,6,7
cbs,80,0.03,7,4.0,0,6,0.0,False,28614,453,210,258,0.814,48,26,50,36,6.5833,17,17.4444,6.8288,10,6.5278,186.5967,6717.483,54.47,7.86,1.194,977,1,3,1,0,1142.668,21997,1.3008,0,main,42.815,41,6,3
cbs,80,0.03,8,4.0,0,6,0.0,False,27557,424,197,288,0.684,43,32,50,42,6.4762,24,19.6667,6.88,10,6.2857,245.4617,10309.391,84.16,10.83,1.119,1630,3,3,3,0,721.081,20649,1.3345,0,main,53.069,37,5,8
cbs,80,0.03,9,4.0,0,6,0.0,False,31083,669,231,270,0.8556,62,13,50,42,6.619,28,16.7143,6.4961,10,6.5714,232.9092,9782.188,66.46,8.43,1.095,1245,0,0,2,0,951.902,21711,1.4317,0,main,45.667,40,5,5
cbs,80,0.03,10,4.0,0,6,0.0,False,36765,593,179,294,0.6088,38,35,50,44,5.2955,26,15.7727,6.6822,10,5.1818,205.0319,9021.402,84.0,7.34,1.136,1105,2,3,1,0,1526.539,20781,1.7692,0,main,81.087,34,7,9
cbs,80,0.03,11,4.0,0,6,0.0,False,32161,568,240,294,0.8163,54,23,50,45,6.4222,29,19.0667,6.4183,10,6.3556,164.1246,7385.605,68.67,9.62,1.044,1496,2,3,4,0,1627.696,21181,1.5184,0,main,43.924,38,3,9
cbs,80,0.03,12,4.0,0,6,0.0,False,31302,559,239,288,0.8299,54,19,50,40,6.875,37,20.075,6.64,10,6.675,235.3667,9414.67,71.89,8.3,1.075,1354,0,0,3,0,4468.87,20850,1.5013,0,main,56.632,35,7,8
full_replan,80,0.03,1,4.0,0,6,0.0,False,32623,578,249,288,0.8646,51,19,50,46,53.4565,80,80.0,80.0,80,53.4565,27826.3403,1280011.654,91.25,0.0,0.0,3680,45,0,0,0,2749.707,20479,1.593,0,main,1280.76,31,11,8
full_replan,80,0.03,2,4.0,0,6,0.0,False,27667,499,267,300,0.89,59,10,50,46,40.8478,80,80.0,80.0,80,40.8478,2512.1993,115561.167,93.13,0.0,0.0,3680,44,0,0,0,2311.565,20381,1.3575,0,main,116.283,28,12,10
full_replan,80,0.03,3,4.0,0,6,0.0,False,26839,554,263,270,0.9741,73,1,50,46,48.7609,79,80.0,80.0,80,48.7609,2565.6571,118020.227,49.32,0.0,0.0,3680,40,0,0,0,4188.964,21587,1.2433,0,main,118.783,39,6,5
full_replan,80,0.03,4,4.0,0,6,0.0,False,28970,491,246,258,0.9535,64,6,50,47,47.7447,80,80.0,80.0,80,47.7447,6652.7287,312678.247,48.68,0.0,0.0,3760,42,0,0,0,801.664,21909,1.3223,0,main,313.366,37,10,3
full_replan,80,0.03,5,4.0,0,6,0.0,False,26132,432,269,276,0.9746,71,2,50,47,43.617,79,80.0,80.0,80,43.617,1817.5782,85426.174,55.9,0.0,0.0,3760,39,0,0,0,763.33,21009,1.2438,0,main,86.057,37,7,6
full_replan,80,0.03,6,4.0,0,6,0.0,False,30997,534,233,282,0.8262,49,25,50,47,44.6383,80,80.0,80.0,80,44.6383,8933.8562,419891.241,64.85,0.0,0.0,3760,44,0,0,0,1209.678,20823,1.4886,0,main,420.7,37,6,7
full_replan,80,0.03,7,4.0,0,6,0.0,False,27269,446,221,258,0.8566,57,17,50,48,35.2708,80,80.0,80.0,80,35.2708,1676.051,80450.448,41.86,0.0,0.0,3840,42,0,0,0,1142.668,21997,1.2397,0,main,81.321,41,6,3
full_replan,80,0.03,8,4.0,0,6,0.0,False,28807,478,224,288,0.7778,54,21,50,48,39.7292,80,80.0,80.0,80,39.7292,1584.7087,76066.018,77.62,0.0,0.0,3840,47,0,0,0,721.081,20649,1.3951,0,main,76.812,37,5,8
full_replan,80,0.03,9,4.0,0,6,0.0,False,25997,531,260,270,0.963,73,2,50,44,40.2955,80,80.0,80.0,80,40.2955,1407.2296,61918.104,60.44,0.0,0.0,3520,34,0,0,0,710.516,21711,1.1974,0,main,62.594,40,5,5
full_replan,80,0.03,10,4.0,0,6,0.0,False,33187,571,214,294,0.7279,50,23,50,49,31.9592,80,80.0,80.0,80,31.9592,5991.6804,293592.341,77.09,0.0,0.0,3920,49,0,0,0,1286.96,20781,1.597,0,main,294.365,34,7,9
full_replan,80,0.03,11,4.0,0,6,0.0,False,27523,573,276,294,0.9388,69,8,50,45,49.0444,80,80.0,80.0,80,49.0444,4301.7011,193576.551,86.88,0.0,0.0,3600,45,0,0,0,1627.696,21181,1.2994,0,main,194.358,38,3,9
full_replan,80,0.03,12,4.0,0,6,0.0,False,31443,633,279,288,0.9688,69,4,50,48,58.8125,80,80.0,80.0,80,58.8125,19593.1311,940470.291,79.84,0.0,0.0,3840,48,0,0,0,4468.87,20850,1.5081,0,main,941.326,35,7,8
selfish,80,0.04,1,4.0,0,6,0.0,False,36183,577,234,300,0.78,39,25,66,52,9.0769,33,16.8846,6.0,6,8.6346,115.2511,5993.056,105.19,0.0,1.019,472,13,24,0,0,3440.744,20479,1.7668,0,main,51.054,38,18,10
selfish,80,0.04,2,4.0,0,6,0.0,False,48088,820,214,324,0.6605,35,33,66,49,8.0612,29,15.7755,5.9935,6,6.9388,87.5501,4289.957,111.69,0.0,1.122,395,9,25,0,0,2772.746,20381,2.3595,0,main,40.101,38,14,14
selfish,80,0.04,3,4.0,0,6,0.0,False,31702,501,221,282,0.7837,50,22,66,49,10.4694,30,19.1224,6.0,6,10.0612,130.8346,6410.895,81.41,0.0,1.041,513,5,16,0,0,4809.124,21587,1.4686,0,main,53.735,51,8,7
selfish,80,0.04,4,4.0,0,6,0.0,False,35133,616,233,282,0.8262,51,15,66,51,9.5686,32,17.9216,6.0,6,8.9412,98.1068,5003.447,101.4,0.0,1.098,488,12,13,0,0,901.16,21909,1.6036,0,main,47.295,45,14,7
selfish,80,0.04,5,4.0,0,6,0.0,False,31890,580,260,288,0.9028,58,11,66,55,9.2,23,16.8545,5.973,6,8.3273,78.8257,4335.413,62.28,0.0,1.055,506,4,4,0,0,767.888,21009,1.5179,0,main,44.283,47,11,8
selfish,80,0.04,6,4.0,0,6,0.0,False,36872,584,189,294,0.6429,37,35,66,53,8.1698,32,15.9434,5.9699,6,7.6415,242.2177,12837.538,92.84,0.0,1.0,433,21,46,0,0,1226.165,20823,1.7707,0,main,78.537,49,8,9
selfish,80,0.04,7,4.0,0,6,0.0,False,29572,467,212,264,0.803,45,25,66,46,8.1739,23,15.8043,6.0,6,7.9565,64.6824,2975.389,54.12,0.0,1.087,376,13,22,0,0,1070.017,21997,1.3444,0,main,27.868,52,10,4
selfish,80,0.04,8,4.0,0,6,0.0,False,38508,660,230,294,0.7823,43,28,66,57,10.6842,33,18.6491,6.0,6,10.1053,125.2997,7142.083,78.13,0.0,1.018,609,14,21,0,0,676.572,20649,1.8649,0,main,65.029,48,9,9
selfish,80,0.04,9,4.0,0,6,0.0,False,29916,551,245,282,0.8688,59,14,66,54,10.0556,28,19.5556,5.9707,6,9.4074,108.2938,5847.864,50.35,0.0,1.093,543,5,5,0,0,863.508,21711,1.3779,0,main,50.303,52,7,7
selfish,80,0.04,10,4.0,0,6,0.0,False,38974,590,177,324,0.5463,31,42,66,53,7.0566,32,13.6981,5.986,6,6.3962,82.1159,4352.141,97.86,0.0,1.208,374,16,46,0,0,1602.644,20781,1.8755,0,main,32.483,45,7,14
selfish,80,0.04,11,4.0,0,6,0.0,False,39695,611,205,318,0.6447,34,43,66,54,8.3148,32,16.2222,6.0,6,7.5,70.8546,3826.151,82.9,0.0,1.13,449,20,41,0,0,1612.535,21181,1.8741,0,main,35.446,50,3,13
selfish,80,0.04,12,4.0,0,6,0.0,False,35922,631,228,300,0.76,47,23,66,52,10.0,35,18.75,6.0,6,9.3269,213.0829,11080.312,88.47,0.0,1.019,520,10,17,0,0,4383.688,20850,1.7229,0,main,62.661,45,11,10
greedy_pgp,80,0.04,1,4.0,0,6,0.0,False,39920,499,41,300,0.1367,0,64,66,25,4.04,47,6.76,4.9189,6,4.04,28.6151,715.377,208.84,1.52,1.36,24,9,17,0,98,2686.571,20479,1.9493,0,main,17.798,38,18,10
greedy_pgp,80,0.04,2,4.0,0,6,0.0,False,40505,610,197,324,0.608,26,42,66,47,6.7872,35,15.0213,6.0,6,6.6596,20.0996,944.679,138.08,1.79,1.17,72,12,33,0,0,2338.777,20381,1.9874,0,main,35.161,38,14,14
greedy_pgp,80,0.04,3,4.0,0,6,0.0,False,37565,478,151,282,0.5355,6,66,66,42,11.7143,40,17.7381,5.8026,6,11.5238,29.6383,1244.809,131.23,1.95,1.286,108,12,27,0,96,4776.681,21587,1.7402,0,main,43.744,51,8,7
greedy_pgp,80,0.04,4,4.0,0,6,0.0,False,37568,661,232,282,0.8227,46,20,66,55,10.1091,35,17.5455,5.9741,6,9.9636,15.6891,862.903,112.71,1.95,1.036,120,12,14,0,0,924.471,21909,1.7147,0,main,43.62,45,14,7
greedy_pgp,80,0.04,5,4.0,0,6,0.0,False,33948,638,254,288,0.8819,55,14,66,50,9.04,25,16.66,6.0,6,8.84,32.5124,1625.619,100.91,1.9,1.06,150,7,7,0,0,767.888,21009,1.6159,0,main,37.064,47,11,8
greedy_pgp,80,0.04,6,4.0,0,6,0.0,False,39115,606,186,294,0.6327,34,38,66,55,9.3455,46,16.1818,6.0,6,9.1636,54.0783,2974.305,114.21,1.96,1.036,150,19,43,0,0,1226.165,20823,1.8785,0,main,81.841,49,8,9
greedy_pgp,80,0.04,7,4.0,0,6,0.0,False,29296,456,207,264,0.7841,44,26,66,46,9.8696,27,15.8043,6.0,6,9.8043,12.7686,587.356,80.07,2.02,1.109,78,16,26,0,0,1070.017,21997,1.3318,0,main,30.597,52,10,4
greedy_pgp,80,0.04,8,4.0,0,6,0.0,False,39416,628,225,294,0.7653,36,35,66,58,11.7759,35,18.7069,6.0,6,11.6724,30.4509,1766.155,133.04,2.16,1.017,198,12,20,0,14,676.572,20649,1.9089,0,main,62.802,48,9,9
greedy_pgp,80,0.04,9,4.0,0,6,0.0,False,29144,546,249,282,0.883,60,13,66,50,11.66,35,19.72,5.9793,6,11.64,18.501,925.049,103.45,1.96,1.06,108,5,6,0,0,951.902,21711,1.3424,0,main,41.077,52,7,7
greedy_pgp,80,0.04,10,4.0,0,6,0.0,False,37371,534,168,324,0.5185,25,48,66,54,7.9444,38,14.0926,5.973,6,7.9074,9.6608,521.682,118.79,1.83,1.167,84,16,51,0,0,1526.539,20781,1.7983,0,main,29.348,45,7,14
greedy_pgp,80,0.04,11,4.0,0,6,0.0,False,37864,613,224,318,0.7044,40,37,66,57,8.193,43,15.8772,5.9888,6,8.1579,10.4536,595.853,123.6,1.93,1.053,90,14,36,0,0,1782.989,21181,1.7876,0,main,33.389,50,3,13
greedy_pgp,80,0.04,12,4.0,0,6,0.0,False,34263,551,216,300,0.72,42,28,66,52,10.3846,44,18.7692,6.0,6,10.2308,14.8438,771.875,123.18,1.98,1.0,120,10,18,0,1,4985.583,20850,1.6433,0,main,44.651,45,11,10
adopt,80,0.04,1,4.0,0,6,0.0,False,45816,577,37,300,0.1233,1,63,66,21,4.0952,46,7.4762,5.1818,6,4.0952,8.1638,171.44,319.87,12.29,1.571,6,8,14,0,99,2739.513,20479,2.2372,0,main,18.928,38,18,10
adopt,80,0.04,2,4.0,0,6,0.0,False,39974,606,212,324,0.6543,31,37,66,50,7.22,36,15.24,5.9733,6,7.14,10.0462,502.309,327.72,12.96,1.12,0,10,29,0,0,2388.47,20381,1.9613,0,main,42.803,38,14,14
adopt,80,0.04,3,4.0,0,6,0.0,False,32866,503,217,282,0.7695,44,28,66,56,11.4464,37,18.9464,6.0,6,11.1607,12.7265,712.683,417.97,14.43,1.054,0,11,21,0,0,4776.681,21587,1.5225,0,main,54.301,51,8,7
adopt,80,0.04,4,4.0,0,6,0.0,False,39177,727,237,282,0.8404,50,16,66,55,9.8727,36,17.2909,5.9789,6,9.7636,9.5563,525.597,305.09,12.35,1.055,0,11,11,0,0,924.471,21909,1.7882,0,main,42.521,45,14,7
adopt,80,0.04,5,4.0,0,6,0.0,False,34930,640,248,288,0.8611,52,17,66,51,8.7255,24,16.4706,6.0,6,8.5294,10.1198,516.111,313.87,14.06,1.02,0,4,4,0,0,773.149,21009,1.6626,0,main,36.384,47,11,8
adopt,80,0.04,6,4.0,0,6,0.0,False,39249,625,185,294,0.6293,37,35,66,53,9.6792,46,17.3962,6.0,6,9.4528,11.1941,593.289,352.44,13.72,1.038,0,19,43,0,0,1218.412,20823,1.8849,0,main,93.625,49,8,9
adopt,80,0.04,7,4.0,0,6,0.0,False,28692,455,212,264,0.803,48,22,66,48,9.8125,31,15.7917,5.966,6,9.6875,8.1126,389.405,241.23,10.69,1.167,0,13,22,0,0,1070.017,21997,1.3044,0,main,29.538,52,10,4
adopt,80,0.04,8,4.0,0,6,0.0,False,34442,551,219,294,0.7449,39,32,66,53,11.2075,37,19.2453,6.0,6,11.0377,13.5781,719.642,435.07,15.21,1.019,0,14,22,0,0,676.572,20649,1.668,0,main,47.899,48,9,9
adopt,80,0.04,9,4.0,0,6,0.0,False,30904,658,256,282,0.9078,64,9,66,53,10.6415,35,18.4906,6.0,6,10.566,11.4695,607.882,361.84,15.02,1.113,0,5,6,0,0,863.508,21711,1.4234,0,main,42.372,52,7,7
adopt,80,0.04,10,4.0,0,6,0.0,False,39293,596,164,324,0.5062,28,45,66,52,7.8077,38,14.1731,5.9722,6,7.7308,7.1698,372.83,261.45,10.9,1.096,0,15,50,0,0,1602.644,20781,1.8908,0,main,28.116,45,7,14
adopt,80,0.04,11,4.0,0,6,0.0,False,37818,615,224,318,0.7044,40,37,66,57,8.0175,42,15.6842,5.9719,6,7.9649,7.7186,439.962,271.29,10.16,1.035,0,13,32,0,0,1790.276,21181,1.7855,0,main,34.581,50,3,13
adopt,80,0.04,12,4.0,0,6,0.0,False,33057,538,219,300,0.73,45,25,66,58,9.6552,44,18.1034,6.0,6,9.5517,10.6844,619.694,339.05,13.55,1.017,0,8,16,0,0,5052.849,20850,1.5855,0,main,47.497,45,11,10
cbs,80,0.04,1,4.0,0,6,0.0,False,49301,819,222,300,0.74,33,31,66,53,6.6981,32,19.6415,6.8125,10,6.5849,369.0825,19561.374,105.65,10.64,1.038,2056,3,5,3,0,2739.513,20479,2.4074,0,main,116.721,38,18,10
cbs,80,0.04,2,4.0,0,6,0.0,False,39582,629,205,324,0.6327,33,35,66,51,4.2353,21,17.5686,6.7692,10,4.1176,210.2932,10724.951,109.39,7.43,1.275,1152,2,2,1,0,2388.47,20381,1.9421,0,main,80.468,38,14,14
cbs,80,0.04,3,4.0,0,6,0.0,False,33660,502,206,282,0.7305,39,33,66,58,6.7759,28,19.1724,6.8081,10,6.6034,332.6706,19294.896,60.78,11.84,1.103,2382,2,6,6,0,4776.681,21587,1.5593,0,main,103.618,51,8,7
cbs,80,0.04,4,4.0,0,6,0.0,False,36363,617,238,282,0.844,49,17,66,53,6.6226,22,18.9434,6.7473,10,6.5849,233.7392,12388.176,90.49,9.51,1.0,1653,3,5,4,0,924.471,21909,1.6597,0,main,83.642,45,14,7
cbs,80,0.04,5,4.0,0,6,0.0,False,34505,598,245,288,0.8507,52,17,66,54,5.963,19,18.2222,6.6066,10,5.8889,195.4278,10553.099,66.52,9.93,1.019,1654,0,0,2,0,752.048,21009,1.6424,0,main,76.191,47,11,8
cbs,80,0.04,6,4.0,0,6,0.0,False,34533,513,190,294,0.6463,34,38,66,56,4.8214,28,16.6071,6.9118,10,4.6607,377.7441,21153.67,87.56,8.21,1.125,1776,1,4,4,0,1435.191,20823,1.6584,0,main,265.467,49,8,9
cbs,80,0.04,7,4.0,0,6,0.0,False,28972,455,213,264,0.8068,47,23,66,46,6.1522,17,17.413,6.9655,10,6.0652,170.2484,7831.429,50.73,7.11,1.087,1199,3,4,2,0,1070.017,21997,1.3171,0,main,59.217,52,10,4
cbs,80,0.04,8,4.0,0,6,0.0,False,16400,205,87,270,0.3222,0,72,66,26,9.4615,34,23.1538,6.6325,10,9.2692,580.2081,15085.41,113.85,13.5,1.269,1599,1,2,3,99,676.572,20649,0.7942,0,main,77.823,48,9,9
cbs,80,0.04,9,4.0,0,6,0.0,False,31954,640,244,282,0.8652,58,15,66,54,7.7222,33,19.463,6.4948,10,7.6852,369.7514,19966.576,56.12,12.09,1.056,2350,1,1,4,0,863.508,21711,1.4718,0,main,82.09,52,7,7
cbs,80,0.04,10,4.0,0,6,0.0,False,38896,578,176,324,0.5432,28,45,66,60,5.0167,26,15.75,6.9,10,4.9,451.1346,27068.075,91.23,9.63,1.2,1815,2,10,3,0,1602.644,20781,1.8717,0,main,117.801,45,7,14
cbs,80,0.04,11,4.0,0,6,0.0,False,35082,549,224,318,0.7044,42,35,66,59,5.5424,27,17.661,6.6631,10,5.4746,121.8033,7186.395,84.79,6.81,1.085,1294,2,4,2,0,1790.276,21181,1.6563,0,main,61.235,50,3,13
cbs,80,0.04,12,4.0,0,6,0.0,False,36788,617,224,300,0.7467,43,27,66,53,7.3019,31,21.566,6.8738,10,7.0943,432.9989,22948.94,88.88,11.25,1.038,2325,2,2,6,0,5052.849,20850,1.7644,0,main,128.407,45,11,10
full_replan,80,0.04,1,4.0,0,6,0.0,False,35399,522,198,300,0.66,26,38,66,61,42.8361,80,80.0,80.0,80,42.8361,33355.3261,2034674.891,94.24,0.0,0.0,4880,60,0,0,0,2763.446,20479,1.7286,0,main,2035.723,38,18,10
full_replan,80,0.04,2,4.0,0,6,0.0,False,30635,538,270,324,0.8333,54,14,66,62,38.129,80,80.0,80.0,80,38.129,3438.4467,213183.698,108.58,0.0,0.0,4960,60,0,0,0,2295.187,20381,1.5031,0,main,214.24,38,14,14
full_replan,80,0.04,3,4.0,0,6,0.0,False,35224,685,243,282,0.8617,58,14,66,65,45.0,79,80.0,80.0,80,45.0,6643.0404,431797.625,57.91,0.0,0.0,5200,57,0,0,0,4809.124,21587,1.6317,0,main,432.917,51,8,7
full_replan,80,0.04,4,4.0,0,6,0.0,False,34066,578,247,282,0.8759,51,15,66,63,45.619,80,80.0,80.0,80,45.619,8303.7865,523138.552,78.79,0.0,0.0,5040,56,0,0,0,901.16,21909,1.5549,0,main,524.212,45,14,7
full_replan,80,0.04,5,4.0,0,6,0.0,False,33037,610,255,288,0.8854,59,10,66,62,43.2742,79,80.0,80.0,80,43.2742,6146.7662,381099.502,68.96,0.0,0.0,4960,55,0,0,0,763.33,21009,1.5725,0,main,382.064,47,11,8
full_replan,80,0.04,6,4.0,0,6,0.0,False,30401,510,245,294,0.8333,56,16,66,62,43.7258,80,80.0,80.0,80,43.7258,49749.6383,3084477.577,82.48,0.0,0.0,4960,61,0,0,0,1209.678,20823,1.46,0,main,3085.425,49,8,9
full_replan,80,0.04,7,4.0,0,6,0.0,False,27958,450,216,264,0.8182,51,19,66,63,31.6667,80,80.0,80.0,80,31.6667,4957.8025,312341.559,50.32,0.0,0.0,5040,57,0,0,0,1068.246,21997,1.271,0,main,313.454,52,10,4
full_replan,80,0.04,8,4.0,0,6,0.0,False,34775,574,255,294,0.8673,56,15,66,66,53.0606,80,80.0,80.0,80,53.0606,3787.1926,249954.714,65.61,0.0,0.0,5280,65,0,0,0,710.586,20649,1.6841,0,main,251.133,48,9,9
full_replan,80,0.04,9,4.0,0,6,0.0,False,27757,549,267,282,0.9468,70,3,66,60,44.85,80,80.0,80.0,80,44.85,2433.8841,146033.045,48.18,0.0,0.0,4800,47,0,0,0,784.835,21711,1.2785,0,main,147.041,52,7,7
full_replan,80,0.04,10,4.0,0,6,0.0,False,36475,642,236,324,0.7284,50,23,66,62,32.7742,80,80.0,80.0,80,32.7742,8721.8563,540755.09,95.42,0.0,0.0,4960,62,0,0,0,1348.73,20781,1.7552,0,main,541.806,45,7,14
full_replan,80,0.04,11,4.0,0,6,0.0,False,27905,401,229,318,0.7201,42,35,66,61,39.0984,80,80.0,80.0,80,39.0984,3180.6285,194018.337,76.95,0.0,0.0,4880,60,0,0,0,1505.534,21181,1.3175,0,main,194.88,50,3,13
full_replan,80,0.04,12,4.0,0,6,0.0,False,31378,644,286,300,0.9533,65,5,66,64,54.5156,80,80.0,80.0,80,54.5156,8461.5956,541542.121,73.83,0.0,0.0,5120,63,0,0,0,4356.83,20850,1.5049,0,main,542.731,45,11,10
selfish,60,0.0,1,4.0,0,6,0.0,False,15501,348,180,180,1.0,60,0,0,0,0.0,0,0.0,0.0,0,0.0,0.0,0,0.0,0.0,0.0,0,0,0,0,0,554.326,15501,1.0,0,main,0.041,,,
selfish,60,0.0,2,4.0,0,6,0.0,False,15422,358,180,180,1.0,60,0,0,0,0.0,0,0.0,0.0,0,0.0,0.0,0,0.0,0.0,0.0,0,0,0,0,0,540.097,15422,1.0,0,main,0.04,,,
selfish,60,0.0,3,4.0,0,6,0.0,False,15436,368,180,180,1.0,60,0,0,0,0.0,0,0.0,0.0,0,0.0,0.0,0,0.0,0.0,0.0,0,0,0,0,0,499.887,15436,1.0,0,main,0.044,,,
selfish,60,0.0,4,4.0,0,6,0.0,False,16849,392,180,180,1.0,60,0,0,0,0.0,0,0.0,0.0,0,0.0,0.0,0,0.0,0.0,0.0,0,0,0,0,0,646.955,16849,1.0,0,main,0.037,,,
selfish,60,0.0,5,4.0,0,6,0.0,False,16120,378,180,180,1.0,60,0,0,0,0.0,0,0.0,0.0,0,0.0,0.0,0,0.0,0.0,0.0,0,0,0,0,0,602.616,16120,1.0,0,main,0.04,,,
selfish,60,0.0,6,4.0,0,6,0.0,False,16009,386,180,180,1.0,60,0,0,0,0.0,0,0.0,0.0,0,0.0,0.0,0,0.0,0.0,0.0,0,0,0,0,0,541.953,16009,1.0,0,main,0.043,,,
selfish,60,0.0,7,4.0,0,6,0.0,False,16605,370,180,180,1.0,60,0,0,0,0.0,0,0.0,0.0,0,0.0,0.0,0,0.0,0.0,0.0,0,0,0,0,0,802.833,16605,1.0,0,main,0.042,,,
selfish,60,0.0,8,4.0,0,6,0.0,False,15359,374,180,180,1.0,60,0,0,0,0.0,0,0.0,0.0,0,0.0,0.0,0,0.0,0.0,0.0,0,0,0,0,0,726.26,15359,1.0,0,main,0.034,,,
selfish,60,0.0,9,4.0,0,6,0.0,False,15219,384,180,180,1.0,60,0,0,0,0.0,0,0.0,0.0,0,0.0,0.0,0,0.0,0.0,0.0,0,0,0,0,0,819.668,15219,1.0,0,main,0.041,,,
selfish,60,0.0,10,4.0,0,6,0.0,False,15418,356,180,180,1.0,60,0,0,0,0.0,0,0.0,0.0,0,0.0,0.0,0,0.0,0.0,0.0,0,0,0,0,0,576.339,15418,1.0,0,main,0.032,,,
selfish,60,0.0,11,4.0,0,6,0.0,False,15204,349,180,180,1.0,60,0,0,0,0.0,0,0.0,0.0,0,0.0,0.0,0,0.0,0.0,0.0,0,0,0,0,0,888.522,15204,1.0,0,main,0.039,,,
selfish,60,0.0,12,4.0,0,6,0.0,False,17036,439,180,180,1.0,60,0,0,0,0.0,0,0.0,0.0,0,0.0,0.0,0,0.0,0.0,0.0,0,0,0,0,0,897.838,17036,1.0,0,main,0.043,,,
greedy_pgp,60,0.0,1,4.0,0,6,0.0,False,15501,348,180,180,1.0,60,0,0,0,0.0,0,0.0,0.0,0,0.0,0.0,0,0.0,0.0,0.0,0,0,0,0,0,551.002,15501,1.0,0,main,0.04,,,
greedy_pgp,60,0.0,2,4.0,0,6,0.0,False,15422,358,180,180,1.0,60,0,0,0,0.0,0,0.0,0.0,0,0.0,0.0,0,0.0,0.0,0.0,0,0,0,0,0,489.13,15422,1.0,0,main,0.038,,,
greedy_pgp,60,0.0,3,4.0,0,6,0.0,False,15436,368,180,180,1.0,60,0,0,0,0.0,0,0.0,0.0,0,0.0,0.0,0,0.0,0.0,0.0,0,0,0,0,0,523.602,15436,1.0,0,main,0.036,,,
greedy_pgp,60,0.0,4,4.0,0,6,0.0,False,16849,392,180,180,1.0,60,0,0,0,0.0,0,0.0,0.0,0,0.0,0.0,0,0.0,0.0,0.0,0,0,0,0,0,650.478,16849,1.0,0,main,0.043,,,
greedy_pgp,60,0.0,5,4.0,0,6,0.0,False,16120,378,180,180,1.0,60,0,0,0,0.0,0,0.0,0.0,0,0.0,0.0,0,0.0,0.0,0.0,0,0,0,0,0,608.168,16120,1.0,0,main,0.043,,,
greedy_pgp,60,0.0,6,4.0,0,6,0.0,False,16009,386,180,180,1.0,60,0,0,0,0.0,0,0.0,0.0,0,0.0,0.0,0,0.0,0.0,0.0,0,0,0,0,0,509.194,16009,1.0,0,main,0.042,,,
greedy_pgp,60,0.0,7,4.0,0,6,0.0,False,16605,370,180,180,1.0,60,0,0,0,0.0,0,0.0,0.0,0,0.0,0.0,0,0.0,0.0,0.0,0,0,0,0,0,827.559,16605,1.0,0,main,0.041,,,
greedy_pgp,60,0.0,8,4.0,0,6,0.0,False,15359,374,180,180,1.0,60,0,0,0,0.0,0,0.0,0.0,0,0.0,0.0,0,0.0,0.0,0.0,0,0,0,0,0,724.064,15359,1.0,0,main,0.043,,,
greedy_pgp,60,0.0,9,4.0,0,6,0.0,False,15219,384,180,180,1.0,60,0,0,0,0.0,0,0.0,0.0,0,0.0,0.0,0,0.0,0.0,0.0,0,0,0,0,0,772.308,15219,1.0,0,main,0.04,,,
greedy_pgp,60,0.0,10,4.0,0,6,0.0,False,15418,356,180,180,1.0,60,0,0,0,0.0,0,0.0,0.0,0,0.0,0.0,0,0.0,0.0,0.0,0,0,0,0,0,556.457,15418,1.0,0,main,0.036,,,
greedy_pgp,60,0.0,11,4.0,0,6,0.0,False,15204,349,180,180,1.0,60,0,0,0,0.0,0,0.0,0.0,0,0.0,0.0,0,0.0,0.0,0.0,0,0,0,0,0,888.522,15204,1.0,0,main,0.055,,,
greedy_pgp,60,0.0,12,4.0,0,6,0.0,False,17036,439,180,180,1.0,60,0,0,0,0.0,0,0.0,0.0,0,0.0,0.0,0,0.0,0.0,0.0,0,0,0,0,0,897.838,17036,1.0,0,main,0.037,,,
adopt,60,0.0,1,4.0,0,6,0.0,False,15501,348,180,180,1.0,60,0,0,0,0.0,0,0.0,0.0,0,0.0,0.0,0,0.0,0.0,0.0,0,0,0,0,0,554.326,15501,1.0,0,main,0.038,,,
adopt,60,0.0,2,4.0,0,6,0.0,False,15422,358,180,180,1.0,60,0,0,0,0.0,0,0.0,0.0,0,0.0,0.0,0,0.0,0.0,0.0,0,0,0,0,0,540.097,15422,1.0,0,main,0.038,,,
adopt,60,0.0,3,4.0,0,6,0.0,False,15436,368,180,180,1.0,60,0,0,0,0.0,0,0.0,0.0,0,0.0,0.0,0,0.0,0.0,0.0,0,0,0,0,0,499.887,15436,1.0,0,main,0.037,,,
adopt,60,0.0,4,4.0,0,6,0.0,False,16849,392,180,180,1.0,60,0,0,0,0.0,0,0.0,0.0,0,0.0,0.0,0,0.0,0.0,0.0,0,0,0,0,0,646.955,16849,1.0,0,main,0.042,,,
adopt,60,0.0,5,4.0,0,6,0.0,False,16120,378,180,180,1.0,60,0,0,0,0.0,0,0.0,0.0,0,0.0,0.0,0,0.0,0.0,0.0,0,0,0,0,0,602.616,16120,1.0,0,main,0.038,,,
adopt,60,0.0,6,4.0,0,6,0.0,False,16009,386,180,180,1.0,60,0,0,0,0.0,0,0.0,0.0,0,0.0,0.0,0,0.0,0.0,0.0,0,0,0,0,0,541.953,16009,1.0,0,main,0.038,,,
adopt,60,0.0,7,4.0,0,6,0.0,False,16605,370,180,180,1.0,60,0,0,0,0.0,0,0.0,0.0,0,0.0,0.0,0,0.0,0.0,0.0,0,0,0,0,0,802.833,16605,1.0,0,main,0.037,,,
adopt,60,0.0,8,4.0,0,6,0.0,False,15359,374,180,180,1.0,60,0,0,0,0.0,0,0.0,0.0,0,0.0,0.0,0,0.0,0.0,0.0,0,0,0,0,0,726.26,15359,1.0,0,main,0.037,,,
adopt,60,0.0,9,4.0,0,6,0.0,False,15219,384,180,180,1.0,60,0,0,0,0.0,0,0.0,0.0,0,0.0,0.0,0,0.0,0.0,0.0,0,0,0,0,0,819.668,15219,1.0,0,main,0.034,,,
adopt,60,0.0,10,4.0,0,6,0.0,False,15418,356,180,180,1.0,60,0,0,0,0.0,0,0.0,0.0,0,0.0,0.0,0,0.0,0.0,0.0,0,0,0,0,0,576.339,15418,1.0,0,main,0.036,,,
adopt,60,0.0,11,4.0,0,6,0.0,False,15204,349,180,180,1.0,60,0,0,0,0.0,0,0.0,0.0,0,0.0,0.0,0,0.0,0.0,0.0,0,0,0,0,0,888.522,15204,1.0,0,main,0.037,,,
adopt,60,0.0,12,4.0,0,6,0.0,False,17036,439,180,180,1.0,60,0,0,0,0.0,0,0.0,0.0,0,0.0,0.0,0,0.0,0.0,0.0,0,0,0,0,0,897.838,17036,1.0,0,main,0.035,,,
cbs,60,0.0,1,4.0,0,6,0.0,False,15501,348,180,180,1.0,60,0,0,0,0.0,0,0.0,0.0,0,0.0,0.0,0,0.0,0.0,0.0,0,0,0,0,0,551.002,15501,1.0,0,main,0.037,,,
cbs,60,0.0,2,4.0,0,6,0.0,False,15422,358,180,180,1.0,60,0,0,0,0.0,0,0.0,0.0,0,0.0,0.0,0,0.0,0.0,0.0,0,0,0,0,0,489.13,15422,1.0,0,main,0.038,,,
cbs,60,0.0,3,4.0,0,6,0.0,False,15436,368,180,180,1.0,60,0,0,0,0.0,0,0.0,0.0,0,0.0,0.0,0,0.0,0.0,0.0,0,0,0,0,0,499.887,15436,1.0,0,main,0.041,,,
cbs,60,0.0,4,4.0,0,6,0.0,False,16849,392,180,180,1.0,60,0,0,0,0.0,0,0.0,0.0,0,0.0,0.0,0,0.0,0.0,0.0,0,0,0,0,0,646.955,16849,1.0,0,main,0.045,,,
cbs,60,0.0,5,4.0,0,6,0.0,False,16120,378,180,180,1.0,60,0,0,0,0.0,0,0.0,0.0,0,0.0,0.0,0,0.0,0.0,0.0,0,0,0,0,0,602.616,16120,1.0,0,main,0.041,,,
cbs,60,0.0,6,4.0,0,6,0.0,False,16009,386,180,180,1.0,60,0,0,0,0.0,0,0.0,0.0,0,0.0,0.0,0,0.0,0.0,0.0,0,0,0,0,0,541.953,16009,1.0,0,main,0.031,,,
cbs,60,0.0,7,4.0,0,6,0.0,False,16605,370,180,180,1.0,60,0,0,0,0.0,0,0.0,0.0,0,0.0,0.0,0,0.0,0.0,0.0,0,0,0,0,0,827.559,16605,1.0,0,main,0.043,,,
cbs,60,0.0,8,4.0,0,6,0.0,False,15359,374,180,180,1.0,60,0,0,0,0.0,0,0.0,0.0,0,0.0,0.0,0,0.0,0.0,0.0,0,0,0,0,0,724.064,15359,1.0,0,main,0.037,,,
cbs,60,0.0,9,4.0,0,6,0.0,False,15219,384,180,180,1.0,60,0,0,0,0.0,0,0.0,0.0,0,0.0,0.0,0,0.0,0.0,0.0,0,0,0,0,0,772.308,15219,1.0,0,main,0.041,,,
cbs,60,0.0,10,4.0,0,6,0.0,False,15418,356,180,180,1.0,60,0,0,0,0.0,0,0.0,0.0,0,0.0,0.0,0,0.0,0.0,0.0,0,0,0,0,0,556.457,15418,1.0,0,main,0.036,,,
cbs,60,0.0,11,4.0,0,6,0.0,False,15204,349,180,180,1.0,60,0,0,0,0.0,0,0.0,0.0,0,0.0,0.0,0,0.0,0.0,0.0,0,0,0,0,0,847.568,15204,1.0,0,main,0.04,,,
cbs,60,0.0,12,4.0,0,6,0.0,False,17036,439,180,180,1.0,60,0,0,0,0.0,0,0.0,0.0,0,0.0,0.0,0,0.0,0.0,0.0,0,0,0,0,0,883.737,17036,1.0,0,main,0.049,,,
full_replan,60,0.0,1,4.0,0,6,0.0,False,15501,348,180,180,1.0,60,0,0,0,0.0,0,0.0,0.0,0,0.0,0.0,0,0.0,0.0,0.0,0,0,0,0,0,554.326,15501,1.0,0,main,0.037,,,
full_replan,60,0.0,2,4.0,0,6,0.0,False,15422,358,180,180,1.0,60,0,0,0,0.0,0,0.0,0.0,0,0.0,0.0,0,0.0,0.0,0.0,0,0,0,0,0,540.097,15422,1.0,0,main,0.037,,,
full_replan,60,0.0,3,4.0,0,6,0.0,False,15436,368,180,180,1.0,60,0,0,0,0.0,0,0.0,0.0,0,0.0,0.0,0,0.0,0.0,0.0,0,0,0,0,0,499.887,15436,1.0,0,main,0.039,,,
full_replan,60,0.0,4,4.0,0,6,0.0,False,16849,392,180,180,1.0,60,0,0,0,0.0,0,0.0,0.0,0,0.0,0.0,0,0.0,0.0,0.0,0,0,0,0,0,646.955,16849,1.0,0,main,0.044,,,
full_replan,60,0.0,5,4.0,0,6,0.0,False,16120,378,180,180,1.0,60,0,0,0,0.0,0,0.0,0.0,0,0.0,0.0,0,0.0,0.0,0.0,0,0,0,0,0,608.168,16120,1.0,0,main,0.043,,,
full_replan,60,0.0,6,4.0,0,6,0.0,False,16009,386,180,180,1.0,60,0,0,0,0.0,0,0.0,0.0,0,0.0,0.0,0,0.0,0.0,0.0,0,0,0,0,0,509.194,16009,1.0,0,main,0.042,,,
full_replan,60,0.0,7,4.0,0,6,0.0,False,16605,370,180,180,1.0,60,0,0,0,0.0,0,0.0,0.0,0,0.0,0.0,0,0.0,0.0,0.0,0,0,0,0,0,802.833,16605,1.0,0,main,0.04,,,
full_replan,60,0.0,8,4.0,0,6,0.0,False,15359,374,180,180,1.0,60,0,0,0,0.0,0,0.0,0.0,0,0.0,0.0,0,0.0,0.0,0.0,0,0,0,0,0,726.26,15359,1.0,0,main,0.038,,,
full_replan,60,0.0,9,4.0,0,6,0.0,False,15219,384,180,180,1.0,60,0,0,0,0.0,0,0.0,0.0,0,0.0,0.0,0,0.0,0.0,0.0,0,0,0,0,0,772.308,15219,1.0,0,main,0.04,,,
full_replan,60,0.0,10,4.0,0,6,0.0,False,15418,356,180,180,1.0,60,0,0,0,0.0,0,0.0,0.0,0,0.0,0.0,0,0.0,0.0,0.0,0,0,0,0,0,556.457,15418,1.0,0,main,0.038,,,
full_replan,60,0.0,11,4.0,0,6,0.0,False,15204,349,180,180,1.0,60,0,0,0,0.0,0,0.0,0.0,0,0.0,0.0,0,0.0,0.0,0.0,0,0,0,0,0,888.522,15204,1.0,0,main,0.037,,,
full_replan,60,0.0,12,4.0,0,6,0.0,False,17036,439,180,180,1.0,60,0,0,0,0.0,0,0.0,0.0,0,0.0,0.0,0,0.0,0.0,0.0,0,0,0,0,0,897.838,17036,1.0,0,main,0.041,,,
selfish,60,0.01,1,4.0,0,6,0.0,False,19581,572,173,192,0.901,50,6,16,10,8.9,16,17.4,6.0,6,8.0,65.6609,656.609,89.88,0.0,1.1,89,1,1,0,0,554.326,15501,1.2632,0,main,5.699,10,4,2
selfish,60,0.01,2,4.0,0,6,0.0,False,19248,507,176,192,0.9167,46,10,16,14,4.7143,25,10.8571,6.0,6,4.2857,31.4551,440.371,52.2,0.0,1.143,66,0,0,0,0,540.097,15422,1.2481,0,main,4.598,9,4,3
selfish,60,0.01,3,4.0,0,6,0.0,False,18717,459,172,186,0.9247,47,8,16,15,5.1333,20,10.9333,6.0,6,4.8,33.6307,504.461,45.38,0.0,1.0,77,0,0,0,0,523.602,15436,1.2126,0,main,5.03,10,5,1
selfish,60,0.01,4,4.0,0,6,0.0,False,17315,392,179,180,0.9944,58,1,16,15,4.4,11,10.1333,6.0,6,4.3333,22.2149,333.224,5.94,0.0,1.133,66,0,0,0,0,650.478,16849,1.0277,0,main,3.864,15,1,
selfish,60,0.01,5,4.0,0,6,0.0,False,19723,566,193,204,0.9461,55,4,16,15,9.3333,20,16.2667,6.0,6,7.9333,79.5909,1193.863,99.1,0.0,1.0,140,0,0,0,0,602.616,16120,1.2235,0,main,10.652,11,1,4
selfish,60,0.01,6,4.0,0,6,0.0,False,19382,424,160,185,0.8649,42,12,16,15,9.0667,21,16.7333,6.0,6,8.8,54.7566,821.349,59.36,0.0,1.067,136,3,12,0,0,541.953,16009,1.2107,0,main,8.922,9,6,1
selfish,60,0.01,7,4.0,0,6,0.0,False,21713,588,169,200,0.845,46,13,16,13,4.6154,11,10.8462,6.0,6,4.0,172.4429,2241.758,119.61,0.0,1.077,60,1,1,0,0,802.833,16605,1.3076,0,main,9.887,11,1,4
selfish,60,0.01,8,4.0,0,6,0.0,False,18458,491,182,198,0.9192,53,7,16,14,7.5714,20,14.3571,6.0,6,6.1429,43.9989,615.985,55.06,0.0,1.071,106,2,2,0,0,726.26,15359,1.2018,0,main,6.068,13,,3
selfish,60,0.01,9,4.0,0,6,0.0,False,16993,482,179,186,0.9624,53,3,16,10,5.8,18,11.5,6.0,6,5.1,35.1087,351.087,58.4,0.0,1.1,58,0,0,0,0,772.308,15219,1.1166,0,main,3.249,11,4,1
selfish,60,0.01,10,4.0,0,6,0.0,False,18283,451,174,204,0.8529,48,11,16,14,6.6429,14,13.4286,6.0,6,5.5714,37.6186,526.66,92.26,0.0,1.143,93,2,3,0,0,556.457,15418,1.1858,0,main,5.453,11,1,4
selfish,60,0.01,11,4.0,0,6,0.0,False,15887,352,178,180,0.9889,55,2,16,10,8.2,20,15.2,6.0,6,8.1,57.524,575.24,22.77,0.0,1.0,82,0,0,0,0,847.568,15204,1.0449,0,main,5.872,13,3,
selfish,60,0.01,12,4.0,0,6,0.0,False,22085,639,181,204,0.8873,50,8,16,14,9.5,31,17.0,5.902,6,8.7143,256.5976,3592.367,122.75,0.0,1.143,133,3,5,0,0,883.737,17036,1.2964,0,main,20.42,10,2,4
greedy_pgp,60,0.01,1,4.0,0,6,0.0,False,19573,569,178,192,0.9271,50,6,16,10,9.7,23,17.8,6.0,6,9.5,22.0199,220.199,122.25,1.9,1.1,36,1,1,0,0,554.326,15501,1.2627,0,main,5.404,10,4,2
greedy_pgp,60,0.01,2,4.0,0,6,0.0,False,19710,523,175,192,0.9115,45,11,16,14,4.6429,25,10.5714,5.9643,6,4.6429,5.2348,73.287,69.95,1.86,1.357,6,0,0,0,0,540.097,15422,1.278,0,main,4.151,9,4,3
greedy_pgp,60,0.01,3,4.0,0,6,0.0,False,20551,583,174,186,0.9355,47,8,16,15,5.6667,23,11.4667,6.0,6,5.6,3.9939,59.909,65.48,1.87,1.067,6,0,0,0,0,499.887,15436,1.3314,0,main,4.456,10,5,1
greedy_pgp,60,0.01,4,4.0,0,6,0.0,False,17315,394,179,180,0.9944,58,1,16,15,4.8,11,10.0,6.0,6,4.6,2.3318,34.977,30.0,1.87,1.133,6,0,0,0,0,646.955,16849,1.0277,0,main,3.609,15,1,
greedy_pgp,60,0.01,5,4.0,0,6,0.0,False,20620,565,181,204,0.8873,50,9,16,15,8.0667,23,16.4,6.0,6,8.0667,13.1295,196.943,105.45,2.0,1.0,18,0,0,0,0,608.168,16120,1.2792,0,main,9.158,11,1,4
greedy_pgp,60,0.01,6,4.0,0,6,0.0,False,19578,430,157,184,0.8533,42,12,16,15,9.6667,26,17.0667,6.0,6,9.5333,10.902,163.531,72.32,2.0,1.133,24,3,12,0,0,509.194,16009,1.2229,0,main,7.676,9,6,1
greedy_pgp,60,0.01,7,4.0,0,6,0.0,False,21445,588,176,200,0.88,48,11,16,14,3.9286,11,10.2857,6.0,6,3.9286,20.1539,282.154,126.37,1.57,1.0,6,1,1,0,0,827.559,16605,1.2915,0,main,7.919,11,1,4
greedy_pgp,60,0.01,8,4.0,0,6,0.0,False,18858,490,171,198,0.8636,49,11,16,14,5.2143,20,14.0714,6.0,6,5.2143,3.7227,52.118,114.65,1.64,1.143,0,2,2,0,0,724.064,15359,1.2278,0,main,5.339,13,,3
greedy_pgp,60,0.01,9,4.0,0,6,0.0,False,17209,482,175,186,0.9409,52,4,16,10,5.3,19,10.8,6.0,6,5.3,2.0274,20.274,78.67,1.8,1.1,0,0,0,0,0,819.668,15219,1.1308,0,main,2.765,11,4,1
greedy_pgp,60,0.01,10,4.0,0,6,0.0,False,19560,554,178,204,0.8725,49,10,16,15,5.4,12,13.0667,6.0,6,5.2,2.795,41.924,105.0,1.8,1.067,6,2,3,0,0,576.339,15418,1.2686,0,main,4.9,11,1,4
greedy_pgp,60,0.01,11,4.0,0,6,0.0,False,15890,354,178,180,0.9889,55,2,16,10,9.2,25,16.0,6.0,6,8.9,13.4047,134.047,57.38,1.8,1.0,12,0,0,0,0,888.522,15204,1.0451,0,main,5.798,13,3,
greedy_pgp,60,0.01,12,4.0,0,6,0.0,False,21400,537,170,204,0.8333,46,12,16,13,10.3077,34,16.6154,6.0,6,10.2308,9.5467,124.107,172.42,2.0,1.077,12,4,8,0,0,897.838,17036,1.2562,0,main,13.746,10,2,4
adopt,60,0.01,1,4.0,0,6,0.0,False,19830,580,178,192,0.9271,50,6,16,10,10.1,21,17.9,6.0,6,9.9,9.3057,93.057,286.62,12.1,1.0,0,1,1,0,0,551.002,15501,1.2793,0,main,5.515,10,4,2
adopt,60,0.01,2,4.0,0,6,0.0,False,19712,523,175,192,0.9115,45,11,16,14,4.5714,25,10.5714,5.9643,6,4.5714,4.1972,58.761,131.5,6.21,1.357,0,0,0,0,0,489.13,15422,1.2782,0,main,4.208,9,4,3
adopt,60,0.01,3,4.0,0,6,0.0,False,20550,583,174,186,0.9355,47,8,16,15,5.5333,23,11.2667,6.0,6,5.4667,5.2531,78.797,153.24,8.6,1.067,0,0,0,0,0,523.602,15436,1.3313,0,main,4.466,10,5,1
adopt,60,0.01,4,4.0,0,6,0.0,False,17310,392,179,180,0.9944,58,1,16,15,4.6,11,10.0,6.0,6,4.4,4.6106,69.16,156.56,9.47,1.133,0,0,0,0,0,650.478,16849,1.0274,0,main,3.709,15,1,
adopt,60,0.01,5,4.0,0,6,0.0,False,20974,565,180,204,0.8824,49,10,16,16,8.25,22,16.25,6.0,6,8.125,11.0652,177.044,348.57,11.19,1.125,0,0,0,0,0,608.168,16120,1.3011,0,main,9.27,11,1,4
adopt,60,0.01,6,4.0,0,6,0.0,False,19711,430,153,184,0.8315,40,14,16,14,10.0,26,16.7143,6.0,6,9.8571,7.8789,110.305,201.1,10.86,1.071,0,3,12,0,0,509.194,16009,1.2312,0,main,7.192,9,6,1
adopt,60,0.01,7,4.0,0,6,0.0,False,21445,588,176,200,0.88,48,11,16,14,3.9286,11,10.2857,6.0,6,3.9286,3.4649,48.509,186.32,6.29,1.0,0,1,1,0,0,827.559,16605,1.2915,0,main,7.648,11,1,4
adopt,60,0.01,8,4.0,0,6,0.0,False,18858,490,171,198,0.8636,49,11,16,14,5.2143,20,14.0714,6.0,6,5.2143,9.4211,131.896,298.29,10.64,1.143,0,2,2,0,0,724.064,15359,1.2278,0,main,5.323,13,,3
adopt,60,0.01,9,4.0,0,6,0.0,False,17207,482,175,186,0.9409,52,4,16,10,5.3,19,10.8,6.0,6,5.3,6.0184,60.184,204.67,10.1,1.1,0,0,0,0,0,772.308,15219,1.1306,0,main,2.736,11,4,1
adopt,60,0.01,10,4.0,0,6,0.0,False,19560,554,178,204,0.8725,49,10,16,15,5.4,12,13.0667,6.0,6,5.2,4.6471,69.707,191.9,7.4,1.067,0,2,3,0,0,556.457,15418,1.2686,0,main,4.922,11,1,4
adopt,60,0.01,11,4.0,0,6,0.0,False,15865,349,178,180,0.9889,55,2,16,10,9.0,25,16.0,6.0,6,8.8,7.9001,79.001,226.08,9.7,1.0,0,0,0,0,0,847.568,15204,1.0435,0,main,5.641,13,3,
adopt,60,0.01,12,4.0,0,6,0.0,False,20733,492,169,204,0.8284,45,13,16,11,10.1818,34,17.0909,6.0,6,10.1818,10.913,120.043,382.82,11.36,1.0,0,4,7,0,0,883.737,17036,1.217,0,main,15.026,10,2,4
cbs,60,0.01,1,4.0,0,6,0.0,False,19543,554,175,192,0.9115,50,6,16,10,7.1,18,19.1,6.6857,10,6.9,317.4631,3174.631,89.75,13.9,1.1,516,1,1,2,0,554.326,15501,1.2608,0,main,11.284,10,4,2
cbs,60,0.01,2,4.0,0,6,0.0,False,20087,550,175,192,0.9115,45,11,16,13,3.5385,26,11.7692,6.4444,10,3.4615,120.3112,1564.045,76.0,4.92,1.154,245,0,0,0,0,540.097,15422,1.3025,0,main,7.479,9,4,3
cbs,60,0.01,3,4.0,0,6,0.0,False,20895,612,174,186,0.9355,47,8,16,15,4.2667,20,12.0667,6.3636,10,4.2,85.5922,1283.882,45.33,6.6,1.0,302,0,0,0,0,523.602,15436,1.3537,0,main,7.453,10,5,1
cbs,60,0.01,4,4.0,0,6,0.0,False,17299,393,179,180,0.9944,58,1,16,15,3.7333,11,10.7333,6.4286,10,3.6667,50.2825,754.237,6.0,3.73,1.133,145,0,0,0,0,650.478,16849,1.0267,0,main,5.86,15,1,
cbs,60,0.01,5,4.0,0,6,0.0,False,21125,568,187,204,0.9167,51,8,16,15,6.6,18,18.1333,6.3019,10,6.4667,342.1772,5132.658,106.25,11.6,1.067,598,0,0,2,0,599.706,16120,1.3105,0,main,19.787,11,1,4
cbs,60,0.01,6,4.0,0,6,0.0,False,19605,423,155,185,0.8378,40,14,16,15,6.7333,21,17.6,6.7347,10,6.6667,160.477,2407.154,58.82,7.93,1.133,467,1,1,1,0,557.196,16009,1.2246,0,main,11.716,9,6,1
cbs,60,0.01,7,4.0,0,6,0.0,False,21713,589,170,201,0.8458,46,13,16,13,3.6154,12,10.9231,6.1538,10,3.6154,211.3365,2747.374,121.33,5.08,1.077,194,0,0,0,0,802.833,16605,1.3076,0,main,27.653,11,1,4
cbs,60,0.01,8,4.0,0,6,0.0,False,18894,494,171,198,0.8636,49,11,16,14,3.5714,12,15.1429,6.3902,10,3.5714,63.1286,883.8,88.24,5.29,1.143,220,0,0,0,0,726.26,15359,1.2302,0,main,7.95,13,,3
cbs,60,0.01,9,4.0,0,6,0.0,False,17202,482,175,186,0.9409,52,4,16,10,4.6,18,11.0,6.1905,10,4.6,66.5708,665.708,58.27,6.7,1.1,208,0,0,0,0,819.668,15219,1.1303,0,main,3.914,11,4,1
cbs,60,0.01,10,4.0,0,6,0.0,False,19265,557,180,204,0.8824,50,9,16,15,4.8667,12,14.2,6.3158,10,4.6667,81.3834,1220.751,84.8,9.47,1.133,397,0,0,0,0,576.339,15418,1.2495,0,main,7.196,11,1,4
cbs,60,0.01,11,4.0,0,6,0.0,False,15859,353,178,180,0.9889,55,2,16,10,6.9,21,16.6,6.6667,10,6.7,272.9772,2729.772,22.69,13.0,1.0,433,0,0,1,0,847.568,15204,1.0431,0,main,11.159,13,3,
cbs,60,0.01,12,4.0,0,6,0.0,False,22163,653,173,204,0.848,49,9,16,14,8.6429,28,18.9286,6.5385,10,8.2143,381.6917,5343.684,138.0,11.21,1.071,679,0,0,2,0,883.737,17036,1.301,0,main,33.339,10,2,4
full_replan,60,0.01,1,4.0,0,6,0.0,False,17751,414,174,192,0.9062,48,8,16,14,27.7143,59,60.0,60.0,60,27.7143,614.5643,8603.9,62.65,0.0,0.0,840,14,0,0,0,572.227,15501,1.1452,0,main,8.776,10,4,2
full_replan,60,0.01,2,4.0,0,6,0.0,False,16987,430,191,192,0.9948,56,0,16,14,28.7857,60,60.0,60.0,60,28.7857,219.9632,3079.485,62.2,0.0,0.0,840,0,0,0,0,559.984,15422,1.1015,0,main,3.244,9,4,3
full_replan,60,0.01,3,4.0,0,6,0.0,False,16647,375,185,186,0.9946,54,1,16,16,27.25,58,60.0,60.0,60,27.25,185.5497,2968.795,43.5,0.0,0.0,960,0,0,0,0,499.887,15436,1.0785,0,main,3.145,10,5,1
full_replan,60,0.01,4,4.0,0,6,0.0,False,17183,396,180,180,1.0,59,0,16,15,30.0,60,60.0,60.0,60,30.0,196.8537,2952.806,5.94,0.0,0.0,900,0,0,0,0,646.955,16849,1.0198,0,main,3.098,15,1,
full_replan,60,0.01,5,4.0,0,6,0.0,False,18377,560,203,204,0.9951,59,0,16,15,42.6667,60,60.0,60.0,60,42.6667,3566.4204,53496.306,78.3,0.0,0.0,900,3,0,0,0,608.168,16120,1.14,0,main,53.726,11,1,4
full_replan,60,0.01,6,4.0,0,6,0.0,False,20509,494,165,185,0.8919,45,9,16,16,35.125,60,60.0,60.0,60,35.125,617.6633,9882.613,46.22,0.0,0.0,960,11,0,0,0,509.194,16009,1.2811,0,main,10.091,9,6,1
full_replan,60,0.01,7,4.0,0,6,0.0,False,18025,501,199,204,0.9755,58,1,16,15,33.8667,60,60.0,60.0,60,33.8667,2714.0314,40710.47,119.5,0.0,0.0,900,6,0,0,0,817.853,16605,1.0855,0,main,40.925,11,1,4
full_replan,60,0.01,8,4.0,0,6,0.0,False,17113,476,192,198,0.9697,58,2,16,15,39.4667,60,60.0,60.0,60,39.4667,1437.6988,21565.482,52.0,0.0,0.0,900,12,0,0,0,718.188,15359,1.1142,0,main,21.78,13,,3
full_replan,60,0.01,9,4.0,0,6,0.0,False,16704,427,184,186,0.9892,55,1,16,13,29.9231,59,60.0,60.0,60,29.9231,206.1658,2680.155,57.78,0.0,0.0,780,4,0,0,0,819.668,15219,1.0976,0,main,2.839,11,4,1
full_replan,60,0.01,10,4.0,0,6,0.0,False,17030,469,195,204,0.9559,57,2,16,15,41.8,60,60.0,60.0,60,41.8,433.9461,6509.192,99.6,0.0,0.0,900,10,0,0,0,576.339,15418,1.1046,0,main,6.703,11,1,4
full_replan,60,0.01,11,4.0,0,6,0.0,False,16069,351,173,180,0.9611,52,5,16,16,32.3125,60,60.0,60.0,60,32.3125,295.3232,4725.171,10.37,0.0,0.0,960,9,0,0,0,847.568,15204,1.0569,0,main,4.863,13,3,
full_replan,60,0.01,12,4.0,0,6,0.0,False,18629,420,187,204,0.9167,55,3,16,15,38.5333,60,60.0,60.0,60,38.5333,11987.1839,179807.759,128.9,0.0,0.0,900,13,0,0,0,883.737,17036,1.0935,0,main,180.053,10,2,4
selfish,60,0.02,1,4.0,0,6,0.0,False,25324,609,178,216,0.8241,37,18,33,26,9.0,25,17.2692,6.0,6,8.0385,72.4739,1884.321,109.57,0.0,1.077,234,5,5,0,0,554.326,15501,1.6337,0,main,16.995,22,5,6
selfish,60,0.02,2,4.0,0,6,0.0,False,20898,459,170,204,0.8333,38,15,33,27,6.6667,25,12.5185,6.0,6,5.5556,38.9065,1050.476,53.42,0.0,1.074,180,2,2,0,0,540.097,15422,1.3551,0,main,11.45,20,8,5
selfish,60,0.02,3,4.0,0,6,0.0,False,19260,457,174,192,0.9062,45,10,33,31,6.0968,20,12.3548,6.0,6,5.9355,38.7212,1200.359,32.26,0.0,1.129,189,1,1,0,0,531.286,15436,1.2477,0,main,12.545,26,5,2
selfish,60,0.02,4,4.0,0,6,0.0,False,20461,493,180,192,0.9375,50,5,33,26,7.9231,26,15.9231,6.0,6,6.9615,55.0447,1431.161,45.94,0.0,1.038,206,1,1,0,0,659.912,16849,1.2144,0,main,14.203,26,5,2
selfish,60,0.02,5,4.0,0,6,0.0,False,23032,626,205,216,0.9491,53,4,33,31,9.8387,25,17.0968,6.0,6,8.871,90.1238,2793.837,75.38,0.0,1.097,305,3,5,0,0,608.168,16120,1.4288,0,main,27.449,24,3,6
selfish,60,0.02,6,4.0,0,6,0.0,False,22910,533,158,184,0.8587,39,11,33,29,9.2414,23,16.4828,5.9505,6,9.0,84.3644,2446.568,42.08,0.0,1.034,268,5,15,0,1,509.194,16009,1.4311,0,main,23.165,22,10,1
selfish,60,0.02,7,4.0,0,6,0.0,False,24446,609,185,216,0.8565,43,15,33,29,6.8621,26,14.0345,6.0,6,6.5517,183.9122,5333.453,89.7,0.0,1.069,199,3,3,0,0,817.853,16605,1.4722,0,main,27.78,25,2,6
selfish,60,0.02,8,4.0,0,6,0.0,False,22781,568,176,216,0.8148,41,16,33,28,7.1071,26,14.6071,6.0,6,6.2143,43.3423,1213.584,78.0,0.0,1.107,199,3,3,0,0,718.188,15359,1.4832,0,main,12.267,24,3,6
selfish,60,0.02,9,4.0,0,6,0.0,False,19681,491,178,192,0.9271,46,7,33,26,6.1154,16,12.6923,6.0,6,5.7308,35.8126,931.127,59.66,0.0,1.077,159,0,0,0,0,840.964,15219,1.2932,0,main,8.61,23,8,2
selfish,60,0.02,10,4.0,0,6,0.0,False,23081,490,158,210,0.7524,30,23,33,23,7.4783,29,14.2609,6.0,6,6.913,41.7012,959.128,90.14,0.0,1.0,172,8,16,0,0,611.103,15418,1.497,0,main,10.047,21,7,5
selfish,60,0.02,11,4.0,0,6,0.0,False,18630,505,185,198,0.9343,51,6,33,26,7.3846,25,14.3462,6.0,6,6.9615,55.8092,1451.039,55.38,0.0,1.077,192,1,1,0,0,888.522,15204,1.2253,0,main,13.268,27,3,3
selfish,60,0.02,12,4.0,0,6,0.0,False,23125,510,162,216,0.75,37,19,33,26,9.4615,32,16.6538,5.9783,6,8.9231,204.066,5305.717,125.5,0.0,1.231,246,11,15,0,0,897.838,17036,1.3574,0,main,33.874,22,5,6
greedy_pgp,60,0.02,1,4.0,0,6,0.0,False,25686,576,166,216,0.7685,33,22,33,26,7.8462,27,16.2308,6.0,6,7.8077,10.5355,273.924,140.16,1.96,1.0,24,6,6,0,0,572.227,15501,1.6571,0,main,15.095,22,5,6
greedy_pgp,60,0.02,2,4.0,0,6,0.0,False,20239,431,163,204,0.799,36,17,33,27,5.5556,25,12.5926,5.942,6,5.4444,6.1589,166.291,78.95,1.74,1.074,30,2,2,0,0,559.984,15422,1.3123,0,main,9.971,20,8,5
greedy_pgp,60,0.02,3,4.0,0,6,0.0,False,19054,461,175,192,0.9115,46,9,33,30,6.8,23,11.7667,6.0,6,6.7667,3.8869,116.608,69.14,1.97,1.067,12,1,1,0,0,531.286,15436,1.2344,0,main,10.641,26,5,2
greedy_pgp,60,0.02,4,4.0,0,6,0.0,False,21909,596,185,192,0.9635,51,4,33,27,7.4074,21,15.1852,5.9398,6,7.1852,10.0585,271.579,72.24,1.89,1.074,36,1,1,0,0,659.912,16849,1.3003,0,main,13.461,26,5,2
greedy_pgp,60,0.02,5,4.0,0,6,0.0,False,22861,567,195,216,0.9028,49,8,33,30,9.4667,29,16.9667,6.0,6,9.4,25.3895,761.686,118.26,2.07,1.033,78,3,3,0,0,608.168,16120,1.4182,0,main,24.467,24,3,6
greedy_pgp,60,0.02,6,4.0,0,6,0.0,False,22804,519,151,184,0.8207,37,13,33,27,9.6667,26,15.4444,6.0,6,9.6296,20.786,561.223,79.26,2.0,1.074,78,6,19,0,0,509.194,16009,1.4244,0,main,18.116,22,10,1
greedy_pgp,60,0.02,7,4.0,0,6,0.0,False,23340,534,179,216,0.8287,40,18,33,30,7.0667,30,13.8,6.0,6,7.0,19.7662,592.986,114.11,1.87,1.033,36,2,2,0,0,817.853,16605,1.4056,0,main,21.19,25,2,6
greedy_pgp,60,0.02,8,4.0,0,6,0.0,False,24556,559,155,216,0.7176,34,23,33,28,6.5714,27,12.8214,5.8933,6,6.5,12.4206,347.777,112.0,1.68,1.143,60,5,18,0,0,718.188,15359,1.5988,0,main,10.712,24,3,6
greedy_pgp,60,0.02,9,4.0,0,6,0.0,False,20166,577,185,192,0.9635,49,4,33,24,6.625,17,12.2083,6.0,6,6.3333,7.0468,169.123,83.52,2.25,1.083,30,0,0,0,0,819.668,15219,1.3251,0,main,7.312,23,8,2
greedy_pgp,60,0.02,10,4.0,0,6,0.0,False,23083,496,158,210,0.7524,30,23,33,24,6.5,34,12.375,5.9153,6,6.375,6.3111,151.466,88.94,1.75,1.083,24,5,13,0,0,576.339,15418,1.4971,0,main,8.48,21,7,5
greedy_pgp,60,0.02,11,4.0,0,6,0.0,False,18702,495,185,198,0.9343,50,7,33,24,8.2083,29,14.6667,6.0,6,8.0833,13.1785,316.284,81.6,1.88,1.042,54,1,1,0,0,888.522,15204,1.2301,0,main,10.927,27,3,3
greedy_pgp,60,0.02,12,4.0,0,6,0.0,False,25553,614,160,216,0.7407,38,18,33,28,10.3214,34,16.1429,5.9381,6,10.25,19.606,548.968,145.03,1.96,1.179,78,12,19,0,0,897.838,17036,1.4999,0,main,24.598,22,5,6
adopt,60,0.02,1,4.0,0,6,0.0,False,26131,627,178,216,0.8241,37,18,33,26,8.7692,29,17.0769,6.0,6,8.7308,10.1732,264.503,336.3,12.88,1.038,0,6,7,0,0,551.002,15501,1.6858,0,main,15.335,22,5,6
adopt,60,0.02,2,4.0,0,6,0.0,False,20023,431,165,204,0.8088,37,16,33,26,5.6538,25,12.7308,6.0,6,5.4615,8.2461,214.398,270.92,13.73,1.038,0,2,2,0,0,489.13,15422,1.2983,0,main,10.386,20,8,5
adopt,60,0.02,3,4.0,0,6,0.0,False,18863,457,175,192,0.9115,47,8,33,30,6.9,23,12.1667,6.0,6,6.8667,7.2909,218.728,246.14,11.27,1.067,0,1,1,0,0,531.286,15436,1.222,0,main,11.134,26,5,2
adopt,60,0.02,4,4.0,0,6,0.0,False,23229,596,173,192,0.901,45,10,33,27,7.0741,21,15.1481,6.0,6,6.8519,8.976,242.352,258.97,10.78,1.037,0,5,6,0,0,659.912,16849,1.3787,0,main,13.051,26,5,2
adopt,60,0.02,5,4.0,0,6,0.0,False,23132,556,196,216,0.9074,49,8,33,30,9.6,29,17.4667,6.0,6,9.5333,15.1615,454.845,461.23,17.4,1.033,6,3,3,0,0,602.616,16120,1.435,0,main,26.529,24,3,6
adopt,60,0.02,6,4.0,0,6,0.0,False,20602,432,151,184,0.8207,37,13,33,27,9.8519,26,15.4815,5.9419,6,9.7407,9.447,255.069,293.74,13.26,1.074,0,7,17,0,1,541.953,16009,1.2869,0,main,17.228,22,10,1
adopt,60,0.02,7,4.0,0,6,0.0,False,23340,534,179,216,0.8287,40,18,33,30,7.0333,30,13.8,6.0,6,6.9667,7.4426,223.277,271.82,11.4,1.033,0,2,2,0,0,817.853,16605,1.4056,0,main,20.979,25,2,6
adopt,60,0.02,8,4.0,0,6,0.0,False,25282,595,149,216,0.6898,34,23,33,29,5.931,24,12.8276,5.8933,6,5.8621,7.7242,224.003,247.42,11.79,1.379,0,5,19,0,0,718.188,15359,1.6461,0,main,10.405,24,3,6
adopt,60,0.02,9,4.0,0,6,0.0,False,19972,577,186,192,0.9688,50,3,33,25,6.72,17,12.32,6.0,6,6.52,6.3886,159.715,204.74,9.84,1.12,0,0,0,0,0,772.308,15219,1.3123,0,main,7.756,23,8,2
adopt,60,0.02,10,4.0,0,6,0.0,False,21327,445,153,210,0.7286,30,23,33,22,7.0909,32,14.6818,6.0,6,7.0,7.7656,170.843,235.24,10.73,1.091,0,4,12,0,0,556.457,15418,1.3833,0,main,8.522,21,7,5
adopt,60,0.02,11,4.0,0,6,0.0,False,18789,495,183,198,0.9242,49,8,33,24,7.75,25,14.7083,6.0,6,7.75,7.5518,181.244,224.33,10.46,1.083,0,1,1,0,0,888.522,15204,1.2358,0,main,10.962,27,3,3
adopt,60,0.02,12,4.0,0,6,0.0,False,22779,485,158,216,0.7315,35,21,33,28,9.7857,34,15.5357,5.8817,6,9.75,11.7137,327.984,361.21,13.89,1.107,6,12,23,0,0,897.838,17036,1.3371,0,main,24.941,22,5,6
cbs,60,0.02,1,4.0,0,6,0.0,False,21826,461,169,216,0.7824,38,17,33,25,5.84,25,17.92,6.5119,10,5.72,204.7484,5118.71,108.56,7.68,1.04,798,0,0,1,0,572.227,15501,1.408,0,main,26.513,22,5,6
cbs,60,0.02,2,4.0,0,6,0.0,False,20258,432,163,204,0.799,37,16,33,27,4.6667,26,13.2593,6.1714,10,4.4815,102.7137,2773.269,56.71,6.0,1.074,551,0,0,0,0,559.984,15422,1.3136,0,main,14.973,20,8,5
cbs,60,0.02,3,4.0,0,6,0.0,False,19169,458,176,192,0.9167,46,9,33,31,5.2258,20,12.0,6.3478,10,5.1935,135.38,4196.78,42.87,8.97,1.097,800,0,0,0,0,523.602,15436,1.2418,0,main,19.121,26,5,2
cbs,60,0.02,4,4.0,0,6,0.0,False,22147,597,183,192,0.9531,50,5,33,28,5.3214,21,15.25,6.4615,10,5.1786,145.2738,4067.666,39.63,7.64,1.036,687,0,0,1,0,650.478,16849,1.3144,0,main,22.02,26,5,2
cbs,60,0.02,5,4.0,0,6,0.0,False,25675,694,183,216,0.8472,45,12,33,29,6.7586,27,17.3103,6.5306,10,6.6207,355.2978,10303.635,83.37,10.17,1.069,1152,1,1,3,0,602.228,16120,1.5927,0,main,44.135,24,3,6
cbs,60,0.02,6,4.0,0,6,0.0,False,20201,432,158,186,0.8495,40,10,33,27,6.5926,21,15.8889,6.6296,10,6.5185,217.2642,5866.134,53.53,10.44,1.111,986,1,1,1,0,554.992,16009,1.2619,0,main,27.637,22,10,1
cbs,60,0.02,7,4.0,0,6,0.0,False,23339,560,179,216,0.8287,41,17,33,28,5.7857,24,14.3571,6.2254,10,5.7857,182.3762,5106.534,94.06,7.39,1.036,764,0,0,0,0,802.833,16605,1.4055,0,main,21.498,25,2,6
cbs,60,0.02,8,4.0,0,6,0.0,False,25930,599,148,216,0.6852,32,25,33,31,4.3226,19,13.129,6.5584,10,4.2581,82.5505,2559.067,73.85,6.55,1.161,613,1,5,1,0,726.26,15359,1.6883,0,main,16.962,24,3,6
cbs,60,0.02,9,4.0,0,6,0.0,False,20843,550,177,192,0.9219,45,8,33,26,5.4615,18,13.3462,6.3175,10,5.3462,90.1832,2344.763,59.66,8.42,1.115,625,0,0,1,0,840.964,15219,1.3695,0,main,12.9,23,8,2
cbs,60,0.02,10,4.0,0,6,0.0,False,24675,554,154,210,0.7333,31,22,33,22,4.9545,26,14.9091,6.7241,10,4.7727,93.5155,2057.34,74.53,7.64,1.136,496,1,3,1,0,611.103,15418,1.6004,0,main,13.746,21,7,5
cbs,60,0.02,11,4.0,0,6,0.0,False,18674,496,187,198,0.9444,51,6,33,28,6.3571,20,15.1786,6.3077,10,6.25,161.3567,4517.988,43.06,12.39,1.071,960,0,0,0,0,847.568,15204,1.2282,0,main,20.842,27,3,3
cbs,60,0.02,12,4.0,0,6,0.0,False,23961,519,153,216,0.7083,34,22,33,25,7.12,31,18.08,6.6824,10,6.96,546.661,13666.524,124.46,9.48,1.08,933,1,2,2,0,883.737,17036,1.4065,0,main,62.707,22,5,6
full_replan,60,0.02,1,4.0,0,6,0.0,False,19305,479,206,216,0.9537,52,3,33,32,33.9375,60,60.0,60.0,60,33.9375,1082.6732,34645.543,98.14,0.0,0.0,1920,30,0,0,0,554.326,15501,1.2454,0,main,35.076,22,5,6
full_replan,60,0.02,2,4.0,0,6,0.0,False,19821,514,196,204,0.9608,50,3,33,31,24.871,60,60.0,60.0,60,24.871,512.7606,15895.579,72.12,0.0,0.0,1860,29,0,0,0,540.097,15422,1.2852,0,main,16.262,20,8,5
full_replan,60,0.02,3,4.0,0,6,0.0,False,17357,393,188,192,0.9792,54,1,33,31,29.9355,58,60.0,60.0,60,29.9355,217.9634,6756.864,46.84,0.0,0.0,1860,0,0,0,0,531.286,15436,1.1244,0,main,7.088,26,5,2
full_replan,60,0.02,4,4.0,0,6,0.0,False,19281,430,192,192,1.0,54,1,33,31,30.8387,60,60.0,60.0,60,30.8387,235.2307,7292.153,44.39,0.0,0.0,1860,0,0,0,0,659.912,16849,1.1443,0,main,7.633,26,5,2
full_replan,60,0.02,5,4.0,0,6,0.0,False,20078,560,208,216,0.963,55,2,33,29,37.0345,58,60.0,60.0,60,37.0345,2179.0143,63191.416,78.0,0.0,0.0,1740,29,0,0,0,599.706,16120,1.2455,0,main,63.6,24,3,6
full_replan,60,0.02,6,4.0,0,6,0.0,False,21407,606,186,186,1.0,50,0,33,30,32.0667,60,60.0,60.0,60,32.0667,286.4839,8594.516,38.78,0.0,0.0,1800,0,0,0,0,557.196,16009,1.3372,0,main,9.016,22,10,1
full_replan,60,0.02,7,4.0,0,6,0.0,False,19409,506,214,216,0.9907,58,0,33,29,34.6897,60,60.0,60.0,60,34.6897,311.7561,9040.927,76.19,0.0,0.0,1740,1,0,0,0,887.795,16605,1.1689,0,main,9.428,25,2,6
full_replan,60,0.02,8,4.0,0,6,0.0,False,22896,563,168,216,0.7778,40,17,33,31,29.871,60,60.0,60.0,60,29.871,520.4722,16134.64,80.85,0.0,0.0,1860,26,0,0,0,692.765,15359,1.4907,0,main,16.519,24,3,6
full_replan,60,0.02,9,4.0,0,6,0.0,False,18089,464,191,191,1.0,52,1,33,29,28.7931,59,60.0,60.0,60,28.7931,210.7991,6113.174,50.47,0.0,0.0,1740,0,0,0,0,772.308,15219,1.1886,0,main,6.454,23,8,2
full_replan,60,0.02,10,4.0,0,6,0.0,False,19111,406,181,210,0.8619,43,10,33,30,28.5333,60,60.0,60.0,60,28.5333,863.4751,25904.252,77.95,0.0,0.0,1800,27,0,0,0,556.457,15418,1.2395,0,main,26.207,21,7,5
full_replan,60,0.02,11,4.0,0,6,0.0,False,17137,398,193,198,0.9747,56,1,33,31,31.7097,60,60.0,60.0,60,31.7097,471.9252,14629.682,47.89,0.0,0.0,1860,23,0,0,0,854.769,15204,1.1271,0,main,14.961,27,3,3
full_replan,60,0.02,12,4.0,0,6,0.0,False,21311,520,191,216,0.8843,49,7,33,31,33.4839,60,60.0,60.0,60,33.4839,11179.0078,346549.242,105.61,0.0,0.0,1860,27,0,0,0,878.912,17036,1.2509,0,main,347.001,22,5,6
selfish,60,0.03,1,4.0,0,6,0.0,False,26960,602,193,228,0.8465,35,16,50,38,8.9211,25,17.1579,6.0,6,8.2368,72.1669,2742.343,101.51,0.0,1.105,339,7,8,0,0,573.612,15501,1.7392,0,main,26.07,33,9,8
selfish,60,0.03,2,4.0,0,6,0.0,False,27738,513,129,230,0.5609,17,31,50,39,6.7692,27,13.3846,6.0,6,6.0256,44.7071,1743.577,113.13,0.0,1.103,264,15,33,0,0,521.018,15422,1.7986,0,main,18.099,28,13,9
selfish,60,0.03,3,4.0,0,6,0.0,False,21272,494,174,203,0.8571,40,14,50,45,6.1333,20,12.7111,5.9636,6,5.8444,41.0842,1848.79,48.64,0.0,1.111,276,8,11,0,0,523.602,15436,1.3781,0,main,19.404,40,6,4
selfish,60,0.03,4,4.0,0,6,0.0,False,26556,611,165,210,0.7857,38,15,50,41,6.6585,23,12.9268,5.9528,6,6.122,49.83,2043.029,60.58,0.0,1.0,273,7,19,0,0,650.478,16849,1.5761,0,main,19.926,37,8,5
selfish,60,0.03,5,4.0,0,6,0.0,False,27291,650,178,228,0.7807,38,17,50,41,10.3171,29,17.6585,6.0,6,9.4146,108.2508,4438.285,65.74,0.0,1.049,423,8,15,0,0,648.574,16120,1.693,0,main,46.437,37,5,8
selfish,60,0.03,6,4.0,0,6,0.0,False,28001,625,166,210,0.7905,32,17,50,43,9.814,23,17.4186,6.0,6,8.814,128.0467,5506.008,64.68,0.0,1.07,422,6,19,0,0,545.657,16009,1.7491,0,main,44.602,34,11,5
selfish,60,0.03,7,4.0,0,6,0.0,False,24695,553,183,214,0.8551,39,15,50,42,8.2857,26,15.5952,6.0,6,7.9048,98.284,4127.928,63.56,0.0,1.048,348,7,7,0,1,802.833,16605,1.4872,0,main,34.364,38,6,6
selfish,60,0.03,8,4.0,0,6,0.0,False,24057,498,170,228,0.7456,29,27,50,41,6.7561,26,13.561,6.0,6,6.122,41.8112,1714.26,77.0,0.0,1.171,277,8,12,0,0,726.26,15359,1.5663,0,main,17.695,38,4,8
selfish,60,0.03,9,4.0,0,6,0.0,False,23461,523,177,203,0.8719,32,19,50,41,6.5854,16,13.1707,5.9906,6,6.122,93.4223,3830.314,63.85,0.0,1.122,270,3,9,0,2,840.964,15219,1.5416,0,main,37.368,36,10,4
selfish,60,0.03,10,4.0,0,6,0.0,False,26559,541,168,234,0.7179,28,24,50,40,8.25,29,15.175,6.0,6,7.325,51.0925,2043.699,88.39,0.0,1.1,330,8,16,0,0,611.103,15418,1.7226,0,main,20.103,33,8,9
selfish,60,0.03,11,4.0,0,6,0.0,False,23923,542,190,240,0.7917,40,17,50,39,8.0256,25,15.3333,6.0,6,7.4103,56.7649,2213.83,91.44,0.0,1.077,313,3,3,0,0,857.574,15204,1.5735,0,main,22.146,37,3,10
selfish,60,0.03,12,4.0,0,6,0.0,False,24992,512,159,228,0.6974,29,25,50,33,8.3939,32,15.303,6.0,6,7.8788,168.6582,5565.721,117.68,0.0,1.152,277,13,17,0,0,923.848,17036,1.467,0,main,39.863,35,7,8
greedy_pgp,60,0.03,1,4.0,0,6,0.0,False,28546,633,180,228,0.7895,32,19,50,39,7.2051,27,14.8462,6.0,6,7.1538,7.1717,279.697,137.66,2.05,1.0,30,10,12,0,0,551.002,15501,1.8416,0,main,20.896,33,9,8
greedy_pgp,60,0.03,2,4.0,0,6,0.0,False,25503,475,132,230,0.5739,20,28,50,42,5.6429,27,12.8095,5.945,6,5.619,5.8863,247.225,131.14,1.76,1.214,30,10,25,0,0,489.13,15422,1.6537,0,main,17.3,28,13,9
greedy_pgp,60,0.03,3,4.0,0,6,0.0,False,21690,509,173,204,0.848,40,14,50,43,6.8837,23,12.2791,6.0,6,6.7907,7.3203,314.772,80.74,1.79,1.07,60,8,11,0,0,499.887,15436,1.4052,0,main,16.145,40,6,4
greedy_pgp,60,0.03,4,4.0,0,6,0.0,False,27717,627,166,210,0.7905,36,17,50,42,6.881,24,13.7381,5.9558,6,6.7143,9.7764,410.61,103.5,1.9,1.071,54,6,18,0,0,646.955,16849,1.645,0,main,19.779,37,8,5
greedy_pgp,60,0.03,5,4.0,0,6,0.0,False,26601,763,209,228,0.9167,48,7,50,42,9.9524,26,18.0952,6.0,6,9.8095,18.0659,758.769,124.42,2.17,1.0,66,4,5,0,0,599.706,16120,1.6502,0,main,37.628,37,5,8
greedy_pgp,60,0.03,6,4.0,0,6,0.0,False,30185,698,155,209,0.7416,31,18,50,43,9.4651,27,15.9302,6.0,6,9.2558,18.3824,790.445,99.2,1.98,1.116,96,8,23,0,0,557.196,16009,1.8855,0,main,29.307,34,11,5
greedy_pgp,60,0.03,7,4.0,0,6,0.0,False,26328,658,189,216,0.875,40,14,50,42,9.3333,29,15.4762,6.0,6,9.2381,24.1613,1014.776,94.72,1.95,1.048,78,4,4,0,0,827.559,16605,1.5855,0,main,35.352,38,6,6
greedy_pgp,60,0.03,8,4.0,0,6,0.0,False,27693,604,160,228,0.7018,29,27,50,40,6.625,27,13.175,6.0,6,6.375,11.62,464.799,107.96,1.73,1.2,90,12,27,0,0,724.064,15359,1.803,0,main,14.545,38,4,8
greedy_pgp,60,0.03,9,4.0,0,6,0.0,False,21387,495,190,204,0.9314,42,9,50,40,7.925,18,13.625,6.0,6,7.725,11.972,478.879,102.25,2.0,1.075,78,0,0,0,0,829.002,15219,1.4053,0,main,16.191,36,10,4
greedy_pgp,60,0.03,10,4.0,0,6,0.0,False,28484,621,169,234,0.7222,29,23,50,40,7.125,34,14.675,6.0,6,7.025,7.9778,319.113,114.23,1.77,1.2,42,8,16,0,0,580.935,15418,1.8475,0,main,16.878,33,8,9
greedy_pgp,60,0.03,11,4.0,0,6,0.0,False,24399,584,209,240,0.8708,45,12,50,42,7.5714,28,14.7857,6.0,6,7.5238,9.1349,383.668,117.93,1.76,1.024,60,1,1,0,0,863.457,15204,1.6048,0,main,21.019,37,3,10
greedy_pgp,60,0.03,12,4.0,0,6,0.0,False,28455,576,158,228,0.693,26,28,50,35,10.1143,34,16.3429,5.9587,6,10.0286,14.7849,517.472,137.16,1.97,1.114,54,14,28,0,0,933.926,17036,1.6703,0,main,54.377,35,7,8
adopt,60,0.03,1,4.0,0,6,0.0,False,32679,748,178,228,0.7807,30,21,50,37,7.3784,28,14.8378,6.0,6,7.3243,10.4315,385.967,343.98,13.73,1.0,0,6,8,0,0,554.326,15501,2.1082,0,main,19.16,33,9,8
adopt,60,0.03,2,4.0,0,6,0.0,False,27911,528,134,230,0.5826,20,28,50,41,5.7317,29,12.561,5.951,6,5.7317,7.6059,311.842,270.85,10.56,1.195,0,14,31,0,0,540.097,15422,1.8098,0,main,16.495,28,13,9
adopt,60,0.03,3,4.0,0,6,0.0,False,22299,508,167,204,0.8186,37,17,50,41,7.0244,23,12.561,5.9798,6,6.878,7.2482,297.175,250.96,11.78,1.122,0,6,10,0,0,521.334,15436,1.4446,0,main,15.401,40,6,4
adopt,60,0.03,4,4.0,0,6,0.0,False,28417,628,163,210,0.7762,35,18,50,41,6.9024,22,14.0,6.0,6,6.7805,9.4448,387.238,311.45,12.2,1.122,0,4,15,0,0,649.988,16849,1.6866,0,main,19.476,37,8,5
adopt,60,0.03,5,4.0,0,6,0.0,False,29953,645,173,228,0.7588,28,27,50,42,9.881,29,17.5,6.0,6,9.7381,14.0249,589.046,449.65,15.26,1.071,0,9,21,0,0,602.616,16120,1.8581,0,main,50.628,37,5,8
adopt,60,0.03,6,4.0,0,6,0.0,False,31033,703,157,210,0.7476,30,19,50,44,9.4545,26,16.3864,6.0,6,9.2273,10.6111,466.89,321.73,13.98,1.023,0,10,28,0,0,541.953,16009,1.9385,0,main,32.451,34,11,5
adopt,60,0.03,7,4.0,0,6,0.0,False,26409,665,193,216,0.8935,41,13,50,42,9.3571,29,15.619,6.0,6,9.2857,10.6481,447.221,285.48,12.71,1.048,6,2,2,0,0,887.795,16605,1.5904,0,main,36.974,38,6,6
adopt,60,0.03,8,4.0,0,6,0.0,False,29407,640,152,228,0.6667,26,30,50,42,6.2619,25,12.9048,5.9524,6,6.1429,7.0985,298.136,215.28,9.86,1.167,0,10,28,0,0,692.765,15359,1.9146,0,main,14.786,38,4,8
adopt,60,0.03,9,4.0,0,6,0.0,False,22637,540,189,204,0.9265,41,10,50,39,8.1282,19,14.2564,6.0,6,8.0256,8.0633,314.47,262.67,12.36,1.051,0,0,0,0,0,772.308,15219,1.4874,0,main,17.656,36,10,4
adopt,60,0.03,10,4.0,0,6,0.0,False,30846,686,171,234,0.7308,29,23,50,39,7.2564,32,14.7949,6.0,6,7.1538,9.5021,370.583,289.82,11.36,1.103,0,4,12,0,0,556.457,15418,2.0006,0,main,18.104,33,8,9
adopt,60,0.03,11,4.0,0,6,0.0,False,24433,578,205,240,0.8542,43,14,50,43,7.7209,27,15.186,6.0,6,7.6047,9.826,422.519,317.89,14.21,1.0,0,3,3,0,0,939.727,15204,1.607,0,main,24.996,37,3,10
adopt,60,0.03,12,4.0,0,6,0.0,False,26964,466,111,228,0.4868,6,48,50,23,10.4348,34,16.0435,5.8375,6,10.3478,13.0154,299.355,343.27,11.52,1.478,12,6,15,0,64,957.402,17036,1.5828,0,main,20.936,35,7,8
cbs,60,0.03,1,4.0,0,6,0.0,False,30399,648,177,228,0.7763,29,22,50,41,5.1707,25,17.3415,6.752,10,5.122,195.7137,8024.261,101.81,9.24,1.22,1251,0,0,3,0,572.227,15501,1.9611,0,main,46.97,33,9,8
cbs,60,0.03,2,4.0,0,6,0.0,False,26592,491,128,231,0.5541,18,30,50,42,3.8333,26,14.5238,6.9035,10,3.7381,124.29,5220.178,98.67,7.31,1.262,941,2,8,2,0,559.984,15422,1.7243,0,main,33.047,28,13,9
cbs,60,0.03,3,4.0,0,6,0.0,False,19877,426,171,204,0.8382,39,15,50,44,5.3182,20,13.2727,6.4766,10,5.2727,165.5728,7285.204,55.2,11.07,1.159,1493,0,0,1,0,564.256,15436,1.2877,0,main,33.887,40,6,4
cbs,60,0.03,4,4.0,0,6,0.0,False,28350,650,163,210,0.7762,37,16,50,42,4.9762,20,14.6667,6.6036,10,4.9286,143.4229,6023.762,67.93,8.21,1.024,1071,1,3,1,0,660.522,16849,1.6826,0,main,33.107,37,8,5
cbs,60,0.03,5,4.0,0,6,0.0,False,37739,645,98,227,0.4317,3,52,50,33,4.2424,29,15.1212,6.6667,10,4.2121,414.9901,13694.673,76.3,8.55,1.455,1094,2,2,4,71,608.168,16120,2.3411,0,main,90.661,37,5,8
cbs,60,0.03,6,4.0,0,6,0.0,False,26662,582,155,210,0.7381,32,17,50,43,6.093,22,17.8372,6.8662,10,5.9535,256.2005,11016.621,65.83,10.44,1.047,1496,4,11,4,0,509.194,16009,1.6654,0,main,62.979,34,11,5
cbs,60,0.03,7,4.0,0,6,0.0,False,24571,576,191,216,0.8843,41,13,50,43,6.3023,23,16.4419,6.7244,10,6.2326,187.4237,8059.22,74.22,9.14,1.047,1263,0,0,2,0,883.046,16605,1.4797,0,main,74.199,38,6,6
cbs,60,0.03,8,4.0,0,6,0.0,False,28904,608,146,228,0.6404,24,32,50,39,4.6154,18,14.1282,6.4571,10,4.4615,89.2552,3480.955,80.88,6.56,1.205,842,1,8,1,0,744.023,15359,1.8819,0,main,21.918,38,4,8
cbs,60,0.03,9,4.0,0,6,0.0,False,22944,587,187,204,0.9167,41,10,50,38,6.5263,17,15.0263,6.1852,10,6.3947,129.2002,4909.608,75.14,7.95,1.026,1108,0,0,1,0,848.331,15219,1.5076,0,main,23.714,36,10,4
cbs,60,0.03,10,4.0,0,6,0.0,False,33017,700,163,234,0.6966,25,27,50,40,4.925,26,14.875,6.6545,10,4.75,114.3331,4573.323,88.75,7.12,1.1,986,1,5,1,0,574.004,15418,2.1415,0,main,28.674,33,8,9
cbs,60,0.03,11,4.0,0,6,0.0,False,24974,566,192,240,0.8,39,18,50,43,5.8837,26,15.7442,6.3438,10,5.814,187.5063,8062.772,81.77,11.95,1.07,1447,0,0,1,0,857.574,15204,1.6426,0,main,36.651,37,3,10
cbs,60,0.03,12,4.0,0,6,0.0,False,26953,533,146,228,0.6404,23,31,50,35,5.6857,31,15.6857,6.8081,10,5.6,399.0678,13967.373,100.69,7.43,1.171,1001,3,7,3,0,923.848,17036,1.5821,0,main,62.881,35,7,8
full_replan,60,0.03,1,4.0,0,6,0.0,False,23165,586,210,228,0.9211,44,7,50,49,31.3265,60,60.0,60.0,60,31.3265,1144.4367,56077.4,73.55,0.0,0.0,2940,46,0,0,0,554.015,15501,1.4944,0,main,56.767,33,9,8
full_replan,60,0.03,2,4.0,0,6,0.0,False,26129,507,180,228,0.7895,27,21,50,48,26.875,60,60.0,60.0,60,26.875,1531.1291,73494.195,84.51,0.0,0.0,2880,46,0,0,0,493.066,15422,1.6943,0,main,74.104,28,13,9
full_replan,60,0.03,3,4.0,0,6,0.0,False,19391,484,187,201,0.9303,49,5,50,48,30.2083,58,60.0,60.0,60,30.2083,957.5137,45960.659,43.19,0.0,0.0,2880,43,0,0,0,523.602,15436,1.2562,0,main,46.467,40,6,4
full_replan,60,0.03,4,4.0,0,6,0.0,False,23185,468,167,210,0.7952,39,14,50,49,25.9592,60,60.0,60.0,60,25.9592,745.4113,36525.156,53.0,0.0,0.0,2940,43,0,0,0,650.478,16849,1.376,0,main,37.109,37,8,5
full_replan,60,0.03,5,4.0,0,6,0.0,False,23184,535,204,228,0.8947,47,8,50,48,36.1667,58,60.0,60.0,60,36.1667,2304.0958,110596.6,68.9,0.0,0.0,2880,48,0,0,0,593.744,16120,1.4382,0,main,111.239,37,5,8
full_replan,60,0.03,6,4.0,0,6,0.0,False,21848,517,200,210,0.9524,47,2,50,47,31.6383,60,60.0,60.0,60,31.6383,3773.4325,177351.328,59.54,0.0,0.0,2820,23,0,0,0,525.811,16009,1.3647,0,main,178.032,34,11,5
full_replan,60,0.03,7,4.0,0,6,0.0,False,23191,605,212,216,0.9815,51,3,50,49,33.6122,60,60.0,60.0,60,33.6122,1804.7162,88431.092,62.31,0.0,0.0,2940,24,0,0,0,817.853,16605,1.3966,0,main,89.141,38,6,6
full_replan,60,0.03,8,4.0,0,6,0.0,False,23293,515,163,228,0.7149,34,22,50,48,24.3958,60,60.0,60.0,60,24.3958,534.3271,25647.703,77.68,0.0,0.0,2880,42,0,0,0,718.188,15359,1.5166,0,main,26.196,38,4,8
full_replan,60,0.03,9,4.0,0,6,0.0,False,23431,514,132,204,0.6471,32,19,50,45,17.9333,60,60.0,60.0,60,17.9333,482.2515,21701.315,55.43,0.0,0.0,2700,41,0,0,0,848.331,15219,1.5396,0,main,22.21,36,10,4
full_replan,60,0.03,10,4.0,0,6,0.0,False,25104,592,195,234,0.8333,40,12,50,46,29.8478,60,60.0,60.0,60,29.8478,965.4396,44410.223,74.11,0.0,0.0,2760,39,0,0,0,574.004,15418,1.6282,0,main,45.016,33,8,9
full_replan,60,0.03,11,4.0,0,6,0.0,False,19718,550,227,240,0.9458,55,2,50,47,36.3404,60,60.0,60.0,60,36.3404,1005.8104,47273.087,84.7,0.0,0.0,2820,38,0,0,0,853.623,15204,1.2969,0,main,47.925,37,3,10
full_replan,60,0.03,12,4.0,0,6,0.0,False,26118,575,171,228,0.75,35,19,50,48,31.1042,60,60.0,60.0,60,31.1042,13964.2734,670285.125,76.35,0.0,0.0,2880,44,0,0,0,935.867,17036,1.5331,0,main,670.872,35,7,8
selfish,60,0.04,1,4.0,0,6,0.0,False,35086,734,177,240,0.7375,26,21,66,52,8.1731,25,15.1154,5.9684,6,7.4231,96.3766,5011.582,97.91,0.0,1.019,425,17,23,0,1,573.612,15501,2.2635,0,main,39.391,42,14,10
selfish,60,0.04,2,4.0,0,6,0.0,False,26384,467,136,242,0.562,15,31,66,49,6.4694,27,12.9592,5.9921,6,6.0,50.0635,2453.114,107.69,0.0,1.245,317,17,38,0,0,521.018,15422,1.7108,0,main,22.657,39,16,11
selfish,60,0.04,3,4.0,0,6,0.0,False,24461,487,160,216,0.7407,25,26,66,58,6.4655,24,13.0517,5.9863,6,6.2069,54.2038,3143.819,49.73,0.0,1.121,375,11,25,0,0,523.602,15436,1.5847,0,main,30.104,51,9,6
selfish,60,0.04,4,4.0,0,6,0.0,False,30534,578,150,234,0.641,18,32,66,49,8.0408,26,15.4082,6.0,6,7.1633,59.1413,2897.924,91.68,0.0,1.061,394,13,36,0,0,650.478,16849,1.8122,0,main,29.327,45,12,9
selfish,60,0.04,5,4.0,0,6,0.0,False,29049,658,191,246,0.7764,36,16,66,53,9.4717,31,16.3208,6.0,6,8.7547,103.9167,5507.584,80.36,0.0,1.094,502,8,16,0,0,625.857,16120,1.802,0,main,51.724,47,8,11
selfish,60,0.04,6,4.0,0,6,0.0,False,30500,643,165,222,0.7432,29,20,66,58,9.0517,23,16.4655,6.0,6,8.2414,113.8684,6604.366,59.62,0.0,1.052,525,11,25,0,0,550.878,16009,1.9052,0,main,56.987,47,12,7
selfish,60,0.04,7,4.0,0,6,0.0,False,26898,607,194,228,0.8509,39,12,66,55,8.1273,26,15.1818,6.0,6,7.7273,83.0419,4567.306,60.89,0.0,1.073,447,7,9,0,0,848.128,16605,1.6199,0,main,37.974,49,9,8
selfish,60,0.04,8,4.0,0,6,0.0,False,25755,480,147,234,0.6282,18,35,66,47,6.8298,25,13.2979,5.9758,6,6.383,66.9762,3147.884,86.52,0.0,1.191,321,17,37,0,0,730.332,15359,1.6769,0,main,28.372,50,7,9
selfish,60,0.04,9,4.0,0,6,0.0,False,26263,618,186,215,0.8651,35,13,66,55,7.8364,17,14.4909,6.0,6,7.3636,56.123,3086.763,61.15,0.0,1.036,431,5,6,0,4,772.308,15219,1.7257,0,main,33.857,47,13,6
selfish,60,0.04,10,4.0,0,6,0.0,False,26330,508,186,252,0.7381,26,26,66,55,8.1818,29,15.0364,6.0,6,7.3091,62.6452,3445.486,77.99,0.0,1.091,450,14,30,0,0,556.457,15418,1.7077,0,main,33.214,46,8,12
selfish,60,0.04,11,4.0,0,6,0.0,False,28605,626,193,264,0.7311,33,24,66,55,7.3636,21,13.9818,5.9434,6,6.8727,55.2227,3037.249,107.81,0.0,1.127,405,13,21,0,0,887.587,15204,1.8814,0,main,31.252,49,3,14
selfish,60,0.04,12,4.0,0,6,0.0,False,27556,524,159,251,0.6335,22,30,66,51,8.2157,32,15.3333,6.0,6,7.6667,216.6678,11050.059,98.96,0.0,1.098,419,20,31,0,0,909.626,17036,1.6175,0,main,75.067,45,9,12
greedy_pgp,60,0.04,1,4.0,0,6,0.0,False,36488,774,158,240,0.6583,24,23,66,54,7.9259,27,14.6111,6.0,6,7.8333,21.4089,1156.083,128.31,1.93,1.093,90,20,31,0,0,573.612,15501,2.3539,0,main,44.766,42,14,10
greedy_pgp,60,0.04,2,4.0,0,6,0.0,False,29641,542,138,242,0.5702,17,29,66,50,5.68,27,12.3,6.0,6,5.62,5.8299,291.494,129.87,1.96,1.2,30,15,31,0,0,521.018,15422,1.922,0,main,19.532,39,16,11
greedy_pgp,60,0.04,3,4.0,0,6,0.0,False,22186,401,127,214,0.5935,12,39,66,41,8.2439,27,13.439,5.8505,6,8.1463,12.9998,532.99,88.7,1.83,1.366,84,9,11,0,45,514.41,15436,1.4373,0,main,18.947,51,9,6
greedy_pgp,60,0.04,4,4.0,0,6,0.0,False,25524,459,132,234,0.5641,14,36,66,53,7.6226,26,14.5094,5.9404,6,7.5094,10.9773,581.796,115.26,1.79,1.151,72,17,44,0,0,639.367,16849,1.5149,0,main,26.005,45,12,9
greedy_pgp,60,0.04,5,4.0,0,6,0.0,False,34616,751,186,246,0.7561,29,23,66,56,9.375,30,16.0179,5.9734,6,9.2679,40.3864,2261.64,125.57,2.07,1.071,174,13,27,0,0,602.616,16120,2.1474,0,main,56.234,47,8,11
greedy_pgp,60,0.04,6,4.0,0,6,0.0,False,31356,696,170,222,0.7658,31,18,66,55,10.2364,29,16.5636,6.0,6,10.0545,40.6888,2237.885,115.67,1.96,1.127,144,17,28,0,0,541.953,16009,1.9586,0,main,53.649,47,12,7
greedy_pgp,60,0.04,7,4.0,0,6,0.0,False,27428,612,201,228,0.8816,39,12,66,56,8.6429,29,15.3393,6.0,6,8.5536,39.4445,2208.89,95.3,2.0,1.089,114,7,7,0,0,848.128,16605,1.6518,0,main,44.548,49,9,8
greedy_pgp,60,0.04,8,4.0,0,6,0.0,False,26331,516,155,234,0.6624,22,31,66,46,8.1957,28,14.4348,5.9333,6,8.0217,14.8457,682.902,120.63,1.93,1.13,108,12,27,0,0,730.332,15359,1.7144,0,main,24.338,50,7,9
greedy_pgp,60,0.04,9,4.0,0,6,0.0,False,25190,690,205,215,0.9535,44,4,66,59,8.1356,19,13.9661,5.9689,6,8.0,16.6068,979.8,88.95,2.12,1.051,138,1,1,0,0,772.308,15219,1.6552,0,main,30.091,47,13,6
greedy_pgp,60,0.04,10,4.0,0,6,0.0,False,31579,629,169,252,0.6706,24,28,66,52,7.5385,34,14.7692,5.9936,6,7.4038,9.8305,511.187,113.89,1.98,1.077,72,16,35,0,0,556.457,15418,2.0482,0,main,25.292,46,8,12
greedy_pgp,60,0.04,11,4.0,0,6,0.0,False,27184,527,173,264,0.6553,25,32,66,54,7.537,28,13.7778,6.0,6,7.4074,9.8129,529.897,118.65,1.98,1.093,72,13,23,0,0,854.769,15204,1.788,0,main,30.536,49,3,14
greedy_pgp,60,0.04,12,4.0,0,6,0.0,False,31536,575,135,252,0.5357,11,41,66,49,7.8776,34,13.8367,5.9507,6,7.7959,22.6325,1108.992,130.38,1.76,1.143,60,21,35,0,2,878.912,17036,1.8511,0,main,46.276,45,9,12
adopt,60,0.04,1,4.0,0,6,0.0,False,28886,555,148,240,0.6167,21,26,66,52,7.3462,27,14.3654,6.0,6,7.2308,9.3659,487.028,301.89,11.96,1.115,0,18,25,0,0,573.612,15501,1.8635,0,main,57.353,42,14,10
adopt,60,0.04,2,4.0,0,6,0.0,False,28871,516,139,242,0.5744,16,30,66,53,6.0943,29,12.5094,6.0,6,6.0566,8.3623,443.204,294.51,12.6,1.245,0,16,32,0,0,521.018,15422,1.8721,0,main,20.501,39,16,11
adopt,60,0.04,3,4.0,0,6,0.0,False,23556,454,152,215,0.707,23,28,66,54,6.7963,27,12.3889,5.9538,6,6.5926,6.4733,349.56,213.55,9.48,1.167,0,12,28,0,0,527.623,15436,1.526,0,main,23.26,51,9,6
adopt,60,0.04,4,4.0,0,6,0.0,False,32249,637,146,234,0.6239,19,31,66,53,7.2642,26,14.4528,5.9669,6,7.1321,10.0082,530.435,314.93,12.68,1.245,0,11,37,0,0,660.127,16849,1.914,0,main,25.595,45,12,9
adopt,60,0.04,5,4.0,0,6,0.0,False,29870,500,104,246,0.4228,2,50,66,38,9.3158,30,15.2368,5.7769,6,9.2105,16.6554,632.905,451.04,14.21,1.184,18,7,10,0,62,599.706,16120,1.853,0,main,32.662,47,8,11
adopt,60,0.04,6,4.0,0,6,0.0,False,30208,651,171,221,0.7738,31,18,66,59,9.5593,29,16.1356,6.0,6,9.4237,11.9227,703.441,372.95,14.63,1.085,0,15,26,0,0,557.196,16009,1.8869,0,main,52.807,47,12,7
adopt,60,0.04,7,4.0,0,6,0.0,False,26071,553,196,228,0.8596,36,15,66,53,8.7736,29,15.4717,6.0,6,8.6792,9.7281,515.59,271.91,11.72,1.094,6,3,3,0,4,802.833,16605,1.5701,0,main,37.916,49,9,8
adopt,60,0.04,8,4.0,0,6,0.0,False,24049,451,147,234,0.6282,19,34,66,48,7.6042,28,14.2083,5.9635,6,7.5,7.4125,355.8,248.56,10.1,1.25,0,15,29,0,0,726.26,15359,1.5658,0,main,23.822,50,7,9
adopt,60,0.04,9,4.0,0,6,0.0,False,27825,699,196,215,0.9116,38,10,66,56,9.0,23,15.1071,5.9708,6,8.8393,9.9081,554.856,303.0,13.61,1.089,0,4,4,0,0,836.808,15219,1.8283,0,main,31.204,47,13,6
adopt,60,0.04,10,4.0,0,6,0.0,False,20760,346,114,252,0.4524,0,52,66,33,9.5455,32,18.1818,5.92,6,9.4242,13.6108,449.157,350.26,13.06,1.121,12,8,19,0,45,565.931,15418,1.3465,0,main,22.125,46,8,12
adopt,60,0.04,11,4.0,0,6,0.0,False,26747,565,174,264,0.6591,30,27,66,56,6.625,27,13.3036,5.965,6,6.5536,7.6064,425.958,269.96,11.32,1.107,0,13,20,0,0,863.457,15204,1.7592,0,main,25.332,49,3,14
adopt,60,0.04,12,4.0,0,6,0.0,False,30180,557,140,252,0.5556,14,38,66,49,8.2653,34,14.8163,5.9864,6,8.1224,9.4834,464.688,339.2,12.12,1.163,0,23,38,0,1,933.926,17036,1.7715,0,main,46.767,45,9,12
cbs,60,0.04,1,4.0,0,6,0.0,False,32751,686,173,240,0.7208,27,20,66,53,4.9057,25,16.7547,6.7643,10,4.8302,246.337,13055.86,100.24,8.06,1.17,1501,2,2,1,0,551.002,15501,2.1128,0,main,69.741,42,14,10
cbs,60,0.04,2,4.0,0,6,0.0,False,28234,509,125,243,0.5144,15,31,66,54,3.7037,26,13.5741,6.9111,10,3.537,122.1103,6593.956,95.72,8.74,1.185,1344,2,8,3,0,489.13,15422,1.8308,0,main,38.461,39,16,11
cbs,60,0.04,3,4.0,0,6,0.0,False,23398,476,163,216,0.7546,29,22,66,56,5.0,23,14.5714,6.7254,10,4.9286,169.7555,9506.309,52.92,8.39,1.232,1604,1,1,0,0,514.41,15436,1.5158,0,main,46.318,51,9,6
cbs,60,0.04,4,4.0,0,6,0.0,False,30177,557,135,234,0.5769,17,33,66,52,4.7308,25,15.6731,6.8267,10,4.6923,129.1572,6716.177,78.1,6.85,1.154,1095,3,7,2,0,639.367,16849,1.791,0,main,48.104,45,12,9
cbs,60,0.04,5,4.0,0,6,0.0,False,28564,645,195,246,0.7927,38,14,66,54,6.5926,25,18.6111,6.9153,10,6.4259,444.0529,23978.857,74.21,13.81,1.13,2664,4,5,10,1,602.228,16120,1.772,0,main,108.643,47,8,11
cbs,60,0.04,6,4.0,0,6,0.0,False,33681,690,167,222,0.7523,23,26,66,57,5.9123,21,17.7719,6.9032,10,5.807,493.3814,28122.742,63.21,11.91,1.123,2248,3,5,5,13,554.992,16009,2.1039,0,main,167.354,47,12,7
cbs,60,0.04,7,4.0,0,6,0.0,False,26162,592,207,228,0.9079,42,9,66,58,7.069,23,17.3448,6.383,10,6.9138,244.7028,14192.763,63.01,9.98,1.138,2105,1,1,2,0,833.903,16605,1.5755,0,main,74.934,49,9,8
cbs,60,0.04,8,4.0,0,6,0.0,False,25369,471,136,234,0.5812,15,38,66,49,4.5714,21,14.4082,6.7328,10,4.5306,112.2979,5502.599,84.45,7.43,1.347,1089,2,4,1,0,730.094,15359,1.6517,0,main,35.428,50,7,9
cbs,60,0.04,9,4.0,0,6,0.0,False,26371,666,195,215,0.907,39,9,66,54,6.1481,21,16.9259,6.6303,10,6.0556,190.408,10282.032,63.36,9.5,1.037,1742,1,1,1,0,772.308,15219,1.7328,0,main,55.156,47,13,6
cbs,60,0.04,10,4.0,0,6,0.0,False,37173,802,190,252,0.754,28,24,66,49,4.4898,26,16.8367,6.7895,10,4.3469,144.9668,7103.374,94.58,8.39,1.122,1390,2,3,2,0,556.457,15418,2.411,0,main,49.875,46,8,12
cbs,60,0.04,11,4.0,0,6,0.0,False,27842,594,178,264,0.6742,31,26,66,57,4.5614,22,14.9298,6.7417,10,4.5263,121.3069,6914.493,82.12,7.98,1.14,1323,1,1,1,0,939.727,15204,1.8312,0,main,80.334,49,3,14
cbs,60,0.04,12,4.0,0,6,0.0,False,37874,718,134,251,0.5339,13,39,66,48,4.6042,31,15.75,6.9552,10,4.5208,331.8278,15927.735,99.79,7.4,1.188,1185,2,4,3,0,957.402,17036,2.2232,0,main,131.267,45,9,12
full_replan,60,0.04,1,4.0,0,6,0.0,False,34162,840,200,240,0.8333,34,13,66,64,28.4062,60,60.0,60.0,60,28.4062,4014.029,256897.859,87.32,0.0,0.0,3840,61,0,0,0,584.568,15501,2.2039,0,main,257.914,42,14,10
full_replan,60,0.04,2,4.0,0,6,0.0,False,27051,509,180,240,0.75,24,22,66,63,26.7778,60,60.0,60.0,60,26.7778,1710.2888,107748.193,80.77,0.0,0.0,3780,61,0,0,0,514.77,15422,1.7541,0,main,108.553,39,16,11
full_replan,60,0.04,3,4.0,0,6,0.0,False,22073,452,183,215,0.8512,36,15,66,65,26.6462,58,60.0,60.0,60,26.6462,5568.3123,361940.298,50.46,0.0,0.0,3900,59,0,0,0,531.286,15436,1.43,0,main,362.614,51,9,6
full_replan,60,0.04,4,4.0,0,6,0.0,False,28009,532,156,234,0.6667,23,27,66,62,23.9839,60,60.0,60.0,60,23.9839,2495.6661,154731.298,69.25,0.0,0.0,3720,54,0,0,0,659.912,16849,1.6624,0,main,155.531,45,12,9
full_replan,60,0.04,5,4.0,0,6,0.0,False,28090,650,210,246,0.8537,37,15,66,59,37.8475,58,60.0,60.0,60,37.8475,6166.4563,363820.923,72.74,0.0,0.0,3540,59,0,0,0,589.894,16120,1.7426,0,main,364.709,47,8,11
full_replan,60,0.04,6,4.0,0,6,0.0,False,28275,680,182,220,0.8273,37,12,66,62,28.3871,60,60.0,60.0,60,28.3871,989.6781,61360.041,55.23,0.0,0.0,3720,41,0,0,0,509.297,16009,1.7662,0,main,62.245,47,12,7
full_replan,60,0.04,7,4.0,0,6,0.0,False,26087,597,213,228,0.9342,44,7,66,64,35.6094,60,60.0,60.0,60,35.6094,2505.6013,160358.481,54.02,0.0,0.0,3840,42,0,0,0,827.559,16605,1.571,0,main,161.307,49,9,8
full_replan,60,0.04,8,4.0,0,6,0.0,False,25206,497,159,234,0.6795,27,26,66,65,24.6923,60,60.0,60.0,60,24.6923,1209.9285,78645.354,65.07,0.0,0.0,3900,56,0,0,0,724.064,15359,1.6411,0,main,79.345,50,7,9
full_replan,60,0.04,9,4.0,0,6,0.0,False,26623,586,138,216,0.6389,30,18,66,62,18.3548,60,60.0,60.0,60,18.3548,1122.5851,69600.278,59.84,0.0,0.0,3720,60,0,0,0,772.308,15219,1.7493,0,main,70.35,47,13,6
full_replan,60,0.04,10,4.0,0,6,0.0,False,26765,551,211,252,0.8373,33,19,66,63,28.4762,60,60.0,60.0,60,28.4762,1108.1715,69814.806,81.0,0.0,0.0,3780,53,0,0,0,556.457,15418,1.736,0,main,70.619,46,8,12
full_replan,60,0.04,11,4.0,0,6,0.0,False,26237,639,204,264,0.7727,39,18,66,64,29.7656,60,60.0,60.0,60,29.7656,4129.6444,264297.242,93.83,0.0,0.0,3840,52,0,0,0,894.133,15204,1.7257,0,main,265.205,49,3,14
full_replan,60,0.04,12,4.0,0,6,0.0,False,30728,620,169,250,0.676,28,24,66,64,27.7812,60,60.0,60.0,60,27.7812,14003.2725,896209.44,82.35,0.0,0.0,3840,60,0,0,0,870.652,17036,1.8037,0,main,897.126,45,9,12
selfish,40,0.0,1,4.0,0,6,0.0,False,10359,410,120,120,1.0,40,0,0,0,0.0,0,0.0,0.0,0,0.0,0.0,0,0.0,0.0,0.0,0,0,0,0,0,344.69,10359,1.0,0,main,0.027,,,
selfish,40,0.0,2,4.0,0,6,0.0,False,10045,340,120,120,1.0,40,0,0,0,0.0,0,0.0,0.0,0,0.0,0.0,0,0.0,0.0,0.0,0,0,0,0,0,361.724,10045,1.0,0,main,0.026,,,
selfish,40,0.0,3,4.0,0,6,0.0,False,10191,370,120,120,1.0,40,0,0,0,0.0,0,0.0,0.0,0,0.0,0.0,0,0.0,0.0,0.0,0,0,0,0,0,334.124,10191,1.0,0,main,0.022,,,
selfish,40,0.0,4,4.0,0,6,0.0,False,10722,376,120,120,1.0,40,0,0,0,0.0,0,0.0,0.0,0,0.0,0.0,0,0.0,0.0,0.0,0,0,0,0,0,357.539,10722,1.0,0,main,0.029,,,
selfish,40,0.0,5,4.0,0,6,0.0,False,10253,384,120,120,1.0,40,0,0,0,0.0,0,0.0,0.0,0,0.0,0.0,0,0.0,0.0,0.0,0,0,0,0,0,320.271,10253,1.0,0,main,0.026,,,
selfish,40,0.0,6,4.0,0,6,0.0,False,10805,392,120,120,1.0,40,0,0,0,0.0,0,0.0,0.0,0,0.0,0.0,0,0.0,0.0,0.0,0,0,0,0,0,355.128,10805,1.0,0,main,0.029,,,
selfish,40,0.0,7,4.0,0,6,0.0,False,10836,418,120,120,1.0,40,0,0,0,0.0,0,0.0,0.0,0,0.0,0.0,0,0.0,0.0,0.0,0,0,0,0,0,345.61,10836,1.0,0,main,0.027,,,
selfish,40,0.0,8,4.0,0,6,0.0,False,10551,419,120,120,1.0,40,0,0,0,0.0,0,0.0,0.0,0,0.0,0.0,0,0.0,0.0,0.0,0,0,0,0,0,498.745,10551,1.0,0,main,0.023,,,
selfish,40,0.0,9,4.0,0,6,0.0,False,10282,336,120,120,1.0,40,0,0,0,0.0,0,0.0,0.0,0,0.0,0.0,0,0.0,0.0,0.0,0,0,0,0,0,328.325,10282,1.0,0,main,0.027,,,
selfish,40,0.0,10,4.0,0,6,0.0,False,10277,388,120,120,1.0,40,0,0,0,0.0,0,0.0,0.0,0,0.0,0.0,0,0.0,0.0,0.0,0,0,0,0,0,350.79,10277,1.0,0,main,0.025,,,
selfish,40,0.0,11,4.0,0,6,0.0,False,10183,326,120,120,1.0,40,0,0,0,0.0,0,0.0,0.0,0,0.0,0.0,0,0.0,0.0,0.0,0,0,0,0,0,332.063,10183,1.0,0,main,0.024,,,
selfish,40,0.0,12,4.0,0,6,0.0,False,11354,378,120,120,1.0,40,0,0,0,0.0,0,0.0,0.0,0,0.0,0.0,0,0.0,0.0,0.0,0,0,0,0,0,320.669,11354,1.0,0,main,0.028,,,
greedy_pgp,40,0.0,1,4.0,0,6,0.0,False,10359,410,120,120,1.0,40,0,0,0,0.0,0,0.0,0.0,0,0.0,0.0,0,0.0,0.0,0.0,0,0,0,0,0,344.69,10359,1.0,0,main,0.026,,,
greedy_pgp,40,0.0,2,4.0,0,6,0.0,False,10045,340,120,120,1.0,40,0,0,0,0.0,0,0.0,0.0,0,0.0,0.0,0,0.0,0.0,0.0,0,0,0,0,0,361.724,10045,1.0,0,main,0.017,,,
greedy_pgp,40,0.0,3,4.0,0,6,0.0,False,10191,370,120,120,1.0,40,0,0,0,0.0,0,0.0,0.0,0,0.0,0.0,0,0.0,0.0,0.0,0,0,0,0,0,334.124,10191,1.0,0,main,0.025,,,
greedy_pgp,40,0.0,4,4.0,0,6,0.0,False,10722,376,120,120,1.0,40,0,0,0,0.0,0,0.0,0.0,0,0.0,0.0,0,0.0,0.0,0.0,0,0,0,0,0,357.539,10722,1.0,0,main,0.026,,,
greedy_pgp,40,0.0,5,4.0,0,6,0.0,False,10253,384,120,120,1.0,40,0,0,0,0.0,0,0.0,0.0,0,0.0,0.0,0,0.0,0.0,0.0,0,0,0,0,0,320.271,10253,1.0,0,main,0.025,,,
greedy_pgp,40,0.0,6,4.0,0,6,0.0,False,10805,392,120,120,1.0,40,0,0,0,0.0,0,0.0,0.0,0,0.0,0.0,0,0.0,0.0,0.0,0,0,0,0,0,355.128,10805,1.0,0,main,0.025,,,
greedy_pgp,40,0.0,7,4.0,0,6,0.0,False,10836,418,120,120,1.0,40,0,0,0,0.0,0,0.0,0.0,0,0.0,0.0,0,0.0,0.0,0.0,0,0,0,0,0,345.61,10836,1.0,0,main,0.028,,,
greedy_pgp,40,0.0,8,4.0,0,6,0.0,False,10551,419,120,120,1.0,40,0,0,0,0.0,0,0.0,0.0,0,0.0,0.0,0,0.0,0.0,0.0,0,0,0,0,0,498.745,10551,1.0,0,main,0.027,,,
greedy_pgp,40,0.0,9,4.0,0,6,0.0,False,10282,336,120,120,1.0,40,0,0,0,0.0,0,0.0,0.0,0,0.0,0.0,0,0.0,0.0,0.0,0,0,0,0,0,328.325,10282,1.0,0,main,0.024,,,
greedy_pgp,40,0.0,10,4.0,0,6,0.0,False,10277,388,120,120,1.0,40,0,0,0,0.0,0,0.0,0.0,0,0.0,0.0,0,0.0,0.0,0.0,0,0,0,0,0,350.79,10277,1.0,0,main,0.025,,,
greedy_pgp,40,0.0,11,4.0,0,6,0.0,False,10183,326,120,120,1.0,40,0,0,0,0.0,0,0.0,0.0,0,0.0,0.0,0,0.0,0.0,0.0,0,0,0,0,0,332.063,10183,1.0,0,main,0.025,,,
greedy_pgp,40,0.0,12,4.0,0,6,0.0,False,11354,378,120,120,1.0,40,0,0,0,0.0,0,0.0,0.0,0,0.0,0.0,0,0.0,0.0,0.0,0,0,0,0,0,320.669,11354,1.0,0,main,0.029,,,
adopt,40,0.0,1,4.0,0,6,0.0,False,10359,410,120,120,1.0,40,0,0,0,0.0,0,0.0,0.0,0,0.0,0.0,0,0.0,0.0,0.0,0,0,0,0,0,344.69,10359,1.0,0,main,0.029,,,
adopt,40,0.0,2,4.0,0,6,0.0,False,10045,340,120,120,1.0,40,0,0,0,0.0,0,0.0,0.0,0,0.0,0.0,0,0.0,0.0,0.0,0,0,0,0,0,361.724,10045,1.0,0,main,0.025,,,
adopt,40,0.0,3,4.0,0,6,0.0,False,10191,370,120,120,1.0,40,0,0,0,0.0,0,0.0,0.0,0,0.0,0.0,0,0.0,0.0,0.0,0,0,0,0,0,334.124,10191,1.0,0,main,0.022,,,
adopt,40,0.0,4,4.0,0,6,0.0,False,10722,376,120,120,1.0,40,0,0,0,0.0,0,0.0,0.0,0,0.0,0.0,0,0.0,0.0,0.0,0,0,0,0,0,357.539,10722,1.0,0,main,0.024,,,
adopt,40,0.0,5,4.0,0,6,0.0,False,10253,384,120,120,1.0,40,0,0,0,0.0,0,0.0,0.0,0,0.0,0.0,0,0.0,0.0,0.0,0,0,0,0,0,320.271,10253,1.0,0,main,0.044,,,
adopt,40,0.0,6,4.0,0,6,0.0,False,10805,392,120,120,1.0,40,0,0,0,0.0,0,0.0,0.0,0,0.0,0.0,0,0.0,0.0,0.0,0,0,0,0,0,355.128,10805,1.0,0,main,0.025,,,
adopt,40,0.0,7,4.0,0,6,0.0,False,10836,418,120,120,1.0,40,0,0,0,0.0,0,0.0,0.0,0,0.0,0.0,0,0.0,0.0,0.0,0,0,0,0,0,345.61,10836,1.0,0,main,0.018,,,
adopt,40,0.0,8,4.0,0,6,0.0,False,10551,419,120,120,1.0,40,0,0,0,0.0,0,0.0,0.0,0,0.0,0.0,0,0.0,0.0,0.0,0,0,0,0,0,498.745,10551,1.0,0,main,0.024,,,
adopt,40,0.0,9,4.0,0,6,0.0,False,10282,336,120,120,1.0,40,0,0,0,0.0,0,0.0,0.0,0,0.0,0.0,0,0.0,0.0,0.0,0,0,0,0,0,328.325,10282,1.0,0,main,0.026,,,
adopt,40,0.0,10,4.0,0,6,0.0,False,10277,388,120,120,1.0,40,0,0,0,0.0,0,0.0,0.0,0,0.0,0.0,0,0.0,0.0,0.0,0,0,0,0,0,350.79,10277,1.0,0,main,0.026,,,
adopt,40,0.0,11,4.0,0,6,0.0,False,10183,326,120,120,1.0,40,0,0,0,0.0,0,0.0,0.0,0,0.0,0.0,0,0.0,0.0,0.0,0,0,0,0,0,332.063,10183,1.0,0,main,0.024,,,
adopt,40,0.0,12,4.0,0,6,0.0,False,11354,378,120,120,1.0,40,0,0,0,0.0,0,0.0,0.0,0,0.0,0.0,0,0.0,0.0,0.0,0,0,0,0,0,320.669,11354,1.0,0,main,0.028,,,
cbs,40,0.0,1,4.0,0,6,0.0,False,10359,410,120,120,1.0,40,0,0,0,0.0,0,0.0,0.0,0,0.0,0.0,0,0.0,0.0,0.0,0,0,0,0,0,344.69,10359,1.0,0,main,0.026,,,
cbs,40,0.0,2,4.0,0,6,0.0,False,10045,340,120,120,1.0,40,0,0,0,0.0,0,0.0,0.0,0,0.0,0.0,0,0.0,0.0,0.0,0,0,0,0,0,361.724,10045,1.0,0,main,0.022,,,
cbs,40,0.0,3,4.0,0,6,0.0,False,10191,370,120,120,1.0,40,0,0,0,0.0,0,0.0,0.0,0,0.0,0.0,0,0.0,0.0,0.0,0,0,0,0,0,334.124,10191,1.0,0,main,0.027,,,
cbs,40,0.0,4,4.0,0,6,0.0,False,10722,376,120,120,1.0,40,0,0,0,0.0,0,0.0,0.0,0,0.0,0.0,0,0.0,0.0,0.0,0,0,0,0,0,357.539,10722,1.0,0,main,0.026,,,
cbs,40,0.0,5,4.0,0,6,0.0,False,10253,384,120,120,1.0,40,0,0,0,0.0,0,0.0,0.0,0,0.0,0.0,0,0.0,0.0,0.0,0,0,0,0,0,320.271,10253,1.0,0,main,0.026,,,
cbs,40,0.0,6,4.0,0,6,0.0,False,10805,392,120,120,1.0,40,0,0,0,0.0,0,0.0,0.0,0,0.0,0.0,0,0.0,0.0,0.0,0,0,0,0,0,355.128,10805,1.0,0,main,0.027,,,
cbs,40,0.0,7,4.0,0,6,0.0,False,10836,418,120,120,1.0,40,0,0,0,0.0,0,0.0,0.0,0,0.0,0.0,0,0.0,0.0,0.0,0,0,0,0,0,345.61,10836,1.0,0,main,0.028,,,
cbs,40,0.0,8,4.0,0,6,0.0,False,10551,419,120,120,1.0,40,0,0,0,0.0,0,0.0,0.0,0,0.0,0.0,0,0.0,0.0,0.0,0,0,0,0,0,498.745,10551,1.0,0,main,0.027,,,
cbs,40,0.0,9,4.0,0,6,0.0,False,10282,336,120,120,1.0,40,0,0,0,0.0,0,0.0,0.0,0,0.0,0.0,0,0.0,0.0,0.0,0,0,0,0,0,328.325,10282,1.0,0,main,0.02,,,
cbs,40,0.0,10,4.0,0,6,0.0,False,10277,388,120,120,1.0,40,0,0,0,0.0,0,0.0,0.0,0,0.0,0.0,0,0.0,0.0,0.0,0,0,0,0,0,350.79,10277,1.0,0,main,0.027,,,
cbs,40,0.0,11,4.0,0,6,0.0,False,10183,326,120,120,1.0,40,0,0,0,0.0,0,0.0,0.0,0,0.0,0.0,0,0.0,0.0,0.0,0,0,0,0,0,332.063,10183,1.0,0,main,0.025,,,
cbs,40,0.0,12,4.0,0,6,0.0,False,11354,378,120,120,1.0,40,0,0,0,0.0,0,0.0,0.0,0,0.0,0.0,0,0.0,0.0,0.0,0,0,0,0,0,320.669,11354,1.0,0,main,0.029,,,
full_replan,40,0.0,1,4.0,0,6,0.0,False,10359,410,120,120,1.0,40,0,0,0,0.0,0,0.0,0.0,0,0.0,0.0,0,0.0,0.0,0.0,0,0,0,0,0,344.69,10359,1.0,0,main,0.027,,,
full_replan,40,0.0,2,4.0,0,6,0.0,False,10045,340,120,120,1.0,40,0,0,0,0.0,0,0.0,0.0,0,0.0,0.0,0,0.0,0.0,0.0,0,0,0,0,0,361.724,10045,1.0,0,main,0.025,,,
full_replan,40,0.0,3,4.0,0,6,0.0,False,10191,370,120,120,1.0,40,0,0,0,0.0,0,0.0,0.0,0,0.0,0.0,0,0.0,0.0,0.0,0,0,0,0,0,334.124,10191,1.0,0,main,0.027,,,
full_replan,40,0.0,4,4.0,0,6,0.0,False,10722,376,120,120,1.0,40,0,0,0,0.0,0,0.0,0.0,0,0.0,0.0,0,0.0,0.0,0.0,0,0,0,0,0,357.539,10722,1.0,0,main,0.028,,,
full_replan,40,0.0,5,4.0,0,6,0.0,False,10253,384,120,120,1.0,40,0,0,0,0.0,0,0.0,0.0,0,0.0,0.0,0,0.0,0.0,0.0,0,0,0,0,0,320.271,10253,1.0,0,main,0.027,,,
full_replan,40,0.0,6,4.0,0,6,0.0,False,10805,392,120,120,1.0,40,0,0,0,0.0,0,0.0,0.0,0,0.0,0.0,0,0.0,0.0,0.0,0,0,0,0,0,355.128,10805,1.0,0,main,0.029,,,
full_replan,40,0.0,7,4.0,0,6,0.0,False,10836,418,120,120,1.0,40,0,0,0,0.0,0,0.0,0.0,0,0.0,0.0,0,0.0,0.0,0.0,0,0,0,0,0,345.61,10836,1.0,0,main,0.03,,,
full_replan,40,0.0,8,4.0,0,6,0.0,False,10551,419,120,120,1.0,40,0,0,0,0.0,0,0.0,0.0,0,0.0,0.0,0,0.0,0.0,0.0,0,0,0,0,0,498.745,10551,1.0,0,main,0.029,,,
full_replan,40,0.0,9,4.0,0,6,0.0,False,10282,336,120,120,1.0,40,0,0,0,0.0,0,0.0,0.0,0,0.0,0.0,0,0.0,0.0,0.0,0,0,0,0,0,328.325,10282,1.0,0,main,0.026,,,
full_replan,40,0.0,10,4.0,0,6,0.0,False,10277,388,120,120,1.0,40,0,0,0,0.0,0,0.0,0.0,0,0.0,0.0,0,0.0,0.0,0.0,0,0,0,0,0,350.79,10277,1.0,0,main,0.023,,,
full_replan,40,0.0,11,4.0,0,6,0.0,False,10183,326,120,120,1.0,40,0,0,0,0.0,0,0.0,0.0,0,0.0,0.0,0,0.0,0.0,0.0,0,0,0,0,0,332.063,10183,1.0,0,main,0.022,,,
full_replan,40,0.0,12,4.0,0,6,0.0,False,11354,378,120,120,1.0,40,0,0,0,0.0,0,0.0,0.0,0,0.0,0.0,0,0.0,0.0,0.0,0,0,0,0,0,320.669,11354,1.0,0,main,0.024,,,
selfish,40,0.01,1,4.0,0,6,0.0,False,15961,607,112,135,0.8296,26,10,16,14,5.2857,18,9.7857,5.6207,6,5.0714,28.7673,402.742,68.43,0.0,1.5,74,0,0,0,0,344.69,10359,1.5408,0,main,4.401,9,4,3
selfish,40,0.01,2,4.0,0,6,0.0,False,13578,467,125,138,0.9058,29,8,16,14,7.1429,15,13.3571,6.0,6,6.0714,36.3626,509.076,68.2,0.0,1.143,100,1,2,0,0,361.724,10045,1.3517,0,main,4.083,10,3,3
selfish,40,0.01,3,4.0,0,6,0.0,False,12877,486,113,126,0.8968,32,3,16,12,7.3333,18,12.75,6.0,6,6.8333,46.0579,552.695,38.0,0.0,1.0,88,0,0,0,0,334.124,10191,1.2636,0,main,5.569,10,5,1
selfish,40,0.01,4,4.0,0,6,0.0,False,11425,403,116,120,0.9667,36,2,16,11,4.0,16,9.3636,6.0,6,3.3636,13.7079,150.787,18.54,0.0,1.545,44,1,1,0,0,357.539,10722,1.0656,0,main,2.098,14,2,
selfish,40,0.01,5,4.0,0,6,0.0,False,13904,470,113,138,0.8188,27,11,16,14,5.6429,15,12.2857,5.9697,6,4.7143,24.9322,349.05,87.05,0.0,1.214,79,3,9,0,0,320.271,10253,1.3561,0,main,3.961,11,2,3
selfish,40,0.01,6,4.0,0,6,0.0,False,12401,392,108,132,0.8182,28,11,16,13,7.4615,20,13.2308,5.9714,6,6.9231,49.8126,647.564,77.56,0.0,1.231,97,2,5,0,0,355.128,10805,1.1477,0,main,5.563,13,1,2
selfish,40,0.01,7,4.0,0,6,0.0,False,12578,481,116,132,0.8788,33,7,16,15,6.0667,18,11.7333,6.0,6,5.8,35.6638,534.957,48.76,0.0,1.067,91,1,1,0,0,345.61,10836,1.1608,0,main,4.66,14,,2
selfish,40,0.01,8,4.0,0,6,0.0,False,12481,459,111,136,0.8162,34,6,16,12,4.9167,9,9.5833,5.8261,6,4.0833,27.1411,325.693,65.87,0.0,1.083,59,0,0,0,0,498.745,10551,1.1829,0,main,3.236,13,,3
selfish,40,0.01,9,4.0,0,6,0.0,False,12405,476,125,131,0.9542,34,4,16,12,5.8333,10,11.9167,6.0,6,5.25,33.7517,405.02,83.44,0.0,1.25,70,0,0,0,0,319.903,10282,1.2065,0,main,4.094,12,2,2
selfish,40,0.01,10,4.0,0,6,0.0,False,13573,509,120,144,0.8333,30,9,16,14,4.4286,11,10.0,6.0,6,4.0,19.9967,279.953,93.05,0.0,1.214,62,1,1,0,0,367.39,10277,1.3207,0,main,3.482,11,1,4
selfish,40,0.01,11,4.0,0,6,0.0,False,11356,339,102,120,0.85,27,9,16,10,5.2,15,10.0,5.7619,6,5.1,25.4668,254.668,41.57,0.0,1.0,52,2,7,0,0,309.739,10183,1.1152,0,main,3.287,12,4,
selfish,40,0.01,12,4.0,0,6,0.0,False,16369,672,117,138,0.8478,30,7,16,15,6.9333,12,13.0,6.0,6,6.2667,34.8625,522.937,50.0,0.0,1.067,104,3,3,0,0,339.295,11354,1.4417,0,main,5.88,10,3,3
greedy_pgp,40,0.01,1,4.0,0,6,0.0,False,16116,607,117,136,0.8603,25,11,16,13,5.4615,19,9.9231,5.5714,6,5.3846,4.9034,63.744,91.7,1.69,1.385,6,0,0,0,0,344.69,10359,1.5557,0,main,4.017,9,4,3
greedy_pgp,40,0.01,2,4.0,0,6,0.0,False,14408,510,122,138,0.8841,27,10,16,14,5.8571,15,12.7857,6.0,6,5.7857,5.7986,81.181,116.75,2.0,1.143,12,1,2,0,0,361.724,10045,1.4343,0,main,3.34,10,3,3
greedy_pgp,40,0.01,3,4.0,0,6,0.0,False,13057,523,120,126,0.9524,33,2,16,12,7.8333,18,13.9167,6.0,6,7.5833,12.758,153.096,69.17,2.0,1.083,24,1,1,0,0,358.121,10191,1.2812,0,main,5.244,10,5,1
greedy_pgp,40,0.01,4,4.0,0,6,0.0,False,11437,403,116,120,0.9667,36,2,16,11,4.0,16,9.3636,6.0,6,3.4545,1.327,14.597,30.54,1.45,1.455,0,1,1,0,0,334.526,10722,1.0667,0,main,1.834,14,2,
greedy_pgp,40,0.01,5,4.0,0,6,0.0,False,14956,550,111,138,0.8043,28,10,16,16,4.9375,16,11.0,5.9143,6,4.75,6.3443,101.509,94.33,1.69,1.188,18,3,7,0,0,350.113,10253,1.4587,0,main,3.801,11,2,3
greedy_pgp,40,0.01,6,4.0,0,6,0.0,False,12978,453,113,132,0.8561,30,9,16,13,8.2308,21,14.3846,5.8718,6,7.8462,10.1793,132.331,109.19,2.15,1.154,24,1,4,0,0,354.785,10805,1.2011,0,main,5.787,13,1,2
greedy_pgp,40,0.01,7,4.0,0,6,0.0,False,13116,567,118,132,0.8939,34,6,16,15,6.5333,22,12.2,6.0,6,6.4667,9.0708,136.063,83.0,1.8,1.067,30,1,1,0,0,345.61,10836,1.2104,0,main,4.74,14,,2
greedy_pgp,40,0.01,8,4.0,0,6,0.0,False,13458,526,111,136,0.8162,32,8,16,11,5.0,11,9.2727,6.0,6,4.6364,12.3941,136.335,94.14,1.64,1.0,30,0,0,0,0,498.745,10551,1.2755,0,main,2.873,13,,3
greedy_pgp,40,0.01,9,4.0,0,6,0.0,False,11925,376,110,131,0.8397,30,8,16,11,4.9091,9,11.4545,6.0,6,4.9091,5.349,58.839,109.53,1.73,1.091,12,0,0,0,0,319.903,10282,1.1598,0,main,2.987,12,2,2
greedy_pgp,40,0.01,10,4.0,0,6,0.0,False,16097,633,108,144,0.75,25,14,16,14,3.2143,8,9.2143,5.875,6,3.2143,3.3345,46.683,110.21,1.64,1.143,6,2,2,0,0,367.39,10277,1.5663,0,main,2.911,11,1,4
greedy_pgp,40,0.01,11,4.0,0,6,0.0,False,11258,333,104,120,0.8667,27,9,16,9,6.2222,18,11.4444,5.7619,6,6.2222,2.3833,21.45,63.31,1.78,1.0,0,2,6,0,0,332.489,10183,1.1056,0,main,2.986,12,4,
greedy_pgp,40,0.01,12,4.0,0,6,0.0,False,16289,613,111,138,0.8043,28,9,16,15,6.1333,17,12.8667,6.0,6,6.0,6.5152,97.728,88.33,1.73,1.333,18,4,4,0,0,358.421,11354,1.4346,0,main,4.327,10,3,3
adopt,40,0.01,1,4.0,0,6,0.0,False,18277,693,115,136,0.8456,23,13,16,13,5.1538,19,10.1538,5.6429,6,5.0769,5.9161,76.909,213.2,9.31,1.462,0,1,3,0,0,344.69,10359,1.7644,0,main,3.831,9,4,3
adopt,40,0.01,2,4.0,0,6,0.0,False,14669,510,121,138,0.8768,26,11,16,15,5.6667,15,12.5333,6.0,6,5.6,6.9935,104.902,248.43,10.13,1.2,0,1,2,0,0,361.724,10045,1.4603,0,main,3.455,10,3,3
adopt,40,0.01,3,4.0,0,6,0.0,False,13058,523,120,126,0.9524,33,2,16,12,7.5833,18,13.9167,6.0,6,7.3333,6.5573,78.688,183.44,8.75,1.083,0,1,1,0,0,359.388,10191,1.2813,0,main,5.042,10,5,1
adopt,40,0.01,4,4.0,0,6,0.0,False,11426,403,116,120,0.9667,36,2,16,11,4.0909,16,9.3636,6.0,6,3.4545,2.8192,31.011,80.77,5.64,1.545,0,1,1,0,0,332.192,10722,1.0657,0,main,1.845,14,2,
adopt,40,0.01,5,4.0,0,6,0.0,False,15024,548,114,138,0.8261,28,10,16,14,4.7143,16,10.8571,6.0,6,4.6429,4.8491,67.888,179.74,8.14,1.143,0,1,6,0,0,320.271,10253,1.4653,0,main,3.391,11,2,3
adopt,40,0.01,6,4.0,0,6,0.0,False,12978,453,114,132,0.8636,30,9,16,13,8.2308,21,14.3846,5.8718,6,7.8462,9.1997,119.596,333.94,12.15,1.154,0,1,4,0,0,355.128,10805,1.2011,0,main,5.925,13,1,2
adopt,40,0.01,7,4.0,0,6,0.0,False,12049,422,110,132,0.8333,31,9,16,14,6.2857,17,12.0714,5.8824,6,6.2857,7.0529,98.741,279.69,12.5,1.143,0,1,1,0,0,346.909,10836,1.1119,0,main,4.716,14,,2
adopt,40,0.01,8,4.0,0,6,0.0,False,14168,631,108,137,0.7883,32,8,16,12,4.25,11,9.25,6.0,6,3.75,13.1476,157.772,463.0,24.25,1.083,0,0,0,0,0,520.941,10551,1.3428,0,main,3.029,13,,3
adopt,40,0.01,9,4.0,0,6,0.0,False,11925,376,110,131,0.8397,30,8,16,11,4.9091,9,11.4545,6.0,6,4.9091,5.0212,55.233,201.4,7.27,1.091,0,0,0,0,0,307.421,10282,1.1598,0,main,2.962,12,2,2
adopt,40,0.01,10,4.0,0,6,0.0,False,16097,633,108,144,0.75,25,14,16,14,3.1429,8,9.2143,5.875,6,3.1429,5.4532,76.344,223.05,9.86,1.143,0,2,2,0,0,354.564,10277,1.5663,0,main,2.948,11,1,4
adopt,40,0.01,11,4.0,0,6,0.0,False,11258,333,104,120,0.8667,27,9,16,9,6.2222,18,11.4444,5.7619,6,6.2222,6.2844,56.559,189.08,9.11,1.0,0,2,6,0,0,309.739,10183,1.1056,0,main,3.042,12,4,
adopt,40,0.01,12,4.0,0,6,0.0,False,15303,553,108,138,0.7826,27,10,16,14,6.2143,14,13.3571,6.0,6,6.0714,6.705,93.87,165.5,7.57,1.071,0,4,4,0,0,339.295,11354,1.3478,0,main,4.267,10,3,3
cbs,40,0.01,1,4.0,0,6,0.0,False,16072,606,114,135,0.8444,25,11,16,13,4.0769,14,10.3846,5.8929,10,4.0769,64.4622,838.008,71.95,5.15,1.462,197,0,0,0,0,340.909,10359,1.5515,0,main,5.682,9,4,3
cbs,40,0.01,2,4.0,0,6,0.0,False,12996,434,115,138,0.8333,26,11,16,14,4.7143,16,13.4286,6.1622,10,4.6429,90.527,1267.378,80.1,7.07,1.357,324,0,0,0,0,392.6,10045,1.2938,0,main,5.172,10,3,3
cbs,40,0.01,3,4.0,0,6,0.0,False,13639,566,117,126,0.9286,32,3,16,12,6.0,14,13.8333,6.375,10,5.8333,135.4646,1625.575,38.11,6.08,1.0,254,0,0,0,0,334.124,10191,1.3383,0,main,8.014,10,5,1
cbs,40,0.01,4,4.0,0,6,0.0,False,11423,403,116,120,0.9667,36,2,16,11,3.8182,16,9.6364,6.2,10,3.3636,21.3496,234.846,18.54,3.0,1.636,94,0,0,0,0,357.539,10722,1.0654,0,main,2.274,14,2,
cbs,40,0.01,5,4.0,0,6,0.0,False,15178,548,108,138,0.7826,27,11,16,15,3.4667,11,11.7333,6.303,10,3.4667,78.0669,1171.003,73.45,7.53,1.4,317,1,4,2,0,350.113,10253,1.4803,0,main,5.743,11,2,3
cbs,40,0.01,6,4.0,0,6,0.0,False,12251,392,109,132,0.8258,30,9,16,13,5.8462,15,15.8462,6.8205,10,5.6154,131.7252,1712.427,67.94,8.69,1.231,359,0,0,1,0,354.785,10805,1.1338,0,main,12.359,13,1,2
cbs,40,0.01,7,4.0,0,6,0.0,False,13012,517,111,132,0.8409,31,9,16,14,5.0714,17,13.7857,6.7778,10,5.0714,148.5971,2080.359,50.25,10.29,1.071,403,0,0,2,0,345.61,10836,1.2008,0,main,10.834,14,,2
cbs,40,0.01,8,4.0,0,6,0.0,False,14617,674,115,137,0.8394,33,7,16,12,3.25,9,9.8333,6.5714,10,2.75,79.3368,952.041,75.73,5.83,1.0,236,0,0,0,0,498.745,10551,1.3854,0,main,5.08,13,,3
cbs,40,0.01,9,4.0,0,6,0.0,False,13320,523,117,131,0.8931,32,6,16,12,4.4167,10,12.6667,6.1379,10,4.4167,82.0759,984.911,58.62,5.83,1.167,206,0,0,0,0,319.903,10282,1.2955,0,main,5.347,12,2,2
cbs,40,0.01,10,4.0,0,6,0.0,False,11605,352,105,144,0.7292,24,15,16,11,3.1818,8,11.8182,6.5455,10,3.1818,44.8228,493.051,110.5,4.73,1.0,139,0,0,0,0,367.39,10277,1.1292,0,main,4.756,11,1,4
cbs,40,0.01,11,4.0,0,6,0.0,False,11266,333,102,120,0.85,27,9,16,10,4.3,14,12.6,6.8261,10,4.3,140.6687,1406.687,41.5,10.9,1.2,318,1,1,1,0,341.026,10183,1.1064,0,main,6.328,12,4,
cbs,40,0.01,12,4.0,0,6,0.0,False,15458,552,103,138,0.7464,26,11,16,14,3.8571,8,12.2143,6.1875,10,3.7857,49.0242,686.338,70.05,4.07,1.214,172,0,0,0,0,355.781,11354,1.3615,0,main,4.879,10,3,3
full_replan,40,0.01,1,4.0,0,6,0.0,False,13023,466,126,136,0.9265,31,5,16,15,14.4,39,40.0,40.0,40,14.4,205.9152,3088.728,62.82,0.0,0.0,600,11,0,0,0,340.909,10359,1.2572,0,main,3.214,9,4,3
full_replan,40,0.01,2,4.0,0,6,0.0,False,11508,432,135,138,0.9783,36,1,16,15,22.3333,40,40.0,40.0,40,22.3333,345.1614,5177.42,69.24,0.0,0.0,600,13,0,0,0,392.6,10045,1.1456,0,main,5.311,10,3,3
full_replan,40,0.01,3,4.0,0,6,0.0,False,11908,408,126,126,1.0,34,1,16,15,20.1333,39,40.0,40.0,40,20.1333,153.334,2300.01,32.48,0.0,0.0,600,0,0,0,0,359.388,10191,1.1685,0,main,2.409,10,5,1
full_replan,40,0.01,4,4.0,0,6,0.0,False,11260,382,115,120,0.9583,37,1,16,16,15.5,39,40.0,40.0,40,15.5,296.2842,4740.547,13.44,0.0,0.0,640,16,0,0,0,332.192,10722,1.0502,0,main,4.83,14,2,
full_replan,40,0.01,5,4.0,0,6,0.0,False,12636,446,131,138,0.9493,33,5,16,16,22.0,40,40.0,40.0,40,22.0,794.0492,12704.787,64.81,0.0,0.0,640,10,0,0,0,320.271,10253,1.2324,0,main,12.852,11,2,3
full_replan,40,0.01,6,4.0,0,6,0.0,False,12727,550,118,132,0.8939,35,4,16,15,21.4,39,40.0,40.0,40,21.4,324.1189,4861.784,74.56,0.0,0.0,600,10,0,0,0,355.128,10805,1.1779,0,main,5.003,13,1,2
full_replan,40,0.01,7,4.0,0,6,0.0,False,11607,505,129,132,0.9773,39,1,16,16,23.25,40,40.0,40.0,40,23.25,186.2248,2979.597,43.94,0.0,0.0,640,7,0,0,0,351.384,10836,1.0712,0,main,3.129,14,,2
full_replan,40,0.01,8,4.0,0,6,0.0,False,11794,439,136,138,0.9855,38,2,16,13,23.2308,40,40.0,40.0,40,23.2308,183.8586,2390.162,78.88,0.0,0.0,520,4,0,0,0,480.131,10551,1.1178,0,main,2.53,13,,3
full_replan,40,0.01,9,4.0,0,6,0.0,False,11468,400,132,132,1.0,38,0,16,14,23.3571,39,40.0,40.0,40,23.3571,148.5022,2079.031,73.61,0.0,0.0,560,0,0,0,0,319.903,10282,1.1153,0,main,2.213,12,2,2
full_replan,40,0.01,10,4.0,0,6,0.0,False,12269,516,136,144,0.9444,38,1,16,15,19.9333,40,40.0,40.0,40,19.9333,346.3098,5194.647,109.15,0.0,0.0,600,13,0,0,0,367.39,10277,1.1938,0,main,5.372,11,1,4
full_replan,40,0.01,11,4.0,0,6,0.0,False,11547,356,103,120,0.8583,29,7,16,16,16.0,39,40.0,40.0,40,16.0,319.5429,5112.687,28.85,0.0,0.0,640,15,0,0,0,309.739,10183,1.1339,0,main,5.211,12,4,
full_replan,40,0.01,12,4.0,0,6,0.0,False,14637,666,129,138,0.9348,35,2,16,16,23.875,40,40.0,40.0,40,23.875,469.5629,7513.007,47.95,0.0,0.0,640,15,0,0,0,339.295,11354,1.2891,0,main,7.697,10,3,3
selfish,40,0.02,1,4.0,0,6,0.0,False,20194,636,115,154,0.7468,17,16,33,27,6.2963,19,12.3704,5.9118,6,5.8148,41.4133,1118.16,84.3,0.0,1.296,170,2,2,0,0,328.084,10359,1.9494,0,main,11.623,19,8,6
selfish,40,0.02,2,4.0,0,6,0.0,False,15879,481,131,162,0.8086,22,13,33,29,6.0345,17,11.6897,5.9286,6,5.1724,31.6751,918.578,95.39,0.0,1.172,175,0,0,0,0,370.654,10045,1.5808,0,main,8.777,21,5,7
selfish,40,0.02,3,4.0,0,6,0.0,False,14542,561,118,132,0.8939,29,6,33,26,5.9615,19,11.3462,6.0,6,5.7308,43.2876,1125.478,37.67,0.0,1.231,155,0,0,0,0,358.121,10191,1.4269,0,main,11.26,26,5,2
selfish,40,0.02,4,4.0,0,6,0.0,False,14558,462,107,132,0.8106,24,10,33,25,5.6,20,11.12,5.9123,6,5.04,23.5844,589.611,41.85,0.0,1.44,140,5,12,0,0,334.526,10722,1.3578,0,main,6.379,25,6,2
selfish,40,0.02,5,4.0,0,6,0.0,False,16307,563,125,148,0.8446,27,9,33,28,6.2143,19,11.8571,6.0,6,5.6071,30.0036,840.1,69.19,0.0,1.143,174,4,10,0,0,320.271,10253,1.5905,0,main,8.724,24,4,5
selfish,40,0.02,6,4.0,0,6,0.0,False,14570,455,115,138,0.8333,25,11,33,30,6.1333,16,12.2667,5.9178,6,5.7,39.6025,1188.075,64.65,0.0,1.233,184,1,4,0,0,355.128,10805,1.3484,0,main,11.458,26,4,3
selfish,40,0.02,7,4.0,0,6,0.0,False,14491,535,120,138,0.8696,30,8,33,28,5.8214,17,11.6786,5.8636,6,5.7143,35.049,981.371,46.36,0.0,1.179,163,2,2,0,0,368.796,10836,1.3373,0,main,9.563,28,2,3
selfish,40,0.02,8,4.0,0,6,0.0,False,19090,675,122,151,0.8079,24,13,33,27,4.8889,11,10.2222,5.9464,6,4.5556,26.6183,718.695,67.17,0.0,1.148,132,3,6,0,0,529.092,10551,1.8093,0,main,8.255,24,3,6
selfish,40,0.02,9,4.0,0,6,0.0,False,15551,584,122,136,0.8971,28,7,33,25,6.0,11,12.08,6.0,6,5.6,33.7293,843.232,40.39,0.0,1.12,150,1,2,0,0,319.021,10282,1.5124,0,main,8.485,25,5,3
selfish,40,0.02,10,4.0,0,6,0.0,False,16506,515,117,155,0.7548,22,13,33,27,5.4444,20,11.037,5.9828,6,4.8889,23.3245,629.762,80.42,0.0,1.222,147,6,7,0,0,356.063,10277,1.6061,0,main,7.3,22,5,6
selfish,40,0.02,11,4.0,0,6,0.0,False,19608,617,105,143,0.7343,17,18,33,25,4.36,15,9.56,5.8913,6,3.92,20.6064,515.161,64.68,0.0,1.12,109,3,8,0,0,332.489,10183,1.9256,0,main,7.078,24,5,4
selfish,40,0.02,12,4.0,0,6,0.0,False,17269,618,128,150,0.8533,28,7,33,27,7.2963,15,13.4815,6.0,6,6.3704,38.5523,1040.912,73.97,0.0,1.037,197,4,4,0,0,358.421,11354,1.521,0,main,10.587,23,5,5
greedy_pgp,40,0.02,1,4.0,0,6,0.0,False,19080,603,115,153,0.7516,17,16,33,27,6.1852,20,11.5556,5.8594,6,6.1481,8.6786,234.321,110.42,1.81,1.333,36,0,0,0,0,343.095,10359,1.8419,0,main,9.809,19,8,6
greedy_pgp,40,0.02,2,4.0,0,6,0.0,False,19078,574,118,162,0.7284,19,16,33,29,5.2759,16,11.0345,5.8485,6,5.1379,5.4767,158.824,131.39,1.66,1.138,30,5,9,0,0,344.394,10045,1.8993,0,main,6.903,21,5,7
greedy_pgp,40,0.02,3,4.0,0,6,0.0,False,14166,547,123,132,0.9318,31,4,33,27,7.3704,25,12.1852,6.0,6,7.2222,11.9367,322.291,75.18,2.0,1.222,60,0,0,0,0,334.124,10191,1.3901,0,main,11.592,26,5,2
greedy_pgp,40,0.02,4,4.0,0,6,0.0,False,14637,470,105,132,0.7955,24,10,33,23,5.0435,23,10.8261,5.8269,6,5.0,5.9737,137.395,69.06,1.78,1.391,24,3,10,0,0,357.539,10722,1.3651,0,main,5.645,25,6,2
greedy_pgp,40,0.02,5,4.0,0,6,0.0,False,16401,523,114,146,0.7808,23,13,33,27,6.037,18,10.7778,6.0,6,5.963,9.7479,263.192,74.89,1.74,1.074,42,3,8,0,0,344.485,10253,1.5996,0,main,7.406,24,4,5
greedy_pgp,40,0.02,6,4.0,0,6,0.0,False,15954,520,109,138,0.7899,23,13,33,30,6.2667,18,11.4667,5.8676,6,6.0667,7.2704,218.111,89.97,1.8,1.433,36,1,4,0,0,356.026,10805,1.4765,0,main,9.753,26,4,3
greedy_pgp,40,0.02,7,4.0,0,6,0.0,False,17335,678,111,138,0.8043,26,12,33,27,6.6667,23,11.4444,5.8065,6,6.6667,8.6702,234.096,83.81,1.85,1.111,48,4,4,0,0,346.909,10836,1.5998,0,main,8.283,28,2,3
greedy_pgp,40,0.02,8,4.0,0,6,0.0,False,19103,750,124,152,0.8158,26,11,33,25,5.72,17,10.2,5.9808,6,5.32,8.6437,216.094,97.59,1.92,1.28,36,3,9,0,0,520.941,10551,1.8105,0,main,7.379,24,3,6
greedy_pgp,40,0.02,9,4.0,0,6,0.0,False,14374,471,116,136,0.8529,25,10,33,25,5.72,12,10.76,6.0,6,5.72,8.7182,217.955,62.36,1.8,1.24,42,1,2,0,0,328.325,10282,1.398,0,main,6.279,25,5,3
greedy_pgp,40,0.02,10,4.0,0,6,0.0,False,18791,594,115,155,0.7419,20,15,33,28,5.4286,21,10.2857,5.9298,6,5.2857,3.9679,111.102,93.03,1.71,1.214,18,4,5,0,0,350.79,10277,1.8285,0,main,6.743,22,5,6
greedy_pgp,40,0.02,11,4.0,0,6,0.0,False,16600,537,108,144,0.75,21,14,33,23,5.3478,18,11.0435,6.0,6,5.3478,4.8728,112.074,99.28,2.0,1.13,24,3,7,0,0,309.739,10183,1.6302,0,main,5.906,24,5,4
greedy_pgp,40,0.02,12,4.0,0,6,0.0,False,17398,565,115,150,0.7667,22,13,33,29,6.3448,16,13.1379,6.0,6,6.1724,8.1804,237.231,82.67,1.79,1.207,30,2,2,0,0,339.295,11354,1.5323,0,main,10.447,23,5,5
adopt,40,0.02,1,4.0,0,6,0.0,False,20906,603,103,155,0.6645,12,21,33,26,6.1154,20,11.5,5.918,6,6.0385,7.8565,204.27,268.15,11.23,1.423,0,3,8,0,0,340.909,10359,2.0181,0,main,9.707,19,8,6
adopt,40,0.02,2,4.0,0,6,0.0,False,17513,552,121,162,0.7469,21,14,33,31,5.0323,16,11.0645,5.8592,6,4.8065,6.6635,206.568,240.49,8.74,1.129,0,3,4,0,0,392.6,10045,1.7435,0,main,7.226,21,5,7
adopt,40,0.02,3,4.0,0,6,0.0,False,14220,574,128,132,0.9697,33,2,33,27,7.3704,23,12.2222,6.0,6,7.1852,8.098,218.647,259.65,12.26,1.222,0,0,0,0,0,344.159,10191,1.3953,0,main,11.509,26,5,2
adopt,40,0.02,4,4.0,0,6,0.0,False,14553,473,103,132,0.7803,24,10,33,24,4.625,24,10.5,5.9057,6,4.5833,6.3614,152.672,190.53,9.62,1.625,0,5,11,0,0,351.36,10722,1.3573,0,main,5.603,25,6,2
adopt,40,0.02,5,4.0,0,6,0.0,False,16477,523,112,146,0.7671,23,13,33,28,6.1786,17,11.2857,6.0,6,6.0,7.3073,204.604,231.41,12.29,1.143,0,3,8,0,0,320.271,10253,1.607,0,main,8.213,24,4,5
adopt,40,0.02,6,4.0,0,6,0.0,False,15407,520,111,138,0.8043,25,11,33,30,6.1333,19,11.6,5.9412,6,5.9,6.1433,184.298,202.73,9.13,1.367,0,3,6,0,0,355.128,10805,1.4259,0,main,9.793,26,4,3
adopt,40,0.02,7,4.0,0,6,0.0,False,16789,677,117,138,0.8478,28,10,33,27,6.5926,22,12.0,5.8438,6,6.5556,9.6238,259.844,340.06,14.89,1.074,0,4,5,0,0,368.796,10836,1.5494,0,main,8.453,28,2,3
adopt,40,0.02,8,4.0,0,6,0.0,False,19571,777,120,150,0.8,25,12,33,26,5.5,16,10.3462,5.9815,6,5.3077,6.5243,169.632,217.74,10.92,1.192,0,3,9,0,0,529.092,10551,1.8549,0,main,7.105,24,3,6
adopt,40,0.02,9,4.0,0,6,0.0,False,15958,585,115,136,0.8456,26,9,33,25,5.16,12,10.6,5.9808,6,5.16,5.9582,148.955,174.45,9.64,1.24,0,1,2,0,0,316.795,10282,1.552,0,main,6.628,25,5,3
adopt,40,0.02,10,4.0,0,6,0.0,False,18791,594,115,155,0.7419,20,15,33,28,5.4286,21,10.2857,5.9298,6,5.2857,5.2711,147.59,199.41,9.5,1.214,0,4,5,0,0,377.253,10277,1.8285,0,main,6.742,22,5,6
adopt,40,0.02,11,4.0,0,6,0.0,False,15222,473,106,143,0.7413,21,14,33,24,5.0833,18,10.5833,5.9375,6,5.0833,7.5763,181.832,245.15,12.46,1.208,0,2,6,0,0,332.489,10183,1.4948,0,main,5.947,24,5,4
adopt,40,0.02,12,4.0,0,6,0.0,False,20084,691,114,150,0.76,21,14,33,27,6.6296,15,13.2222,6.0,6,6.4815,9.7797,264.052,296.68,15.81,1.037,0,3,3,0,0,358.421,11354,1.7689,0,main,9.52,23,5,5
cbs,40,0.02,1,4.0,0,6,0.0,False,19254,601,113,154,0.7338,16,17,33,27,5.1481,15,13.3333,6.3478,10,5.1111,125.6357,3392.164,79.75,7.33,1.296,659,0,0,1,0,328.084,10359,1.8587,0,main,18.722,19,8,6
cbs,40,0.02,2,4.0,0,6,0.0,False,19260,593,126,162,0.7778,20,15,33,31,3.1935,13,12.1935,6.493,10,3.0323,67.81,2102.11,96.33,6.1,1.161,495,0,0,1,0,370.654,10045,1.9174,0,main,13.312,21,5,7
cbs,40,0.02,3,4.0,0,6,0.0,False,14047,558,123,132,0.9318,32,3,33,27,4.9259,14,12.7778,6.4923,10,4.8519,138.5414,3740.618,48.41,6.52,1.259,552,0,0,0,0,334.124,10191,1.3784,0,main,21.023,26,5,2
cbs,40,0.02,4,4.0,0,6,0.0,False,14570,462,107,132,0.8106,24,10,33,24,3.7083,11,11.125,6.4231,10,3.625,76.2585,1830.203,47.09,8.42,1.208,510,2,4,2,0,357.539,10722,1.3589,0,main,8.179,25,6,2
cbs,40,0.02,5,4.0,0,6,0.0,False,16350,525,116,146,0.7945,24,12,33,28,4.3571,18,11.5357,6.3279,10,4.2857,81.813,2290.765,52.3,8.36,1.286,631,2,4,1,0,350.113,10253,1.5947,0,main,10.955,24,4,5
cbs,40,0.02,6,4.0,0,6,0.0,False,15965,525,115,138,0.8333,25,11,33,31,4.6774,18,12.3226,6.5143,10,4.4194,93.5481,2899.991,61.08,6.45,1.323,603,0,0,1,0,354.785,10805,1.4776,0,main,17.049,26,4,3
cbs,40,0.02,7,4.0,0,6,0.0,False,16340,681,114,138,0.8261,29,9,33,28,4.5714,16,12.9286,6.5385,10,4.5714,119.5515,3347.441,50.76,9.39,1.143,726,0,0,1,0,364.982,10836,1.5079,0,main,16.616,28,2,3
cbs,40,0.02,8,4.0,0,6,0.0,False,18628,777,135,151,0.894,29,8,33,26,3.3462,10,12.2692,6.7857,10,3.3077,77.3027,2009.87,64.2,6.58,1.115,470,0,0,0,0,548.396,10551,1.7655,0,main,14.914,24,3,6
cbs,40,0.02,9,4.0,0,6,0.0,False,15729,588,123,136,0.9044,29,6,33,26,4.6538,11,11.9615,6.2712,10,4.6538,87.848,2284.047,41.65,5.69,1.077,478,0,0,0,0,319.903,10282,1.5298,0,main,12.81,25,5,3
cbs,40,0.02,10,4.0,0,6,0.0,False,17611,538,108,155,0.6968,17,18,33,26,4.3077,20,12.0769,6.3571,10,4.0769,63.1855,1642.823,89.35,4.65,1.269,375,0,0,0,0,367.39,10277,1.7136,0,main,9.727,22,5,6
cbs,40,0.02,11,4.0,0,6,0.0,False,18411,598,105,141,0.7447,19,16,33,22,3.6818,14,11.0,6.4419,10,3.6818,81.9362,1802.595,54.06,7.55,1.136,430,1,1,1,0,341.026,10183,1.808,0,main,8.786,24,5,4
cbs,40,0.02,12,4.0,0,6,0.0,False,18198,651,134,150,0.8933,29,6,33,28,4.7857,16,14.1071,6.3836,10,4.6786,115.5858,3236.403,61.79,9.04,1.071,695,0,0,0,0,355.781,11354,1.6028,0,main,15.84,23,5,5
full_replan,40,0.02,1,4.0,0,6,0.0,False,17286,611,134,154,0.8701,26,7,33,31,16.6774,39,40.0,40.0,40,16.6774,897.2957,27816.167,67.7,0.0,0.0,1240,21,0,0,0,343.095,10359,1.6687,0,main,28.121,19,8,6
full_replan,40,0.02,2,4.0,0,6,0.0,False,14061,494,158,162,0.9753,34,1,33,32,20.6562,40,40.0,40.0,40,20.6562,893.7875,28601.199,95.39,0.0,0.0,1280,27,0,0,0,344.394,10045,1.3998,0,main,28.922,21,5,7
full_replan,40,0.02,3,4.0,0,6,0.0,False,12631,462,132,132,1.0,34,1,33,30,17.6,39,40.0,40.0,40,17.6,206.435,6193.051,39.97,0.0,0.0,1200,0,0,0,0,334.124,10191,1.2394,0,main,6.432,26,5,2
full_replan,40,0.02,4,4.0,0,6,0.0,False,13311,384,108,132,0.8182,25,9,33,33,11.0,39,40.0,40.0,40,11.0,372.7574,12300.995,26.34,0.0,0.0,1320,33,0,0,0,357.539,10722,1.2415,0,main,12.511,25,6,2
full_replan,40,0.02,5,4.0,0,6,0.0,False,14667,509,131,147,0.8912,29,7,33,32,18.2812,39,40.0,40.0,40,18.2812,301.4696,9647.028,56.51,0.0,0.0,1280,23,0,0,0,349.33,10253,1.4305,0,main,9.924,24,4,5
full_replan,40,0.02,6,4.0,0,6,0.0,False,14516,550,124,138,0.8986,31,5,33,33,19.2121,39,40.0,40.0,40,19.2121,401.4975,13249.417,60.0,0.0,0.0,1320,21,0,0,0,365.493,10805,1.3435,0,main,13.52,26,4,3
full_replan,40,0.02,7,4.0,0,6,0.0,False,13307,522,128,138,0.9275,35,3,33,30,17.6667,40,40.0,40.0,40,17.6667,360.1964,10805.891,43.83,0.0,0.0,1200,26,0,0,0,364.982,10836,1.228,0,main,11.056,28,2,3
full_replan,40,0.02,8,4.0,0,6,0.0,False,15191,730,150,155,0.9677,34,3,33,31,17.4839,40,40.0,40.0,40,17.4839,737.3966,22859.296,65.12,0.0,0.0,1240,11,0,0,0,548.396,10551,1.4398,0,main,23.199,24,3,6
full_replan,40,0.02,9,4.0,0,6,0.0,False,13409,534,134,137,0.9781,34,1,33,31,18.6452,39,40.0,40.0,40,18.6452,1789.6203,55478.228,39.79,0.0,0.0,1240,31,0,0,0,328.325,10282,1.3041,0,main,55.766,25,5,3
full_replan,40,0.02,10,4.0,0,6,0.0,False,16957,505,114,153,0.7451,19,16,33,33,13.9091,40,40.0,40.0,40,13.9091,317.8365,10488.606,69.23,0.0,0.0,1320,30,0,0,0,350.79,10277,1.65,0,main,10.796,22,5,6
full_replan,40,0.02,11,4.0,0,6,0.0,False,14134,450,114,143,0.7972,22,13,33,33,14.0909,39,40.0,40.0,40,14.0909,1504.038,49633.254,53.45,0.0,0.0,1320,32,0,0,0,341.026,10183,1.388,0,main,49.875,24,5,4
full_replan,40,0.02,12,4.0,0,6,0.0,False,16124,633,143,150,0.9533,33,2,33,33,22.697,40,40.0,40.0,40,22.697,2354.4834,77697.951,69.72,0.0,0.0,1320,31,0,0,0,355.781,11354,1.4201,0,main,78.09,23,5,5
selfish,40,0.03,1,4.0,0,6,0.0,False,23296,654,116,165,0.703,12,18,50,42,6.0714,19,12.0,5.9048,6,5.6905,34.4557,1447.138,76.35,0.0,1.286,255,7,13,0,0,340.909,10359,2.2489,0,main,19.203,31,11,8
selfish,40,0.03,2,4.0,0,6,0.0,False,18723,556,147,180,0.8167,19,12,50,42,7.0476,16,12.8571,6.0,6,6.1667,42.0413,1765.733,80.43,0.0,1.119,296,3,3,0,0,392.6,10045,1.8639,0,main,16.345,29,11,10
selfish,40,0.03,3,4.0,0,6,0.0,False,17360,512,117,150,0.78,19,15,50,39,6.1026,19,11.7436,6.0,6,5.8462,66.3817,2588.886,48.66,0.0,1.179,238,2,5,0,0,339.155,10191,1.7035,0,main,21.189,39,6,5
selfish,40,0.03,4,4.0,0,6,0.0,False,17453,505,103,144,0.7153,16,15,50,39,5.2564,22,10.8718,5.8824,6,4.8718,26.4624,1032.035,50.62,0.0,1.205,205,4,11,0,0,356.803,10722,1.6278,0,main,11.594,37,9,4
selfish,40,0.03,5,4.0,0,6,0.0,False,20913,657,113,153,0.7386,18,16,50,41,5.3902,19,10.6585,5.8652,6,5.0,30.7753,1261.788,55.77,0.0,1.195,221,4,9,0,0,350.113,10253,2.0397,0,main,13.602,37,6,7
selfish,40,0.03,6,4.0,0,6,0.0,False,18624,606,122,162,0.7531,21,14,50,47,5.5745,16,11.4468,6.0,6,4.8511,34.484,1620.746,68.86,0.0,1.149,262,4,7,0,0,354.785,10805,1.7236,0,main,17.33,38,5,7
selfish,40,0.03,7,4.0,0,6,0.0,False,17409,579,114,138,0.8261,24,10,50,39,5.2051,17,10.8462,5.8824,6,5.1538,29.7635,1160.775,40.23,0.0,1.385,203,5,8,0,0,345.04,10836,1.6066,0,main,11.501,41,6,3
selfish,40,0.03,8,4.0,0,6,0.0,False,20156,617,117,161,0.7267,20,15,50,42,5.1667,13,10.2619,5.9111,6,4.7619,30.1164,1264.888,64.53,0.0,1.19,217,6,11,0,0,501.918,10551,1.9103,0,main,14.296,37,5,8
selfish,40,0.03,9,4.0,0,6,0.0,False,16822,583,134,147,0.9116,26,7,50,41,6.122,14,12.3415,6.0,6,5.6341,34.0072,1394.297,35.15,0.0,1.098,251,4,7,0,0,333.619,10282,1.6361,0,main,15.1,38,7,5
selfish,40,0.03,10,4.0,0,6,0.0,False,19075,567,123,173,0.711,17,16,50,40,5.325,20,10.3,5.8023,6,4.625,26.7982,1071.93,76.88,0.0,1.05,213,7,9,0,0,340.584,10277,1.8561,0,main,11.077,34,7,9
selfish,40,0.03,11,4.0,0,6,0.0,False,17778,517,112,170,0.6588,15,19,50,42,4.5952,15,9.8333,5.975,6,4.1905,21.069,884.897,66.76,0.0,1.214,193,6,12,0,0,332.489,10183,1.7459,0,main,11.112,34,6,10
selfish,40,0.03,12,4.0,0,6,0.0,False,21545,692,126,162,0.7778,21,12,50,40,6.325,14,12.0,5.898,6,5.55,57.9228,2316.911,76.17,0.0,1.15,253,4,4,0,0,358.421,11354,1.8976,0,main,19.221,36,7,7
greedy_pgp,40,0.03,1,4.0,0,6,0.0,False,23537,709,118,160,0.7375,15,15,50,41,6.0244,20,11.3902,5.9574,6,5.9512,6.5122,267.0,93.15,1.66,1.171,42,3,3,0,0,332.35,10359,2.2721,0,main,16.881,31,11,8
greedy_pgp,40,0.03,2,4.0,0,6,0.0,False,21524,645,139,180,0.7722,19,12,50,43,5.4884,19,11.9302,5.9633,6,5.3721,6.9232,297.696,114.0,1.77,1.163,36,5,7,0,0,377.014,10045,2.1428,0,main,16.275,29,11,10
greedy_pgp,40,0.03,3,4.0,0,6,0.0,False,18997,578,124,150,0.8267,21,13,50,40,7.75,25,12.375,5.9533,6,7.625,21.4375,857.501,95.69,2.05,1.3,96,4,8,0,0,371.092,10191,1.8641,0,main,24.408,39,6,5
greedy_pgp,40,0.03,4,4.0,0,6,0.0,False,19984,617,103,144,0.7153,16,15,50,36,5.6944,22,11.0833,5.9494,6,5.6111,7.9484,286.143,82.59,1.81,1.25,54,6,15,0,0,352.85,10722,1.8638,0,main,10.007,37,9,4
greedy_pgp,40,0.03,5,4.0,0,6,0.0,False,20567,675,117,152,0.7697,20,14,50,43,5.4651,18,10.7674,5.8,6,5.3023,5.4343,233.677,61.41,1.65,1.419,30,5,11,0,0,341.597,10253,2.0059,0,main,12.382,37,6,7
greedy_pgp,40,0.03,6,4.0,0,6,0.0,False,22773,770,121,162,0.7469,19,16,50,44,6.3182,18,12.2955,6.0,6,6.0682,7.2738,320.048,109.59,1.93,1.159,42,2,6,0,0,351.969,10805,2.1076,0,main,16.213,38,5,7
greedy_pgp,40,0.03,7,4.0,0,6,0.0,False,18369,635,107,138,0.7754,22,12,50,39,6.2564,23,10.2308,5.747,6,6.2564,6.8642,267.704,59.75,1.67,1.256,42,10,11,0,0,345.61,10836,1.6952,0,main,10.629,41,6,3
greedy_pgp,40,0.03,8,4.0,0,6,0.0,False,19724,724,149,167,0.8922,29,6,50,45,7.6444,21,12.0889,6.0,6,7.6222,47.6492,2144.215,121.34,1.91,1.178,192,4,9,0,0,498.745,10551,1.8694,0,main,30.208,37,5,8
greedy_pgp,40,0.03,9,4.0,0,6,0.0,False,17610,596,124,148,0.8378,24,9,50,41,6.0732,13,10.878,6.0,6,6.0,8.6707,355.499,64.15,1.88,1.195,72,4,7,0,0,307.421,10282,1.7127,0,main,14.886,38,7,5
greedy_pgp,40,0.03,10,4.0,0,6,0.0,False,19884,569,121,173,0.6994,16,17,50,40,5.225,21,10.95,5.9651,6,5.075,6.8188,272.751,104.66,1.88,1.25,60,7,11,0,0,354.564,10277,1.9348,0,main,10.24,34,7,9
greedy_pgp,40,0.03,11,4.0,0,6,0.0,False,16667,478,116,168,0.6905,18,16,50,41,4.6585,18,10.7317,5.9405,6,4.6098,4.5272,185.617,96.02,1.9,1.098,30,7,12,0,0,332.489,10183,1.6367,0,main,10.425,34,6,10
greedy_pgp,40,0.03,12,4.0,0,6,0.0,False,21001,639,121,162,0.7469,19,14,50,41,5.8537,16,11.6585,5.949,6,5.7317,21.8245,894.806,96.69,1.73,1.22,48,5,5,0,0,358.421,11354,1.8497,0,main,17.532,36,7,7
adopt,40,0.03,1,4.0,0,6,0.0,False,28881,873,118,162,0.7284,13,17,50,41,6.0976,20,11.7805,5.9796,6,6.0244,7.7428,317.456,227.0,9.88,1.293,0,4,4,0,0,332.35,10359,2.788,0,main,18.907,31,11,8
adopt,40,0.03,2,4.0,0,6,0.0,False,20662,602,131,180,0.7278,18,13,50,43,5.1395,19,11.7442,5.9619,6,5.0465,8.3869,360.635,259.76,12.16,1.186,0,5,8,0,0,377.014,10045,2.0569,0,main,14.066,29,11,10
adopt,40,0.03,3,4.0,0,6,0.0,False,18186,575,124,150,0.8267,23,11,50,39,7.8974,23,12.641,5.9528,6,7.7436,10.4728,408.441,356.32,16.08,1.231,0,4,7,0,0,359.388,10191,1.7845,0,main,21.953,39,6,5
adopt,40,0.03,4,4.0,0,6,0.0,False,18885,581,105,144,0.7292,18,13,50,40,5.2,26,10.9,5.977,6,5.175,7.8869,315.477,250.08,12.0,1.275,0,3,10,0,0,332.192,10722,1.7613,0,main,11.221,37,9,4
adopt,40,0.03,5,4.0,0,6,0.0,False,20780,678,119,152,0.7829,20,14,50,43,5.7442,18,11.0465,5.9583,6,5.5814,6.6039,283.966,188.95,10.86,1.349,0,7,13,0,0,344.126,10253,2.0267,0,main,13.188,37,6,7
adopt,40,0.03,6,4.0,0,6,0.0,False,18423,581,132,162,0.8148,22,13,50,46,6.087,19,11.7391,6.0,6,5.7826,6.926,318.594,260.29,11.93,1.152,0,6,9,0,0,336.645,10805,1.705,0,main,14.91,38,5,7
adopt,40,0.03,7,4.0,0,6,0.0,False,18631,637,109,138,0.7899,23,11,50,41,6.0732,23,10.0488,5.7159,6,6.0488,6.5084,266.843,219.28,10.59,1.415,0,9,11,0,0,368.59,10836,1.7194,0,main,11.079,41,6,3
adopt,40,0.03,8,4.0,0,6,0.0,False,19122,602,134,163,0.8221,24,11,50,44,5.8864,19,10.9091,5.9479,6,5.8182,7.6529,336.73,251.54,10.48,1.159,0,3,8,0,0,511.758,10551,1.8123,0,main,19.17,37,5,8
adopt,40,0.03,9,4.0,0,6,0.0,False,17999,593,122,148,0.8243,22,11,50,41,5.9024,13,10.9268,6.0,6,5.8537,8.9544,367.129,282.79,15.44,1.122,0,4,8,0,0,344.339,10282,1.7505,0,main,13.912,38,7,5
adopt,40,0.03,10,4.0,0,6,0.0,False,20012,564,118,172,0.686,13,20,50,39,4.8718,21,10.4615,5.8659,6,4.7949,6.3324,246.965,213.73,10.92,1.256,0,5,8,0,0,339.275,10277,1.9473,0,main,9.113,34,7,9
adopt,40,0.03,11,4.0,0,6,0.0,False,20091,622,118,168,0.7024,18,16,50,41,4.5854,18,10.0488,5.9747,6,4.561,7.0329,288.349,227.84,12.39,1.195,0,4,8,0,0,332.489,10183,1.973,0,main,9.51,34,6,10
adopt,40,0.03,12,4.0,0,6,0.0,False,23045,705,116,161,0.7205,17,16,50,39,5.9231,15,11.4615,5.9457,6,5.7949,7.6384,297.898,235.79,10.36,1.128,0,5,5,0,0,358.421,11354,2.0297,0,main,13.753,36,7,7
cbs,40,0.03,1,4.0,0,6,0.0,False,25315,714,104,161,0.646,11,19,50,41,3.7073,16,12.9268,6.8571,10,3.6829,85.4341,3502.797,72.68,5.54,1.268,695,1,1,0,0,344.69,10359,2.4438,0,main,32.646,31,11,8
cbs,40,0.03,2,4.0,0,6,0.0,False,21271,645,138,180,0.7667,19,12,50,40,3.775,17,13.0,6.4078,10,3.7,69.2759,2771.037,93.15,5.0,1.15,577,1,1,0,0,361.724,10045,2.1176,0,main,20.934,29,11,10
cbs,40,0.03,3,4.0,0,6,0.0,False,17786,537,111,150,0.74,18,16,50,40,4.55,21,12.8,6.7216,10,4.45,208.2497,8329.988,44.73,6.85,1.35,930,1,1,1,0,349.076,10191,1.7453,0,main,46.43,39,6,5
cbs,40,0.03,4,4.0,0,6,0.0,False,18552,585,106,144,0.7361,20,11,50,41,3.6098,14,11.1951,6.6071,10,3.6098,81.1426,3326.846,51.91,8.44,1.293,922,2,8,4,0,328.301,10722,1.7303,0,main,19.235,37,9,4
cbs,40,0.03,5,4.0,0,6,0.0,False,20497,675,114,152,0.75,21,13,50,43,3.7209,12,12.0,6.5591,10,3.6047,51.2015,2201.666,40.61,4.19,1.302,491,1,1,0,0,329.82,10253,1.9991,0,main,18.957,37,6,7
cbs,40,0.03,6,4.0,0,6,0.0,False,21726,708,110,162,0.679,18,17,50,44,4.7273,18,11.5,6.2188,10,4.5,104.6806,4605.946,75.86,7.68,1.159,987,0,0,1,0,350.22,10805,2.0107,0,main,20.676,38,5,7
cbs,40,0.03,7,4.0,0,6,0.0,False,18921,660,109,138,0.7899,23,11,50,41,4.1707,16,12.3415,6.6556,10,4.1707,111.4147,4568.001,41.1,8.66,1.341,978,1,3,3,0,346.909,10836,1.7461,0,main,23.825,41,6,3
cbs,40,0.03,8,4.0,0,6,0.0,False,18698,581,131,165,0.7939,23,12,50,45,3.9778,16,11.7556,6.604,10,3.8444,244.5809,11006.14,76.81,9.29,1.244,1227,1,1,2,0,520.941,10551,1.7722,0,main,45.414,37,5,8
cbs,40,0.03,9,4.0,0,6,0.0,False,18619,690,126,145,0.869,26,7,50,39,3.7179,11,12.0513,6.4353,10,3.7179,92.248,3597.67,33.49,8.69,1.231,845,1,1,0,0,316.795,10282,1.8108,0,main,19.119,38,7,5
cbs,40,0.03,10,4.0,0,6,0.0,False,22467,664,131,174,0.7529,16,17,50,40,3.725,20,11.825,6.3933,10,3.675,76.4641,3058.564,94.41,6.2,1.175,687,0,0,1,0,377.253,10277,2.1861,0,main,16.262,34,7,9
cbs,40,0.03,11,4.0,0,6,0.0,False,19347,598,111,170,0.6529,19,15,50,41,3.0732,14,11.0732,6.4878,10,3.0732,73.1428,2998.853,71.6,7.15,1.122,750,1,1,1,0,316.491,10183,1.8999,0,main,15.623,34,6,10
cbs,40,0.03,12,4.0,0,6,0.0,False,21364,656,128,162,0.7901,20,13,50,40,3.975,16,11.875,6.2,10,3.9,85.8864,3435.457,73.5,6.7,1.15,740,0,0,1,0,358.841,11354,1.8816,0,main,20.84,36,7,7
full_replan,40,0.03,1,4.0,0,6,0.0,False,19307,631,135,163,0.8282,22,8,50,48,17.1875,39,40.0,40.0,40,17.1875,1556.5163,74712.782,69.44,0.0,0.0,1920,41,0,0,0,343.095,10359,1.8638,0,main,75.165,31,11,8
full_replan,40,0.03,2,4.0,0,6,0.0,False,16542,547,173,180,0.9611,29,2,50,47,20.1489,40,40.0,40.0,40,20.1489,602.8878,28335.726,87.08,0.0,0.0,1880,28,0,0,0,344.394,10045,1.6468,0,main,28.843,29,11,10
full_replan,40,0.03,3,4.0,0,6,0.0,False,15463,492,137,150,0.9133,30,4,50,46,17.9783,39,40.0,40.0,40,17.9783,605.5382,27854.759,52.14,0.0,0.0,1840,36,0,0,0,344.159,10191,1.5173,0,main,28.21,39,6,5
full_replan,40,0.03,4,4.0,0,6,0.0,False,16035,495,110,144,0.7639,22,9,50,49,13.0,40,40.0,40.0,40,13.0,564.4282,27656.984,47.23,0.0,0.0,1960,47,0,0,0,351.36,10722,1.4955,0,main,28.058,37,9,4
full_replan,40,0.03,5,4.0,0,6,0.0,False,16710,544,129,153,0.8431,24,10,50,48,15.9583,39,40.0,40.0,40,15.9583,680.0551,32642.645,48.53,0.0,0.0,1920,38,0,0,0,311.606,10253,1.6298,0,main,33.061,37,6,7
full_replan,40,0.03,6,4.0,0,6,0.0,False,15244,674,160,162,0.9877,35,0,50,49,19.449,39,40.0,40.0,40,19.449,163.7158,8022.075,70.23,0.0,0.0,1960,0,0,0,0,349.316,10805,1.4108,0,main,8.509,38,5,7
full_replan,40,0.03,7,4.0,0,6,0.0,False,14581,479,112,138,0.8116,27,7,50,48,13.6458,40,40.0,40.0,40,13.6458,315.343,15136.463,30.3,0.0,0.0,1920,44,0,0,0,345.61,10836,1.3456,0,main,15.481,41,6,3
full_replan,40,0.03,8,4.0,0,6,0.0,False,16079,543,157,166,0.9458,32,3,50,46,19.2391,40,40.0,40.0,40,19.2391,299.9118,13795.942,70.66,0.0,0.0,1840,22,0,0,0,498.745,10551,1.5239,0,main,14.259,37,5,8
full_replan,40,0.03,9,4.0,0,6,0.0,False,15777,557,138,146,0.9452,29,4,50,49,18.3878,39,40.0,40.0,40,18.3878,1023.3431,50143.811,29.0,0.0,0.0,1960,49,0,0,0,333.619,10282,1.5344,0,main,50.548,38,7,5
full_replan,40,0.03,10,4.0,0,6,0.0,False,16849,526,153,173,0.8844,26,7,50,50,15.86,40,40.0,40.0,40,15.86,1074.4985,53724.926,72.27,0.0,0.0,2000,47,0,0,0,340.584,10277,1.6395,0,main,54.183,34,7,9
full_replan,40,0.03,11,4.0,0,6,0.0,False,13622,401,134,170,0.7882,25,9,50,50,15.1,40,40.0,40.0,40,15.1,9726.7614,486338.072,56.68,0.0,0.0,2000,48,0,0,0,341.523,10183,1.3377,0,main,486.705,34,6,10
full_replan,40,0.03,12,4.0,0,6,0.0,False,18360,683,153,162,0.9444,30,3,50,50,18.84,40,40.0,40.0,40,18.84,3596.0344,179801.722,54.0,0.0,0.0,2000,48,0,0,0,347.059,11354,1.6171,0,main,180.358,36,7,7
selfish,40,0.04,1,4.0,0,6,0.0,False,25985,721,124,177,0.7006,13,13,66,48,6.75,19,12.5417,6.0,6,6.2292,53.6339,2574.425,87.56,0.0,1.229,324,7,8,0,2,328.084,10359,2.5084,0,main,27.194,39,17,10
selfish,40,0.04,2,4.0,0,6,0.0,False,22228,696,166,198,0.8384,21,9,66,57,6.3509,16,12.0702,6.0,6,5.5789,39.4732,2249.974,89.58,0.0,1.105,362,3,4,0,0,370.654,10045,2.2128,0,main,22.111,40,13,13
selfish,40,0.04,3,4.0,0,6,0.0,False,18665,501,107,160,0.6687,11,21,66,46,6.2826,20,12.0435,5.9565,6,6.0217,57.2758,2634.689,52.48,0.0,1.239,289,8,17,0,0,349.076,10191,1.8315,0,main,20.944,51,8,7
selfish,40,0.04,4,4.0,0,6,0.0,False,20901,557,102,168,0.6071,10,18,66,53,5.5094,20,11.1509,6.0,6,5.0566,27.3784,1451.058,83.95,0.0,1.321,292,9,17,0,0,328.301,10722,1.9494,0,main,17.931,45,13,8
selfish,40,0.04,5,4.0,0,6,0.0,False,25531,747,113,175,0.6457,14,16,66,52,5.8654,19,11.3077,5.9587,6,5.4231,36.1204,1878.263,74.14,0.0,1.231,305,8,16,0,0,320.271,10253,2.4901,0,main,20.658,45,10,11
selfish,40,0.04,6,4.0,0,6,0.0,False,20647,700,137,173,0.7919,23,11,66,61,6.0656,20,11.8689,6.0,6,5.459,40.1362,2448.307,74.62,0.0,1.131,370,5,8,0,0,355.128,10805,1.9109,0,main,26.44,51,6,9
selfish,40,0.04,7,4.0,0,6,0.0,False,17459,547,109,144,0.7569,21,9,66,49,5.0816,17,9.9184,5.7308,6,5.0408,32.2547,1580.48,50.87,0.0,1.408,249,11,13,0,0,346.909,10836,1.6112,0,main,17.132,52,10,4
selfish,40,0.04,8,4.0,0,6,0.0,False,22020,636,102,176,0.5795,12,20,66,47,5.3617,15,10.7234,5.94,6,5.0851,33.0335,1552.575,74.32,0.0,1.213,252,8,17,0,0,520.941,10551,2.087,0,main,16.123,47,8,11
selfish,40,0.04,9,4.0,0,6,0.0,False,17404,513,123,160,0.7688,19,13,66,59,6.2203,16,12.3051,5.9375,6,5.7627,35.9989,2123.934,41.7,0.0,1.153,367,6,9,0,0,316.795,10282,1.6927,0,main,27.504,51,8,7
selfish,40,0.04,10,4.0,0,6,0.0,False,23095,661,133,194,0.6856,14,19,66,51,6.0196,20,11.7451,6.0,6,5.1176,53.6879,2738.083,86.56,0.0,1.157,307,14,17,0,1,377.253,10277,2.2473,0,main,23.787,45,7,14
selfish,40,0.04,11,4.0,0,6,0.0,False,21140,628,113,185,0.6108,15,17,66,50,5.02,16,10.36,5.97,6,4.44,23.7401,1187.003,70.14,0.0,1.16,251,7,15,0,0,332.489,10183,2.076,0,main,15.573,44,9,13
selfish,40,0.04,12,4.0,0,6,0.0,False,25629,796,145,180,0.8056,20,11,66,53,6.6038,16,12.4906,6.0,6,5.9623,44.2963,2347.705,76.62,0.0,1.208,350,5,5,0,0,358.421,11354,2.2573,0,main,34.515,46,10,10
greedy_pgp,40,0.04,1,4.0,0,6,0.0,False,19607,514,76,173,0.4393,5,21,66,39,6.4103,20,11.6154,6.0,6,6.2821,7.0668,275.604,115.87,1.72,1.385,36,12,22,0,0,348.357,10359,1.8928,0,main,23.373,39,17,10
greedy_pgp,40,0.04,2,4.0,0,6,0.0,False,24021,762,170,198,0.8586,22,8,66,58,5.7414,19,11.5517,5.9586,6,5.6034,12.1293,703.501,115.4,1.93,1.103,78,3,4,0,0,357.348,10045,2.3913,0,main,24.524,40,13,13
greedy_pgp,40,0.04,3,4.0,0,6,0.0,False,20373,558,105,162,0.6481,10,22,66,54,6.6296,25,11.3519,6.0,6,6.4815,14.6533,791.277,80.49,2.0,1.315,96,9,19,0,0,359.388,10191,1.9991,0,main,23.653,51,8,7
greedy_pgp,40,0.04,4,4.0,0,6,0.0,False,18658,498,103,168,0.6131,10,18,66,51,5.6275,20,10.7255,5.955,6,5.5686,8.2699,421.766,101.28,1.88,1.196,66,14,21,0,0,332.192,10722,1.7402,0,main,15.752,45,13,8
greedy_pgp,40,0.04,5,4.0,0,6,0.0,False,21877,587,113,174,0.6494,12,18,66,56,5.4643,21,10.6607,5.9091,6,5.4286,6.5834,368.672,84.58,1.95,1.286,66,13,19,0,0,344.485,10253,2.1337,0,main,17.654,45,10,11
greedy_pgp,40,0.04,6,4.0,0,6,0.0,False,18726,562,120,173,0.6936,19,15,66,58,6.5862,19,11.7759,6.0,6,6.4483,9.3858,544.375,110.9,1.98,1.155,84,8,11,0,0,356.026,10805,1.7331,0,main,22.755,51,6,9
greedy_pgp,40,0.04,7,4.0,0,6,0.0,False,18883,626,106,143,0.7413,21,9,66,48,6.4583,23,10.5208,5.951,6,6.375,6.5389,313.868,69.65,1.85,1.271,48,9,13,0,0,345.61,10836,1.7426,0,main,16.239,52,10,4
greedy_pgp,40,0.04,8,4.0,0,6,0.0,False,22082,654,113,177,0.6384,15,17,66,52,6.0192,20,10.1923,5.9815,6,5.9231,14.6493,761.766,100.23,1.92,1.25,96,9,17,0,0,498.745,10551,2.0929,0,main,22.825,47,8,11
greedy_pgp,40,0.04,9,4.0,0,6,0.0,False,19797,619,117,160,0.7312,19,13,66,56,5.875,19,11.3393,5.9219,6,5.7679,8.0154,448.864,70.34,1.82,1.161,66,5,8,0,0,316.795,10282,1.9254,0,main,26.572,51,8,7
greedy_pgp,40,0.04,10,4.0,0,6,0.0,False,24916,685,126,200,0.63,11,22,66,55,5.3455,21,10.6364,6.0,6,5.2,11.7911,648.509,119.66,1.98,1.182,48,11,15,0,0,377.253,10277,2.4244,0,main,21.238,45,7,14
greedy_pgp,40,0.04,11,4.0,0,6,0.0,False,20952,576,113,187,0.6043,13,19,66,53,5.0189,20,10.3019,5.8611,6,4.9434,5.1285,271.809,104.55,1.85,1.226,42,11,22,0,0,316.491,10183,2.0575,0,main,16.343,44,9,13
greedy_pgp,40,0.04,12,4.0,0,6,0.0,False,25891,831,139,180,0.7722,20,11,66,53,6.1698,18,12.0566,6.0,6,5.9623,10.6751,565.782,96.6,1.87,1.113,78,7,7,0,0,358.841,11354,2.2803,0,main,25.539,46,10,10
adopt,40,0.04,1,4.0,0,6,0.0,False,28792,761,109,177,0.6158,7,19,66,47,6.7447,20,12.234,5.9569,6,6.6596,8.6812,408.016,274.99,12.83,1.319,0,9,17,0,0,343.095,10359,2.7794,0,main,31.091,39,17,10
adopt,40,0.04,2,4.0,0,6,0.0,False,26581,817,161,198,0.8131,19,11,66,54,4.9815,19,11.1296,5.876,6,4.8148,8.8712,479.047,284.16,11.74,1.13,0,1,2,0,0,344.394,10045,2.6462,0,main,20.709,40,13,13
adopt,40,0.04,3,4.0,0,6,0.0,False,17387,476,99,160,0.6188,9,23,66,54,6.6111,23,11.1111,5.856,6,6.463,8.6476,466.969,286.77,14.48,1.333,0,8,18,0,0,358.121,10191,1.7061,0,main,24.224,51,8,7
adopt,40,0.04,4,4.0,0,6,0.0,False,24904,764,117,168,0.6964,16,12,66,53,5.3962,22,11.2642,5.958,6,5.3019,8.6472,458.3,285.77,13.11,1.245,0,8,15,0,0,334.526,10722,2.3227,0,main,16.669,45,13,8
adopt,40,0.04,5,4.0,0,6,0.0,False,28012,794,113,174,0.6494,12,18,66,56,5.7143,21,10.75,5.881,6,5.6964,7.4715,418.405,221.17,10.02,1.196,0,12,17,0,0,344.126,10253,2.7321,0,main,25.275,45,10,11
adopt,40,0.04,6,4.0,0,6,0.0,False,19508,617,136,173,0.7861,23,11,66,60,6.3333,21,11.5,6.0,6,6.1667,7.8417,470.505,273.21,12.38,1.067,0,2,5,0,0,336.645,10805,1.8055,0,main,23.015,51,6,9
adopt,40,0.04,7,4.0,0,6,0.0,False,19439,520,79,144,0.5486,7,23,66,37,6.3784,23,10.0,5.4699,6,6.3243,6.7783,250.795,206.49,9.49,1.297,6,12,14,0,31,345.61,10836,1.7939,0,main,11.756,52,10,4
adopt,40,0.04,8,4.0,0,6,0.0,False,23234,669,105,177,0.5932,13,19,66,53,5.7736,20,10.283,5.9434,6,5.717,7.2907,386.407,244.92,10.68,1.264,0,13,20,0,0,498.745,10551,2.2021,0,main,19.251,47,8,11
adopt,40,0.04,9,4.0,0,6,0.0,False,20166,657,123,160,0.7688,21,11,66,55,6.2727,17,11.5818,5.9618,6,6.1818,7.1146,391.302,227.86,9.95,1.109,0,5,8,0,0,319.021,10282,1.9613,0,main,24.888,51,8,7
adopt,40,0.04,10,4.0,0,6,0.0,False,23024,676,134,195,0.6872,15,18,66,54,5.2222,21,10.9074,5.9417,6,5.0741,7.912,427.247,248.08,12.31,1.167,0,8,13,0,0,356.063,10277,2.2403,0,main,20.702,45,7,14
adopt,40,0.04,11,4.0,0,6,0.0,False,20291,544,109,187,0.5829,11,21,66,51,4.7059,19,10.2941,5.9798,6,4.6667,6.881,350.931,242.14,10.82,1.255,0,9,18,0,0,320.783,10183,1.9926,0,main,15.291,44,9,13
adopt,40,0.04,12,4.0,0,6,0.0,False,25661,728,120,180,0.6667,13,18,66,52,5.8654,15,11.8077,5.9612,6,5.6731,8.9893,467.446,271.62,12.23,1.231,0,5,5,0,0,354.591,11354,2.2601,0,main,23.18,46,10,10
cbs,40,0.04,1,4.0,0,6,0.0,False,26087,718,126,176,0.7159,13,13,66,47,4.4468,15,13.0426,6.7207,10,4.4043,132.9883,6250.45,75.15,8.0,1.17,1153,0,0,0,0,344.69,10359,2.5183,0,main,39.263,39,17,10
cbs,40,0.04,2,4.0,0,6,0.0,False,21999,700,177,198,0.8939,26,4,66,57,4.0702,17,14.3509,6.6937,10,3.9474,172.8798,9854.149,79.95,9.18,1.158,1418,1,1,5,0,361.724,10045,2.19,0,main,67.971,40,13,13
cbs,40,0.04,3,4.0,0,6,0.0,False,20330,570,107,162,0.6605,12,20,66,47,4.3191,20,12.6809,6.6034,10,4.2128,173.0451,8133.119,58.73,7.38,1.447,1049,2,2,2,0,367.247,10191,1.9949,0,main,40.97,51,8,7
cbs,40,0.04,4,4.0,0,6,0.0,False,24124,681,106,168,0.631,12,16,66,47,3.4894,13,11.7447,6.6667,10,3.4468,93.0005,4371.023,86.73,9.13,1.255,1093,3,7,3,0,349.241,10722,2.25,0,main,25.393,45,13,8
cbs,40,0.04,5,4.0,0,6,0.0,False,27846,796,100,173,0.578,11,19,66,53,3.2453,9,11.4528,6.6018,10,3.2075,103.5446,5487.863,60.77,5.4,1.358,716,0,0,0,0,349.33,10253,2.7159,0,main,28.256,45,10,11
cbs,40,0.04,6,4.0,0,6,0.0,False,18406,532,132,172,0.7674,21,13,66,58,4.8103,18,13.1379,6.7092,10,4.569,119.7138,6943.401,80.33,7.95,1.138,1421,0,0,2,0,365.493,10805,1.7035,0,main,41.352,51,6,9
cbs,40,0.04,7,4.0,0,6,0.0,False,18085,575,102,144,0.7083,20,10,66,43,4.2093,16,11.907,6.5,10,4.186,109.2932,4699.607,50.96,7.58,1.302,881,1,2,2,0,368.796,10836,1.669,0,main,24.392,52,10,4
cbs,40,0.04,8,4.0,0,6,0.0,False,24591,747,111,181,0.6133,15,17,66,47,3.8723,16,11.9362,6.802,10,3.7447,158.8763,7467.184,85.83,9.98,1.34,1222,0,0,3,0,529.092,10551,2.3307,0,main,44.703,47,8,11
cbs,40,0.04,9,4.0,0,6,0.0,False,19359,584,111,160,0.6937,16,16,66,54,4.2407,15,12.2407,6.4113,10,4.0926,120.4479,6504.187,51.67,9.07,1.204,1269,1,1,0,0,319.021,10282,1.8828,0,main,35.07,51,8,7
cbs,40,0.04,10,4.0,0,6,0.0,False,23391,670,132,195,0.6769,14,19,66,56,3.6429,20,12.3929,6.6667,10,3.5,120.5244,6749.365,78.83,6.95,1.214,1049,1,1,1,0,356.063,10277,2.2761,0,main,50.761,45,7,14
cbs,40,0.04,11,4.0,0,6,0.0,False,21488,598,116,188,0.617,17,15,66,53,2.7547,11,11.1132,6.7525,10,2.7358,87.4694,4635.877,79.41,6.72,1.151,839,2,2,1,0,353.375,10183,2.1102,0,main,28.782,44,9,13
cbs,40,0.04,12,4.0,0,6,0.0,False,27185,891,150,180,0.8333,22,9,66,53,4.3208,16,13.0755,6.4848,10,4.2075,140.7388,7459.154,72.53,9.0,1.226,1339,0,0,1,0,364.411,11354,2.3943,0,main,49.532,46,10,10
full_replan,40,0.04,1,4.0,0,6,0.0,False,23504,806,163,178,0.9157,24,2,66,62,18.629,40,40.0,40.0,40,18.629,1692.641,104943.739,74.17,0.0,0.0,2480,53,0,0,0,332.35,10359,2.2689,0,main,105.683,39,17,10
full_replan,40,0.04,2,4.0,0,6,0.0,False,19726,667,177,198,0.8939,25,5,66,61,18.1967,40,40.0,40.0,40,18.1967,1513.0996,92299.076,97.3,0.0,0.0,2440,41,0,0,0,377.014,10045,1.9638,0,main,93.006,40,13,13
full_replan,40,0.04,3,4.0,0,6,0.0,False,25081,775,113,159,0.7107,16,16,66,62,14.6129,39,40.0,40.0,40,14.6129,1229.8702,76251.951,47.09,0.0,0.0,2480,49,0,0,0,367.247,10191,2.4611,0,main,76.781,51,8,7
full_replan,40,0.04,4,4.0,0,6,0.0,False,23253,711,123,167,0.7365,17,11,66,63,13.2698,40,40.0,40.0,40,13.2698,950.4624,59879.131,55.07,0.0,0.0,2520,61,0,0,0,349.241,10722,2.1687,0,main,60.457,45,13,8
full_replan,40,0.04,5,4.0,0,6,0.0,False,25997,868,132,175,0.7543,18,12,66,63,15.7143,39,40.0,40.0,40,15.7143,1145.0387,72137.437,55.02,0.0,0.0,2520,54,0,0,0,349.33,10253,2.5356,0,main,72.797,45,10,11
full_replan,40,0.04,6,4.0,0,6,0.0,False,17363,594,151,170,0.8882,29,5,66,64,20.9219,39,40.0,40.0,40,20.9219,7022.5403,449442.577,67.71,0.0,0.0,2560,53,0,0,0,365.493,10805,1.6069,0,main,450.027,51,6,9
full_replan,40,0.04,7,4.0,0,6,0.0,False,17191,569,114,144,0.7917,23,7,66,65,12.3077,40,40.0,40.0,40,12.3077,318.4224,20697.458,36.03,0.0,0.0,2600,61,0,0,0,368.796,10836,1.5865,0,main,21.17,52,10,4
full_replan,40,0.04,8,4.0,0,6,0.0,False,23565,804,146,180,0.8111,21,11,66,64,16.6094,40,40.0,40.0,40,16.6094,915.9006,58617.637,74.46,0.0,0.0,2560,48,0,0,0,529.092,10551,2.2334,0,main,59.241,47,8,11
full_replan,40,0.04,9,4.0,0,6,0.0,False,17545,567,143,160,0.8938,25,7,66,64,17.0781,39,40.0,40.0,40,17.0781,1791.4525,114652.961,46.67,0.0,0.0,2560,64,0,0,0,338.932,10282,1.7064,0,main,115.239,51,8,7
full_replan,40,0.04,10,4.0,0,6,0.0,False,19749,636,157,194,0.8093,22,11,66,66,15.3939,40,40.0,40.0,40,15.3939,1926.6577,127159.409,65.16,0.0,0.0,2640,63,0,0,0,344.192,10277,1.9217,0,main,127.796,45,7,14
full_replan,40,0.04,11,4.0,0,6,0.0,False,16584,469,125,196,0.6378,18,14,66,63,13.3333,39,40.0,40.0,40,13.3333,14542.3115,916165.626,83.37,0.0,0.0,2520,59,0,0,0,341.026,10183,1.6286,0,main,916.687,44,9,13
full_replan,40,0.04,12,4.0,0,6,0.0,False,22790,740,149,180,0.8278,21,10,66,60,16.4833,40,40.0,40.0,40,16.4833,1524.3249,91459.497,63.57,0.0,0.0,2400,59,0,0,0,355.781,11354,2.0072,0,main,92.182,46,10,10
selfish,30,0.0,1,4.0,0,6,0.0,False,7965,388,90,90,1.0,30,0,0,0,0.0,0,0.0,0.0,0,0.0,0.0,0,0.0,0.0,0.0,0,0,0,0,0,253.706,7965,1.0,0,main,0.02,,,
selfish,30,0.0,2,4.0,0,6,0.0,False,7834,356,90,90,1.0,30,0,0,0,0.0,0,0.0,0.0,0,0.0,0.0,0,0.0,0.0,0.0,0,0,0,0,0,214.977,7834,1.0,0,main,0.023,,,
selfish,30,0.0,3,4.0,0,6,0.0,False,8075,348,90,90,1.0,30,0,0,0,0.0,0,0.0,0.0,0,0.0,0.0,0,0.0,0.0,0.0,0,0,0,0,0,244.623,8075,1.0,0,main,0.02,,,
selfish,30,0.0,4,4.0,0,6,0.0,False,8141,380,90,90,1.0,30,0,0,0,0.0,0,0.0,0.0,0,0.0,0.0,0,0.0,0.0,0.0,0,0,0,0,0,240.597,8145,0.9995,0,main,0.022,,,
selfish,30,0.0,5,4.0,0,6,0.0,False,8281,374,90,90,1.0,30,0,0,0,0.0,0,0.0,0.0,0,0.0,0.0,0,0.0,0.0,0.0,0,0,0,0,0,233.844,8281,1.0,0,main,0.02,,,
selfish,30,0.0,6,4.0,0,6,0.0,False,8014,382,90,90,1.0,30,0,0,0,0.0,0,0.0,0.0,0,0.0,0.0,0,0.0,0.0,0.0,0,0,0,0,0,240.559,8014,1.0,0,main,0.016,,,
selfish,30,0.0,7,4.0,0,6,0.0,False,7780,388,90,90,1.0,30,0,0,0,0.0,0,0.0,0.0,0,0.0,0.0,0,0.0,0.0,0.0,0,0,0,0,0,239.965,7780,1.0,0,main,0.019,,,
selfish,30,0.0,8,4.0,0,6,0.0,False,7989,384,90,90,1.0,30,0,0,0,0.0,0,0.0,0.0,0,0.0,0.0,0,0.0,0.0,0.0,0,0,0,0,0,221.224,7989,1.0,0,main,0.02,,,
selfish,30,0.0,9,4.0,0,6,0.0,False,7671,364,90,90,1.0,30,0,0,0,0.0,0,0.0,0.0,0,0.0,0.0,0,0.0,0.0,0.0,0,0,0,0,0,227.141,7671,1.0,0,main,0.015,,,
selfish,30,0.0,10,4.0,0,6,0.0,False,7664,304,90,90,1.0,30,0,0,0,0.0,0,0.0,0.0,0,0.0,0.0,0,0.0,0.0,0.0,0,0,0,0,0,221.714,7664,1.0,0,main,0.019,,,
selfish,30,0.0,11,4.0,0,6,0.0,False,7450,440,90,90,1.0,30,0,0,0,0.0,0,0.0,0.0,0,0.0,0.0,0,0.0,0.0,0.0,0,0,0,0,0,226.698,7450,1.0,0,main,0.02,,,
selfish,30,0.0,12,4.0,0,6,0.0,False,8240,360,90,90,1.0,30,0,0,0,0.0,0,0.0,0.0,0,0.0,0.0,0,0.0,0.0,0.0,0,0,0,0,0,251.096,8240,1.0,0,main,0.02,,,
greedy_pgp,30,0.0,1,4.0,0,6,0.0,False,7965,388,90,90,1.0,30,0,0,0,0.0,0,0.0,0.0,0,0.0,0.0,0,0.0,0.0,0.0,0,0,0,0,0,253.706,7965,1.0,0,main,0.019,,,
greedy_pgp,30,0.0,2,4.0,0,6,0.0,False,7834,356,90,90,1.0,30,0,0,0,0.0,0,0.0,0.0,0,0.0,0.0,0,0.0,0.0,0.0,0,0,0,0,0,214.977,7834,1.0,0,main,0.019,,,
greedy_pgp,30,0.0,3,4.0,0,6,0.0,False,8075,348,90,90,1.0,30,0,0,0,0.0,0,0.0,0.0,0,0.0,0.0,0,0.0,0.0,0.0,0,0,0,0,0,244.623,8075,1.0,0,main,0.021,,,
greedy_pgp,30,0.0,4,4.0,0,6,0.0,False,8141,380,90,90,1.0,30,0,0,0,0.0,0,0.0,0.0,0,0.0,0.0,0,0.0,0.0,0.0,0,0,0,0,0,240.597,8145,0.9995,0,main,0.02,,,
greedy_pgp,30,0.0,5,4.0,0,6,0.0,False,8281,374,90,90,1.0,30,0,0,0,0.0,0,0.0,0.0,0,0.0,0.0,0,0.0,0.0,0.0,0,0,0,0,0,233.844,8281,1.0,0,main,0.021,,,
greedy_pgp,30,0.0,6,4.0,0,6,0.0,False,8014,382,90,90,1.0,30,0,0,0,0.0,0,0.0,0.0,0,0.0,0.0,0,0.0,0.0,0.0,0,0,0,0,0,240.559,8014,1.0,0,main,0.02,,,
greedy_pgp,30,0.0,7,4.0,0,6,0.0,False,7780,388,90,90,1.0,30,0,0,0,0.0,0,0.0,0.0,0,0.0,0.0,0,0.0,0.0,0.0,0,0,0,0,0,239.965,7780,1.0,0,main,0.019,,,
greedy_pgp,30,0.0,8,4.0,0,6,0.0,False,7989,384,90,90,1.0,30,0,0,0,0.0,0,0.0,0.0,0,0.0,0.0,0,0.0,0.0,0.0,0,0,0,0,0,221.224,7989,1.0,0,main,0.02,,,
greedy_pgp,30,0.0,9,4.0,0,6,0.0,False,7671,364,90,90,1.0,30,0,0,0,0.0,0,0.0,0.0,0,0.0,0.0,0,0.0,0.0,0.0,0,0,0,0,0,227.141,7671,1.0,0,main,0.013,,,
greedy_pgp,30,0.0,10,4.0,0,6,0.0,False,7664,304,90,90,1.0,30,0,0,0,0.0,0,0.0,0.0,0,0.0,0.0,0,0.0,0.0,0.0,0,0,0,0,0,221.714,7664,1.0,0,main,0.018,,,
greedy_pgp,30,0.0,11,4.0,0,6,0.0,False,7450,440,90,90,1.0,30,0,0,0,0.0,0,0.0,0.0,0,0.0,0.0,0,0.0,0.0,0.0,0,0,0,0,0,226.698,7450,1.0,0,main,0.019,,,
greedy_pgp,30,0.0,12,4.0,0,6,0.0,False,8240,360,90,90,1.0,30,0,0,0,0.0,0,0.0,0.0,0,0.0,0.0,0,0.0,0.0,0.0,0,0,0,0,0,251.096,8240,1.0,0,main,0.02,,,
adopt,30,0.0,1,4.0,0,6,0.0,False,7965,388,90,90,1.0,30,0,0,0,0.0,0,0.0,0.0,0,0.0,0.0,0,0.0,0.0,0.0,0,0,0,0,0,253.706,7965,1.0,0,main,0.02,,,
adopt,30,0.0,2,4.0,0,6,0.0,False,7834,356,90,90,1.0,30,0,0,0,0.0,0,0.0,0.0,0,0.0,0.0,0,0.0,0.0,0.0,0,0,0,0,0,214.977,7834,1.0,0,main,0.02,,,
adopt,30,0.0,3,4.0,0,6,0.0,False,8075,348,90,90,1.0,30,0,0,0,0.0,0,0.0,0.0,0,0.0,0.0,0,0.0,0.0,0.0,0,0,0,0,0,244.623,8075,1.0,0,main,0.021,,,
adopt,30,0.0,4,4.0,0,6,0.0,False,8141,380,90,90,1.0,30,0,0,0,0.0,0,0.0,0.0,0,0.0,0.0,0,0.0,0.0,0.0,0,0,0,0,0,240.597,8145,0.9995,0,main,0.022,,,
adopt,30,0.0,5,4.0,0,6,0.0,False,8281,374,90,90,1.0,30,0,0,0,0.0,0,0.0,0.0,0,0.0,0.0,0,0.0,0.0,0.0,0,0,0,0,0,233.844,8281,1.0,0,main,0.02,,,
adopt,30,0.0,6,4.0,0,6,0.0,False,8014,382,90,90,1.0,30,0,0,0,0.0,0,0.0,0.0,0,0.0,0.0,0,0.0,0.0,0.0,0,0,0,0,0,240.559,8014,1.0,0,main,0.019,,,
adopt,30,0.0,7,4.0,0,6,0.0,False,7780,388,90,90,1.0,30,0,0,0,0.0,0,0.0,0.0,0,0.0,0.0,0,0.0,0.0,0.0,0,0,0,0,0,239.965,7780,1.0,0,main,0.019,,,
adopt,30,0.0,8,4.0,0,6,0.0,False,7989,384,90,90,1.0,30,0,0,0,0.0,0,0.0,0.0,0,0.0,0.0,0,0.0,0.0,0.0,0,0,0,0,0,221.224,7989,1.0,0,main,0.02,,,
adopt,30,0.0,9,4.0,0,6,0.0,False,7671,364,90,90,1.0,30,0,0,0,0.0,0,0.0,0.0,0,0.0,0.0,0,0.0,0.0,0.0,0,0,0,0,0,227.141,7671,1.0,0,main,0.018,,,
adopt,30,0.0,10,4.0,0,6,0.0,False,7664,304,90,90,1.0,30,0,0,0,0.0,0,0.0,0.0,0,0.0,0.0,0,0.0,0.0,0.0,0,0,0,0,0,221.714,7664,1.0,0,main,0.017,,,
adopt,30,0.0,11,4.0,0,6,0.0,False,7450,440,90,90,1.0,30,0,0,0,0.0,0,0.0,0.0,0,0.0,0.0,0,0.0,0.0,0.0,0,0,0,0,0,226.698,7450,1.0,0,main,0.021,,,
adopt,30,0.0,12,4.0,0,6,0.0,False,8240,360,90,90,1.0,30,0,0,0,0.0,0,0.0,0.0,0,0.0,0.0,0,0.0,0.0,0.0,0,0,0,0,0,251.096,8240,1.0,0,main,0.021,,,
cbs,30,0.0,1,4.0,0,6,0.0,False,7965,388,90,90,1.0,30,0,0,0,0.0,0,0.0,0.0,0,0.0,0.0,0,0.0,0.0,0.0,0,0,0,0,0,253.706,7965,1.0,0,main,0.02,,,
cbs,30,0.0,2,4.0,0,6,0.0,False,7834,356,90,90,1.0,30,0,0,0,0.0,0,0.0,0.0,0,0.0,0.0,0,0.0,0.0,0.0,0,0,0,0,0,214.977,7834,1.0,0,main,0.019,,,
cbs,30,0.0,3,4.0,0,6,0.0,False,8075,348,90,90,1.0,30,0,0,0,0.0,0,0.0,0.0,0,0.0,0.0,0,0.0,0.0,0.0,0,0,0,0,0,244.623,8075,1.0,0,main,0.02,,,
cbs,30,0.0,4,4.0,0,6,0.0,False,8141,380,90,90,1.0,30,0,0,0,0.0,0,0.0,0.0,0,0.0,0.0,0,0.0,0.0,0.0,0,0,0,0,0,240.597,8145,0.9995,0,main,0.021,,,
cbs,30,0.0,5,4.0,0,6,0.0,False,8281,374,90,90,1.0,30,0,0,0,0.0,0,0.0,0.0,0,0.0,0.0,0,0.0,0.0,0.0,0,0,0,0,0,233.844,8281,1.0,0,main,0.02,,,
cbs,30,0.0,6,4.0,0,6,0.0,False,8014,382,90,90,1.0,30,0,0,0,0.0,0,0.0,0.0,0,0.0,0.0,0,0.0,0.0,0.0,0,0,0,0,0,240.559,8014,1.0,0,main,0.019,,,
cbs,30,0.0,7,4.0,0,6,0.0,False,7780,388,90,90,1.0,30,0,0,0,0.0,0,0.0,0.0,0,0.0,0.0,0,0.0,0.0,0.0,0,0,0,0,0,239.965,7780,1.0,0,main,0.02,,,
cbs,30,0.0,8,4.0,0,6,0.0,False,7989,384,90,90,1.0,30,0,0,0,0.0,0,0.0,0.0,0,0.0,0.0,0,0.0,0.0,0.0,0,0,0,0,0,221.224,7989,1.0,0,main,0.021,,,
cbs,30,0.0,9,4.0,0,6,0.0,False,7671,364,90,90,1.0,30,0,0,0,0.0,0,0.0,0.0,0,0.0,0.0,0,0.0,0.0,0.0,0,0,0,0,0,227.141,7671,1.0,0,main,0.02,,,
cbs,30,0.0,10,4.0,0,6,0.0,False,7664,304,90,90,1.0,30,0,0,0,0.0,0,0.0,0.0,0,0.0,0.0,0,0.0,0.0,0.0,0,0,0,0,0,221.714,7664,1.0,0,main,0.018,,,
cbs,30,0.0,11,4.0,0,6,0.0,False,7450,440,90,90,1.0,30,0,0,0,0.0,0,0.0,0.0,0,0.0,0.0,0,0.0,0.0,0.0,0,0,0,0,0,226.698,7450,1.0,0,main,0.018,,,
cbs,30,0.0,12,4.0,0,6,0.0,False,8240,360,90,90,1.0,30,0,0,0,0.0,0,0.0,0.0,0,0.0,0.0,0,0.0,0.0,0.0,0,0,0,0,0,251.096,8240,1.0,0,main,0.019,,,
full_replan,30,0.0,1,4.0,0,6,0.0,False,7965,388,90,90,1.0,30,0,0,0,0.0,0,0.0,0.0,0,0.0,0.0,0,0.0,0.0,0.0,0,0,0,0,0,253.706,7965,1.0,0,main,0.019,,,
full_replan,30,0.0,2,4.0,0,6,0.0,False,7834,356,90,90,1.0,30,0,0,0,0.0,0,0.0,0.0,0,0.0,0.0,0,0.0,0.0,0.0,0,0,0,0,0,214.977,7834,1.0,0,main,0.018,,,
full_replan,30,0.0,3,4.0,0,6,0.0,False,8075,348,90,90,1.0,30,0,0,0,0.0,0,0.0,0.0,0,0.0,0.0,0,0.0,0.0,0.0,0,0,0,0,0,244.623,8075,1.0,0,main,0.02,,,
full_replan,30,0.0,4,4.0,0,6,0.0,False,8141,380,90,90,1.0,30,0,0,0,0.0,0,0.0,0.0,0,0.0,0.0,0,0.0,0.0,0.0,0,0,0,0,0,240.597,8145,0.9995,0,main,0.021,,,
full_replan,30,0.0,5,4.0,0,6,0.0,False,8281,374,90,90,1.0,30,0,0,0,0.0,0,0.0,0.0,0,0.0,0.0,0,0.0,0.0,0.0,0,0,0,0,0,233.844,8281,1.0,0,main,0.021,,,
full_replan,30,0.0,6,4.0,0,6,0.0,False,8014,382,90,90,1.0,30,0,0,0,0.0,0,0.0,0.0,0,0.0,0.0,0,0.0,0.0,0.0,0,0,0,0,0,240.559,8014,1.0,0,main,0.019,,,
full_replan,30,0.0,7,4.0,0,6,0.0,False,7780,388,90,90,1.0,30,0,0,0,0.0,0,0.0,0.0,0,0.0,0.0,0,0.0,0.0,0.0,0,0,0,0,0,239.965,7780,1.0,0,main,0.019,,,
full_replan,30,0.0,8,4.0,0,6,0.0,False,7989,384,90,90,1.0,30,0,0,0,0.0,0,0.0,0.0,0,0.0,0.0,0,0.0,0.0,0.0,0,0,0,0,0,221.224,7989,1.0,0,main,0.019,,,
full_replan,30,0.0,9,4.0,0,6,0.0,False,7671,364,90,90,1.0,30,0,0,0,0.0,0,0.0,0.0,0,0.0,0.0,0,0.0,0.0,0.0,0,0,0,0,0,227.141,7671,1.0,0,main,0.017,,,
full_replan,30,0.0,10,4.0,0,6,0.0,False,7664,304,90,90,1.0,30,0,0,0,0.0,0,0.0,0.0,0,0.0,0.0,0,0.0,0.0,0.0,0,0,0,0,0,221.714,7664,1.0,0,main,0.019,,,
full_replan,30,0.0,11,4.0,0,6,0.0,False,7450,440,90,90,1.0,30,0,0,0,0.0,0,0.0,0.0,0,0.0,0.0,0,0.0,0.0,0.0,0,0,0,0,0,226.698,7450,1.0,0,main,0.021,,,
full_replan,30,0.0,12,4.0,0,6,0.0,False,8240,360,90,90,1.0,30,0,0,0,0.0,0,0.0,0.0,0,0.0,0.0,0,0.0,0.0,0.0,0,0,0,0,0,251.096,8240,1.0,0,main,0.021,,,
selfish,30,0.01,1,4.0,0,6,0.0,False,10748,481,88,104,0.8462,18,7,16,12,4.5833,12,9.0833,5.7826,6,4.0,16.5941,199.129,57.55,0.0,1.417,55,1,1,0,0,253.706,7965,1.3494,0,main,2.697,7,6,3
selfish,30,0.01,2,4.0,0,6,0.0,False,11697,436,60,106,0.566,9,17,16,9,6.1111,13,11.3333,5.8182,6,5.1111,18.9864,170.877,87.19,0.0,1.444,55,4,13,0,0,214.977,7834,1.4931,0,main,2.138,9,4,3
selfish,30,0.01,3,4.0,0,6,0.0,False,10449,460,83,96,0.8646,20,6,16,8,3.625,8,8.75,6.0,6,3.0,18.1505,145.204,40.38,0.0,1.5,29,0,0,0,0,244.623,8075,1.294,0,main,1.937,10,5,1
selfish,30,0.01,4,4.0,0,6,0.0,False,8867,406,87,90,0.9667,26,2,16,13,2.8462,6,7.8462,6.0,6,2.5385,14.0052,182.068,15.27,0.0,1.462,37,0,0,0,0,240.597,8145,1.0886,0,main,2.556,14,2,
selfish,30,0.01,5,4.0,0,6,0.0,False,12502,538,89,114,0.7807,20,9,16,14,5.0714,14,9.8571,6.0,6,4.5,25.8913,362.478,96.47,0.0,1.357,71,0,0,0,0,233.844,8281,1.5097,0,main,3.687,11,1,4
selfish,30,0.01,6,4.0,0,6,0.0,False,11263,504,85,96,0.8854,18,6,16,15,6.0667,14,11.6667,6.0,6,5.6667,30.7997,461.995,32.45,0.0,1.2,91,5,7,0,0,240.559,8014,1.4054,0,main,4.801,9,6,1
selfish,30,0.01,7,4.0,0,6,0.0,False,10692,485,61,97,0.6289,17,13,16,7,7.7143,16,13.0,6.0,6,7.2857,27.1119,189.783,16.0,0.0,1.429,54,2,11,0,0,239.965,7780,1.3743,0,main,2.435,14,,2
selfish,30,0.01,8,4.0,0,6,0.0,False,10924,559,93,108,0.8611,26,4,16,13,5.3077,14,10.9231,6.0,6,4.3846,21.8631,284.22,69.88,0.0,1.308,69,0,0,0,0,221.224,7989,1.3674,0,main,3.526,13,,3
selfish,30,0.01,9,4.0,0,6,0.0,False,10414,464,81,102,0.7941,21,6,16,10,5.9,12,11.9,6.0,6,4.5,27.3922,273.922,75.2,0.0,1.0,59,1,1,0,0,227.141,7671,1.3576,0,main,2.689,11,3,2
selfish,30,0.01,10,4.0,0,6,0.0,False,9979,394,79,102,0.7745,16,12,16,13,5.4615,15,10.6154,6.0,6,5.2308,21.8905,284.576,74.18,0.0,1.077,71,3,5,0,0,221.714,7664,1.3021,0,main,2.771,12,2,2
selfish,30,0.01,11,4.0,0,6,0.0,False,7913,442,90,95,0.9474,27,1,16,8,4.875,10,10.0,5.7647,6,4.875,23.7969,190.375,32.55,0.0,1.25,39,0,0,0,0,226.698,7450,1.0621,0,main,2.21,13,2,1
selfish,30,0.01,12,4.0,0,6,0.0,False,14210,588,62,102,0.6078,12,16,16,13,4.0,12,9.3846,5.9167,6,3.3846,17.6588,229.564,61.94,0.0,1.846,52,6,17,0,0,251.096,8240,1.7245,0,main,2.949,11,3,2
greedy_pgp,30,0.01,1,4.0,0,6,0.0,False,9529,388,86,106,0.8113,18,7,16,12,5.25,12,9.0,5.6667,6,5.0,2.9466,35.359,82.35,2.0,1.083,6,0,0,0,0,253.706,7965,1.1964,0,main,2.596,7,6,3
greedy_pgp,30,0.01,2,4.0,0,6,0.0,False,11694,436,61,107,0.5701,9,17,16,10,4.6,14,11.5,5.9565,6,4.3,2.4965,24.965,106.53,1.6,1.6,0,2,10,0,0,214.977,7834,1.4927,0,main,1.998,9,4,3
greedy_pgp,30,0.01,3,4.0,0,6,0.0,False,10772,460,78,96,0.8125,18,8,16,10,2.8,9,7.7,5.7333,6,2.8,1.9229,19.229,48.73,1.6,1.7,0,0,0,0,0,244.623,8075,1.334,0,main,1.99,10,5,1
greedy_pgp,30,0.01,4,4.0,0,6,0.0,False,8884,406,87,90,0.9667,26,2,16,13,3.2308,6,7.9231,6.0,6,2.9231,1.4178,18.431,26.73,1.62,1.385,0,0,0,0,0,240.597,8145,1.0907,0,main,2.314,14,2,
greedy_pgp,30,0.01,5,4.0,0,6,0.0,False,12154,519,85,114,0.7456,19,10,16,15,4.5333,16,9.6,6.0,6,4.5333,7.7575,116.363,95.3,1.67,1.267,18,1,1,0,0,233.844,8281,1.4677,0,main,3.485,11,1,4
greedy_pgp,30,0.01,6,4.0,0,6,0.0,False,11475,501,84,96,0.875,17,7,16,14,7.0714,17,11.5,5.9143,6,7.0714,8.8265,123.571,57.14,2.0,1.214,18,4,6,0,0,240.559,8014,1.4319,0,main,4.077,9,6,1
greedy_pgp,30,0.01,7,4.0,0,6,0.0,False,10725,485,61,97,0.6289,17,13,16,8,7.625,17,12.125,6.0,6,7.25,3.1462,25.17,49.2,2.12,1.5,0,1,10,0,0,239.965,7780,1.3785,0,main,2.619,14,,2
greedy_pgp,30,0.01,8,4.0,0,6,0.0,False,11559,554,82,108,0.7593,23,7,16,13,3.9231,8,11.0,5.8571,6,3.8462,4.7032,61.142,91.12,1.54,1.385,12,1,1,0,0,221.224,7989,1.4469,0,main,3.019,13,,3
greedy_pgp,30,0.01,9,4.0,0,6,0.0,False,11621,580,75,102,0.7353,19,8,16,10,4.8,13,11.1,6.0,6,4.2,5.8689,58.689,95.53,1.8,1.1,12,1,1,0,0,261.206,7671,1.5149,0,main,2.184,11,3,2
greedy_pgp,30,0.01,10,4.0,0,6,0.0,False,8819,325,78,102,0.7647,15,13,16,13,5.5385,15,10.7692,6.0,6,5.4615,1.8441,23.973,56.71,1.85,1.231,0,3,5,0,0,252.18,7664,1.1507,0,main,2.48,12,2,2
greedy_pgp,30,0.01,11,4.0,0,6,0.0,False,7886,442,90,95,0.9474,27,1,16,8,5.125,13,9.375,5.75,6,5.125,7.6676,61.341,51.64,1.5,1.25,18,0,0,0,0,226.698,7450,1.0585,0,main,2.118,13,2,1
greedy_pgp,30,0.01,12,4.0,0,6,0.0,False,14428,600,63,101,0.6238,12,16,16,13,3.8462,15,9.0769,5.7826,6,3.8462,4.512,58.656,56.47,1.54,1.846,6,7,18,0,0,251.096,8240,1.751,0,main,2.699,11,3,2
adopt,30,0.01,1,4.0,0,6,0.0,False,9481,388,88,104,0.8462,19,6,16,12,4.6667,11,9.0833,5.8261,6,4.4167,5.0597,60.716,155.15,8.0,1.25,0,0,0,0,0,240.959,7965,1.1903,0,main,2.502,7,6,3
adopt,30,0.01,2,4.0,0,6,0.0,False,11694,436,61,107,0.5701,9,17,16,10,4.6,14,11.5,5.9565,6,4.3,5.5807,55.807,188.18,7.1,1.6,0,2,10,0,0,218.245,7834,1.4927,0,main,2.014,9,4,3
adopt,30,0.01,3,4.0,0,6,0.0,False,10772,460,78,96,0.8125,18,8,16,10,2.8,9,7.7,5.7333,6,2.8,3.7517,37.517,95.73,5.6,1.7,0,0,0,0,0,244.623,8075,1.334,0,main,2.036,10,5,1
adopt,30,0.01,4,4.0,0,6,0.0,False,8866,406,87,90,0.9667,26,2,16,13,3.0769,6,7.8462,6.0,6,2.7692,2.8856,37.513,78.47,6.08,1.462,0,0,0,0,0,240.597,8145,1.0885,0,main,2.345,14,2,
adopt,30,0.01,5,4.0,0,6,0.0,False,12177,521,85,114,0.7456,19,10,16,15,4.3333,16,9.6,6.0,6,4.3333,9.1125,136.687,310.6,15.8,1.267,0,1,1,0,0,252.784,8281,1.4705,0,main,3.383,11,1,4
adopt,30,0.01,6,4.0,0,6,0.0,False,11481,501,84,96,0.875,17,7,16,14,6.8571,17,11.7857,6.0,6,6.8571,7.2134,100.987,182.67,9.43,1.286,0,4,6,0,0,258.548,8014,1.4326,0,main,4.235,9,6,1
adopt,30,0.01,7,4.0,0,6,0.0,False,10725,485,61,97,0.6289,17,13,16,8,7.625,17,12.125,6.0,6,7.25,8.7725,70.18,225.0,10.75,1.5,0,1,10,0,0,239.965,7780,1.3785,0,main,2.751,14,,2
adopt,30,0.01,8,4.0,0,6,0.0,False,11739,554,84,108,0.7778,23,7,16,13,3.7692,8,11.0769,5.8571,6,3.7692,6.6828,86.876,221.75,9.08,1.385,0,1,1,0,0,221.224,7989,1.4694,0,main,3.097,13,,3
adopt,30,0.01,9,4.0,0,6,0.0,False,11621,580,75,102,0.7353,19,8,16,10,4.8,13,11.1,6.0,6,4.2,7.2677,72.677,227.53,12.1,1.1,0,1,1,0,0,261.206,7671,1.5149,0,main,2.281,11,3,2
adopt,30,0.01,10,4.0,0,6,0.0,False,8795,325,78,102,0.7647,15,13,16,13,5.5385,14,10.7692,6.0,6,5.3846,4.4046,57.26,161.59,7.69,1.308,0,3,5,0,0,252.18,7664,1.1476,0,main,2.718,12,2,2
adopt,30,0.01,11,4.0,0,6,0.0,False,7895,442,90,95,0.9474,27,1,16,8,5.0,12,9.25,5.75,6,5.0,5.1197,40.958,155.18,7.62,1.25,0,0,0,0,0,226.698,7450,1.0597,0,main,2.194,13,2,1
adopt,30,0.01,12,4.0,0,6,0.0,False,14428,600,63,101,0.6238,12,16,16,13,3.8462,15,9.0769,5.7826,6,3.8462,4.5475,59.118,132.35,7.46,1.846,0,6,17,0,0,251.096,8240,1.751,0,main,2.693,11,3,2
cbs,30,0.01,1,4.0,0,6,0.0,False,9596,388,86,104,0.8269,17,8,16,11,4.0,10,10.5455,6.3913,10,3.6364,58.5001,643.501,57.95,6.45,1.364,207,0,0,0,0,240.959,7965,1.2048,0,main,3.854,7,6,3
cbs,30,0.01,2,4.0,0,6,0.0,False,11670,436,63,106,0.5943,10,16,16,14,2.3571,10,8.1429,5.84,10,2.2143,19.167,268.338,62.05,2.21,1.5,88,1,3,0,0,218.245,7834,1.4897,0,main,2.947,9,4,3
cbs,30,0.01,3,4.0,0,6,0.0,False,10720,460,75,96,0.7812,18,8,16,12,2.0,8,7.25,5.6471,6,2.0,47.3959,568.751,30.88,8.33,1.75,207,0,0,0,0,244.623,8075,1.3276,0,main,2.514,10,5,1
cbs,30,0.01,4,4.0,0,6,0.0,False,8862,406,87,90,0.9667,26,2,16,13,2.6154,4,8.4615,6.4211,10,2.3077,18.4593,239.971,15.27,2.0,1.462,62,0,0,0,0,240.597,8145,1.088,0,main,3.645,14,2,
cbs,30,0.01,5,4.0,0,6,0.0,False,12859,575,92,114,0.807,20,9,16,14,3.3571,10,10.7143,6.5517,10,3.3571,48.7412,682.377,73.11,4.36,1.143,173,0,0,0,0,233.844,8281,1.5528,0,main,6.471,11,1,4
cbs,30,0.01,6,4.0,0,6,0.0,False,10865,505,82,96,0.8542,20,4,16,13,5.6923,15,11.7692,6.3871,10,5.6923,139.4157,1812.404,33.35,13.23,1.231,487,0,0,1,0,240.559,8014,1.3558,0,main,6.277,9,6,1
cbs,30,0.01,7,4.0,0,6,0.0,False,12723,622,57,101,0.5644,17,13,16,8,5.0,16,11.75,6.3333,10,4.875,82.619,660.952,93.1,8.12,1.375,198,1,2,0,0,244.022,7780,1.6353,0,main,3.314,14,,2
cbs,30,0.01,8,4.0,0,6,0.0,False,11601,560,80,108,0.7407,22,8,16,13,3.6154,9,11.6923,6.0,6,3.6154,49.5888,644.654,68.69,4.15,1.308,152,0,0,0,0,244.256,7989,1.4521,0,main,3.638,13,,3
cbs,30,0.01,9,4.0,0,6,0.0,False,11524,557,78,102,0.7647,20,7,16,10,4.6,13,11.7,6.0,6,4.0,92.5462,925.462,83.87,9.2,1.0,254,0,0,0,0,248.882,7671,1.5023,0,main,3.091,11,3,2
cbs,30,0.01,10,4.0,0,6,0.0,False,8847,322,77,102,0.7549,14,14,16,12,4.75,14,12.5833,7.0,10,4.5,83.5209,1002.251,63.81,12.75,1.417,367,1,2,1,0,243.271,7664,1.1544,0,main,5.582,12,2,2
cbs,30,0.01,11,4.0,0,6,0.0,False,7880,442,90,95,0.9474,27,1,16,8,4.625,10,9.875,6.0,10,4.625,87.2939,698.351,32.64,10.75,1.375,228,0,0,0,0,219.584,7450,1.0577,0,main,3.227,13,2,1
cbs,30,0.01,12,4.0,0,6,0.0,False,10160,373,55,100,0.55,11,17,16,12,2.1667,11,9.3333,6.5238,10,2.1667,46.1145,553.374,36.69,5.17,1.417,158,1,3,1,0,237.305,8240,1.233,0,main,3.588,11,3,2
full_replan,30,0.01,1,4.0,0,6,0.0,False,11547,488,87,107,0.8131,18,7,16,15,10.5333,30,30.0,30.0,30,10.5333,185.3945,2780.918,53.04,0.0,0.0,450,13,0,0,0,231.941,7965,1.4497,0,main,2.883,7,6,3
full_replan,30,0.01,2,4.0,0,6,0.0,False,10848,438,82,106,0.7736,18,8,16,16,11.4375,30,30.0,30.0,30,11.4375,258.7644,4140.23,66.39,0.0,0.0,480,15,0,0,0,213.348,7834,1.3847,0,main,4.251,9,4,3
full_replan,30,0.01,3,4.0,0,6,0.0,False,9477,460,96,96,1.0,26,0,16,15,11.9333,29,30.0,30.0,30,11.9333,85.4019,1281.028,28.2,0.0,0.0,450,0,0,0,0,253.697,8075,1.1736,0,main,1.381,10,5,1
full_replan,30,0.01,4,4.0,0,6,0.0,False,8830,406,90,90,1.0,28,0,16,15,11.8667,29,30.0,30.0,30,11.8667,104.3133,1564.7,13.41,0.0,0.0,450,0,0,0,0,254.729,8145,1.0841,0,main,1.647,14,2,
full_replan,30,0.01,5,4.0,0,6,0.0,False,10106,513,113,114,0.9912,29,0,16,16,17.625,30,30.0,30.0,30,17.625,129.9693,2079.509,88.86,0.0,0.0,480,1,0,0,0,233.844,8281,1.2204,0,main,2.221,11,1,4
full_replan,30,0.01,6,4.0,0,6,0.0,False,11631,470,77,96,0.8021,15,9,16,16,13.6875,30,30.0,30.0,30,13.6875,214.0391,3424.626,45.87,0.0,0.0,480,11,0,0,0,240.559,8014,1.4513,0,main,3.532,9,6,1
full_replan,30,0.01,7,4.0,0,6,0.0,False,10096,452,64,101,0.6337,20,10,16,15,10.4,30,30.0,30.0,30,10.4,224.2289,3363.433,67.41,0.0,0.0,450,14,0,0,0,244.022,7780,1.2977,0,main,3.464,14,,2
full_replan,30,0.01,8,4.0,0,6,0.0,False,9218,491,108,108,1.0,30,0,16,15,17.0667,30,30.0,30.0,30,17.0667,527.6462,7914.693,50.61,0.0,0.0,450,1,0,0,0,244.256,7989,1.1538,0,main,8.033,13,,3
full_replan,30,0.01,9,4.0,0,6,0.0,False,9462,457,93,102,0.9118,24,3,16,16,14.4375,29,30.0,30.0,30,14.4375,322.4645,5159.431,62.05,0.0,0.0,480,16,0,0,0,246.779,7671,1.2335,0,main,5.289,11,3,2
full_replan,30,0.01,10,4.0,0,6,0.0,False,9821,400,85,102,0.8333,19,9,16,15,14.8667,29,30.0,30.0,30,14.8667,286.1049,4291.573,39.42,0.0,0.0,450,15,0,0,0,224.914,7664,1.2814,0,main,4.376,12,2,2
full_replan,30,0.01,11,4.0,0,6,0.0,False,7731,384,92,96,0.9583,27,1,16,16,9.625,30,30.0,30.0,30,9.625,70.4601,1127.362,31.32,0.0,0.0,480,0,0,0,0,226.698,7450,1.0377,0,main,1.21,13,2,1
full_replan,30,0.01,12,4.0,0,6,0.0,False,9595,360,58,100,0.58,14,14,16,15,11.4,30,30.0,30.0,30,11.4,257.4672,3862.008,28.84,0.0,0.0,450,14,0,0,0,251.096,8240,1.1644,0,main,3.947,11,3,2
selfish,30,0.02,1,4.0,0,6,0.0,False,17684,727,82,126,0.6508,11,12,33,25,5.48,13,10.08,5.7963,6,5.2,24.3769,609.423,86.63,0.0,1.32,137,3,3,0,0,231.941,7965,2.2202,0,main,6.827,18,9,6
selfish,30,0.02,2,4.0,0,6,0.0,False,15708,584,70,117,0.5983,8,16,33,24,3.7917,13,8.4583,5.825,6,3.5,16.2037,388.888,85.74,0.0,1.542,91,10,19,0,0,213.348,7834,2.0051,0,main,4.333,20,8,5
selfish,30,0.02,3,4.0,0,6,0.0,False,12977,553,89,114,0.7807,16,10,33,28,3.9643,14,9.0,6.0,6,3.2857,17.9108,501.503,57.69,0.0,1.5,111,1,1,0,0,244.623,8075,1.6071,0,main,7.352,24,5,4
selfish,30,0.02,4,4.0,0,6,0.0,False,11018,410,74,102,0.7255,13,12,33,24,4.0417,14,8.4167,5.6829,6,3.4167,97.3968,2337.523,44.77,0.0,1.292,97,5,8,0,0,240.597,8145,1.3527,0,main,10.497,25,6,2
selfish,30,0.02,5,4.0,0,6,0.0,False,15227,665,100,126,0.7937,19,8,33,30,4.2667,13,9.1,5.9074,6,3.9,21.0599,631.798,72.1,0.0,1.233,128,2,2,0,0,237.834,8281,1.8388,0,main,7.208,24,3,6
selfish,30,0.02,6,4.0,0,6,0.0,False,13478,504,65,96,0.6771,10,11,33,23,5.8261,15,10.5217,5.9057,6,5.5217,24.7504,569.258,42.0,0.0,1.435,134,5,18,0,0,235.11,8014,1.6818,0,main,6.546,22,10,1
selfish,30,0.02,7,4.0,0,6,0.0,False,11425,436,53,106,0.5,10,19,33,22,4.2727,16,8.3182,5.6,6,4.0909,18.1267,398.787,34.19,0.0,1.5,94,5,22,0,0,244.022,7780,1.4685,0,main,4.743,28,1,4
selfish,30,0.02,8,4.0,0,6,0.0,False,12575,566,97,115,0.8435,22,6,33,27,4.5556,12,9.2222,5.7059,6,3.963,19.3988,523.768,62.12,0.0,1.222,123,1,1,0,0,244.256,7989,1.574,0,main,7.025,26,2,5
selfish,30,0.02,9,4.0,0,6,0.0,False,12951,586,82,104,0.7885,15,9,33,22,4.9091,12,9.8636,5.814,6,4.2727,20.697,455.333,56.06,0.0,1.182,108,3,5,0,0,248.882,7671,1.6883,0,main,5.023,24,6,3
selfish,30,0.02,10,4.0,0,6,0.0,False,14372,499,72,132,0.5455,6,18,33,25,6.28,17,11.92,6.0,6,5.64,33.4211,835.528,100.79,0.0,1.12,157,4,10,0,0,243.271,7664,1.8753,0,main,8.273,20,6,7
selfish,30,0.02,11,4.0,0,6,0.0,False,13128,813,90,120,0.75,19,8,33,23,4.2174,11,8.4348,5.6279,6,3.7826,17.9125,411.988,79.32,0.0,1.304,97,1,3,0,0,236.121,7450,1.7621,0,main,5.393,25,3,5
selfish,30,0.02,12,4.0,0,6,0.0,False,13995,506,60,110,0.5455,8,18,33,26,3.4231,12,7.7692,5.8462,6,3.0769,19.3863,504.043,39.56,0.0,1.577,89,7,20,0,0,236.242,8240,1.6984,0,main,5.135,24,5,4
greedy_pgp,30,0.02,1,4.0,0,6,0.0,False,14920,555,86,126,0.6825,10,13,33,26,5.5769,16,9.6538,5.9038,6,5.3846,6.3857,166.028,105.18,1.92,1.154,30,2,2,0,0,240.959,7965,1.8732,0,main,6.12,18,9,6
greedy_pgp,30,0.02,2,4.0,0,6,0.0,False,14032,511,66,118,0.5593,9,15,33,22,3.5455,14,8.3182,5.6053,6,3.5455,5.0811,111.785,112.21,1.64,1.318,12,5,12,0,0,218.245,7834,1.7912,0,main,4.164,20,8,5
greedy_pgp,30,0.02,3,4.0,0,6,0.0,False,12567,544,88,114,0.7719,16,10,33,26,4.3462,15,9.8846,6.0,6,4.1154,5.1853,134.818,76.03,1.69,1.192,18,3,3,0,0,253.697,8075,1.5563,0,main,7.765,24,5,4
greedy_pgp,30,0.02,4,4.0,0,6,0.0,False,10388,391,80,102,0.7843,15,10,33,25,4.08,11,9.24,5.9091,6,3.88,5.1752,129.38,57.22,1.84,1.36,18,4,7,0,0,254.729,8145,1.2754,0,main,7.46,25,6,2
greedy_pgp,30,0.02,5,4.0,0,6,0.0,False,16047,700,99,126,0.7857,18,9,33,30,4.4667,15,9.5667,6.0,6,4.4667,5.9308,177.923,95.97,1.7,1.233,24,3,3,0,0,233.844,8281,1.9378,0,main,7.059,24,3,6
greedy_pgp,30,0.02,6,4.0,0,6,0.0,False,17387,687,73,96,0.7604,10,11,33,23,6.2174,17,10.7391,5.8491,6,6.1739,6.2774,144.38,55.09,1.91,1.478,18,5,16,0,0,240.559,8014,2.1696,0,main,6.234,22,10,1
greedy_pgp,30,0.02,7,4.0,0,6,0.0,False,12229,477,55,104,0.5288,11,18,33,23,4.5217,17,7.8696,5.561,6,4.3913,2.5685,59.076,32.25,1.61,1.478,6,6,21,0,0,241.545,7780,1.5719,0,main,4.452,28,1,4
greedy_pgp,30,0.02,8,4.0,0,6,0.0,False,12920,561,92,115,0.8,18,10,33,27,4.4815,12,9.2593,5.8571,6,4.3333,4.9357,133.263,74.79,1.78,1.111,18,0,0,0,0,228.219,7989,1.6172,0,main,6.102,26,2,5
greedy_pgp,30,0.02,9,4.0,0,6,0.0,False,11658,487,75,104,0.7212,14,10,33,21,4.7143,13,10.0952,5.881,6,4.4286,5.3692,112.753,84.4,1.76,1.143,24,4,6,0,0,242.391,7671,1.5197,0,main,4.602,24,6,3
greedy_pgp,30,0.02,10,4.0,0,6,0.0,False,17280,639,80,129,0.6202,8,16,33,27,5.9259,20,10.5926,6.0,6,5.7778,12.1075,326.901,98.7,2.11,1.111,48,4,7,0,0,231.372,7664,2.2547,0,main,7.386,20,6,7
greedy_pgp,30,0.02,11,4.0,0,6,0.0,False,12249,683,86,120,0.7167,18,9,33,23,3.6522,13,8.087,5.45,6,3.6087,3.5881,82.527,115.74,1.52,1.217,18,1,3,0,0,219.584,7450,1.6442,0,main,4.658,25,3,5
greedy_pgp,30,0.02,12,4.0,0,6,0.0,False,14515,529,62,110,0.5636,8,18,33,26,3.6538,15,8.3077,5.8605,6,3.6538,2.7098,70.456,52.06,1.65,1.692,6,12,25,0,0,237.305,8240,1.7615,0,main,4.447,24,5,4
adopt,30,0.02,1,4.0,0,6,0.0,False,13927,524,73,126,0.5794,8,15,33,26,5.4231,16,9.6538,5.8889,6,5.3077,6.9935,181.831,235.15,11.46,1.5,0,3,3,0,0,231.941,7965,1.7485,0,main,6.868,18,9,6
adopt,30,0.02,2,4.0,0,6,0.0,False,14174,511,58,117,0.4957,7,17,33,22,3.3636,14,8.3636,5.7027,6,3.3182,6.8759,151.269,241.88,11.14,1.545,0,5,12,0,0,213.348,7834,1.8093,0,main,4.073,20,8,5
adopt,30,0.02,3,4.0,0,6,0.0,False,12823,542,88,114,0.7719,15,11,33,28,4.2857,15,9.6786,6.0,6,4.0714,6.2844,175.963,204.25,11.89,1.179,0,3,3,0,0,244.623,8075,1.588,0,main,8.102,24,5,4
adopt,30,0.02,4,4.0,0,6,0.0,False,10466,391,77,102,0.7549,14,11,33,25,3.84,10,9.2,5.8,6,3.68,4.6298,115.744,138.28,7.48,1.28,0,3,6,0,0,240.597,8145,1.285,0,main,8.006,25,6,2
adopt,30,0.02,5,4.0,0,6,0.0,False,15335,699,108,126,0.8571,20,7,33,31,4.7097,16,9.129,5.7966,6,4.6774,7.8762,244.161,262.43,12.42,1.29,0,1,1,0,0,237.834,8281,1.8518,0,main,7.518,24,3,6
adopt,30,0.02,6,4.0,0,6,0.0,False,17506,696,69,96,0.7188,10,11,33,23,6.0435,17,10.0,5.7115,6,5.9565,7.8381,180.277,219.91,14.26,1.348,0,6,18,0,0,235.11,8014,2.1844,0,main,6.296,22,10,1
adopt,30,0.02,7,4.0,0,6,0.0,False,12229,477,55,104,0.5288,11,18,33,23,4.5217,17,7.8696,5.561,6,4.3913,4.6794,107.626,130.18,7.35,1.478,0,5,20,0,0,244.022,7780,1.5719,0,main,4.443,28,1,4
adopt,30,0.02,8,4.0,0,6,0.0,False,12928,563,92,115,0.8,18,10,33,27,4.3333,12,9.1852,5.8571,6,4.1481,5.3499,144.448,180.32,9.59,1.259,0,0,0,0,0,244.256,7989,1.6182,0,main,6.288,26,2,5
adopt,30,0.02,9,4.0,0,6,0.0,False,11659,487,75,104,0.7212,14,10,33,21,4.3333,13,10.0952,5.881,6,4.0,8.1062,170.23,266.63,14.1,1.19,0,4,6,0,0,242.391,7671,1.5199,0,main,4.588,24,6,3
adopt,30,0.02,10,4.0,0,6,0.0,False,15536,543,72,131,0.5496,5,19,33,27,5.5185,20,10.2222,6.0,6,5.4815,7.306,197.262,224.8,10.04,1.185,0,5,8,0,0,231.372,7664,2.0271,0,main,7.095,20,6,7
adopt,30,0.02,11,4.0,0,6,0.0,False,12249,683,86,120,0.7167,18,9,33,23,3.6522,13,8.3478,5.4634,6,3.6087,4.7792,109.92,214.29,8.09,1.261,0,1,3,0,0,250.467,7450,1.6442,0,main,4.899,25,3,5
adopt,30,0.02,12,4.0,0,6,0.0,False,14515,529,62,110,0.5636,8,18,33,26,3.5385,15,8.1923,5.814,6,3.5385,3.9281,102.131,114.38,6.12,1.692,0,11,24,0,0,269.171,8240,1.7615,0,main,4.524,24,5,4
cbs,30,0.02,1,4.0,0,6,0.0,False,14979,555,73,126,0.5794,7,16,33,26,3.2692,9,10.3077,6.6122,10,3.1923,79.0409,2055.062,79.54,7.77,1.462,544,0,0,1,0,240.959,7965,1.8806,0,main,11.38,18,9,6
cbs,30,0.02,2,4.0,0,6,0.0,False,15391,568,56,117,0.4786,8,16,33,23,2.4783,13,9.0,6.3077,10,2.4783,58.8248,1352.971,78.06,3.96,1.609,243,1,1,1,0,218.245,7834,1.9646,0,main,8.039,20,8,5
cbs,30,0.02,3,4.0,0,6,0.0,False,12951,546,85,114,0.7456,16,10,33,29,3.0345,10,9.5172,6.2222,10,2.7586,55.43,1607.47,45.51,5.48,1.379,439,0,0,0,0,253.697,8075,1.6038,0,main,10.707,24,5,4
cbs,30,0.02,4,4.0,0,6,0.0,False,13043,527,76,102,0.7451,14,11,33,25,2.64,6,9.76,6.4419,10,2.48,38.9191,972.977,45.94,3.16,1.52,182,0,0,0,0,254.729,8145,1.6014,0,main,18.689,25,6,2
cbs,30,0.02,5,4.0,0,6,0.0,False,16605,704,97,126,0.7698,17,10,33,30,3.2,11,10.2,6.5,10,3.2,75.1363,2254.09,72.26,7.0,1.167,537,0,0,0,0,233.844,8281,2.0052,0,main,13.346,24,3,6
cbs,30,0.02,6,4.0,0,6,0.0,False,15235,571,61,96,0.6354,7,14,33,22,3.8636,13,10.8636,6.449,10,3.6818,70.9303,1560.466,37.19,4.86,1.591,347,1,1,0,0,240.559,8014,1.901,0,main,9.504,22,10,1
cbs,30,0.02,7,4.0,0,6,0.0,False,11691,440,49,111,0.4414,10,19,33,24,2.875,16,8.8333,6.4773,10,2.8333,81.0471,1945.131,44.14,9.21,1.667,558,3,8,2,0,247.295,7780,1.5027,0,main,8.946,28,1,4
cbs,30,0.02,8,4.0,0,6,0.0,False,12873,568,90,114,0.7895,19,9,33,27,3.2593,13,9.963,6.24,10,3.1111,73.2375,1977.413,63.52,5.44,1.519,387,0,0,0,0,218.906,7989,1.6113,0,main,9.532,26,2,5
cbs,30,0.02,9,4.0,0,6,0.0,False,15041,664,77,104,0.7404,13,11,33,24,2.875,13,9.625,6.4634,10,2.5833,92.2842,2214.821,53.79,7.75,1.375,530,1,1,1,0,248.882,7671,1.9608,0,main,8.166,24,6,3
cbs,30,0.02,10,4.0,0,6,0.0,False,16505,603,71,132,0.5379,7,17,33,27,4.2593,16,11.963,6.6349,10,4.2222,138.5295,3740.297,83.0,10.26,1.222,860,1,1,2,0,243.271,7664,2.1536,0,main,18.029,20,6,7
cbs,30,0.02,11,4.0,0,6,0.0,False,12125,683,87,120,0.725,19,8,33,22,3.2273,10,9.0,5.7805,10,3.1818,48.2484,1061.465,89.2,5.5,1.5,329,0,0,0,0,219.584,7450,1.6275,0,main,7.206,25,3,5
cbs,30,0.02,12,4.0,0,6,0.0,False,16274,607,58,111,0.5225,8,18,33,25,2.04,11,8.88,6.9722,10,2.0,38.9052,972.629,55.82,4.64,1.52,263,1,3,1,0,237.305,8240,1.975,0,main,6.035,24,5,4
full_replan,30,0.02,1,4.0,0,6,0.0,False,12516,580,109,126,0.8651,21,2,33,30,13.5667,29,30.0,30.0,30,13.5667,310.2464,9307.392,85.09,0.0,0.0,900,26,0,0,0,233.316,7965,1.5714,0,main,9.544,18,9,6
full_replan,30,0.02,2,4.0,0,6,0.0,False,13481,538,88,115,0.7652,16,8,33,30,10.0667,30,30.0,30.0,30,10.0667,970.921,29127.629,51.1,0.0,0.0,900,27,0,0,0,219.255,7834,1.7208,0,main,29.332,20,8,5
full_replan,30,0.02,3,4.0,0,6,0.0,False,10701,462,110,114,0.9649,25,1,33,31,12.7742,29,30.0,30.0,30,12.7742,798.1736,24743.382,58.56,0.0,0.0,930,23,0,0,0,244.623,8075,1.3252,0,main,24.979,24,5,4
full_replan,30,0.02,4,4.0,0,6,0.0,False,10346,417,91,102,0.8922,20,5,33,28,11.1786,29,30.0,30.0,30,11.1786,4949.4895,138585.706,38.6,0.0,0.0,840,15,0,0,0,240.597,8145,1.2702,0,main,138.766,25,6,2
full_replan,30,0.02,5,4.0,0,6,0.0,False,12008,630,121,125,0.968,26,1,33,33,14.3939,29,30.0,30.0,30,14.3939,1094.4191,36115.83,59.29,0.0,0.0,990,27,0,0,0,237.834,8281,1.4501,0,main,36.403,24,3,6
full_replan,30,0.02,6,4.0,0,6,0.0,False,17064,690,70,96,0.7292,12,9,33,32,9.0625,30,30.0,30.0,30,9.0625,275.7361,8823.557,27.76,0.0,0.0,960,26,0,0,0,235.11,8014,2.1293,0,main,9.044,22,10,1
full_replan,30,0.02,7,4.0,0,6,0.0,False,11869,457,55,113,0.4867,11,18,33,32,6.9688,30,30.0,30.0,30,6.9688,217.2518,6952.057,37.54,0.0,0.0,960,31,0,0,0,244.022,7780,1.5256,0,main,7.14,28,1,4
full_replan,30,0.02,8,4.0,0,6,0.0,False,10696,593,113,115,0.9826,28,0,33,31,13.2258,30,30.0,30.0,30,13.2258,108.5633,3365.462,54.39,0.0,0.0,930,0,0,0,0,244.256,7989,1.3388,0,main,3.598,26,2,5
full_replan,30,0.02,9,4.0,0,6,0.0,False,11353,527,95,104,0.9135,20,4,33,32,10.1875,29,30.0,30.0,30,10.1875,338.2175,10822.959,42.95,0.0,0.0,960,32,0,0,0,248.882,7671,1.48,0,main,11.069,24,6,3
full_replan,30,0.02,10,4.0,0,6,0.0,False,13842,520,91,130,0.7,13,11,33,32,13.25,30,30.0,30.0,30,13.25,352.4702,11279.048,92.4,0.0,0.0,960,31,0,0,0,243.271,7664,1.8061,0,main,11.56,20,6,7
full_replan,30,0.02,11,4.0,0,6,0.0,False,8997,490,115,120,0.9583,25,2,33,32,10.0,30,30.0,30.0,30,10.0,78.2365,2503.567,48.48,0.0,0.0,960,0,0,0,0,219.584,7450,1.2077,0,main,2.729,25,3,5
full_replan,30,0.02,12,4.0,0,6,0.0,False,12846,497,65,109,0.5963,13,13,33,31,7.9032,30,30.0,30.0,30,7.9032,261.841,8117.071,28.97,0.0,0.0,930,30,0,0,0,237.305,8240,1.559,0,main,8.327,24,5,4
selfish,30,0.03,1,4.0,0,6,0.0,False,16988,588,74,126,0.5873,3,17,50,39,5.4615,13,10.4872,6.0,6,5.2564,49.1597,1917.228,56.67,0.0,1.256,213,6,7,0,0,240.959,7965,2.1328,0,main,19.757,32,12,6
selfish,30,0.03,2,4.0,0,6,0.0,False,23521,836,66,140,0.4714,5,14,50,37,4.0541,13,8.5946,5.8,6,3.5135,41.6648,1541.598,100.81,0.0,1.514,150,11,22,0,0,218.245,7834,3.0024,0,main,14.437,28,13,9
selfish,30,0.03,3,4.0,0,6,0.0,False,14238,528,89,125,0.712,9,16,50,39,4.2564,14,9.2564,5.9315,6,3.4615,19.6379,765.88,60.1,0.0,1.333,166,4,10,0,0,276.473,8075,1.7632,0,main,10.144,38,6,6
selfish,30,0.03,4,4.0,0,6,0.0,False,12598,491,79,116,0.681,13,11,50,39,5.0,14,10.1795,6.0,6,4.5128,109.8859,4285.552,62.54,0.0,1.231,195,7,9,0,0,246.794,8145,1.5467,0,main,19.527,36,9,5
selfish,30,0.03,5,4.0,0,6,0.0,False,15702,572,94,137,0.6861,12,13,50,43,4.3721,12,9.0233,5.9351,6,3.9767,23.9801,1031.146,68.64,0.0,1.279,188,7,13,0,0,267.536,8281,1.8961,0,main,12.736,37,5,8
selfish,30,0.03,6,4.0,0,6,0.0,False,16742,610,77,115,0.6696,9,12,50,36,5.5833,15,10.1944,5.9359,6,5.0556,26.1356,940.882,49.84,0.0,1.333,201,7,18,0,0,236.76,8014,2.0891,0,main,11.149,34,10,6
selfish,30,0.03,7,4.0,0,6,0.0,False,12528,477,51,107,0.4766,9,17,50,33,3.8182,16,7.7273,5.4364,6,3.6667,16.3209,538.588,28.1,0.0,1.515,126,6,22,0,0,253.389,7780,1.6103,0,main,6.11,41,5,4
selfish,30,0.03,8,4.0,0,6,0.0,False,16809,705,96,126,0.7619,14,13,50,37,4.9189,12,9.7027,5.863,6,4.4595,22.5104,832.883,75.15,0.0,1.297,182,4,4,0,0,225.638,7989,2.104,0,main,9.979,40,3,7
selfish,30,0.03,9,4.0,0,6,0.0,False,14149,529,75,115,0.6522,6,16,50,35,4.4,16,8.8857,5.7969,6,3.9143,18.8865,661.028,51.75,0.0,1.229,154,8,13,0,0,247.914,7671,1.8445,0,main,7.586,37,8,5
selfish,30,0.03,10,4.0,0,6,0.0,False,15810,552,85,142,0.5986,7,16,50,41,5.2683,16,10.6098,6.0,6,4.8049,30.9356,1268.36,78.56,0.0,1.146,216,5,10,0,0,227.4,7664,2.0629,0,main,14.002,34,7,9
selfish,30,0.03,11,4.0,0,6,0.0,False,12346,505,90,144,0.625,13,14,50,36,4.6944,15,9.1111,5.7183,6,4.1111,22.8375,822.148,99.33,0.0,1.389,169,5,8,0,0,250.467,7450,1.6572,0,main,10.619,38,3,9
selfish,30,0.03,12,4.0,0,6,0.0,False,15105,506,52,118,0.4407,2,22,50,31,3.2903,12,7.4839,5.6522,6,2.9032,17.0852,529.641,41.12,0.0,1.548,102,12,28,0,0,269.171,8240,1.8331,0,main,5.338,36,8,6
greedy_pgp,30,0.03,1,4.0,0,6,0.0,False,17510,654,83,123,0.6748,7,13,50,37,5.5135,16,9.4324,5.6053,6,5.4595,4.663,172.53,64.21,1.95,1.378,24,8,12,0,0,233.316,7965,2.1984,0,main,9.213,32,12,6
greedy_pgp,30,0.03,2,4.0,0,6,0.0,False,17282,609,72,142,0.507,5,14,50,35,4.0,14,8.0857,5.6129,6,3.9429,9.4417,330.461,114.65,1.6,1.371,54,11,26,0,0,219.255,7834,2.206,0,main,8.14,28,13,9
greedy_pgp,30,0.03,3,4.0,0,6,0.0,False,13982,527,84,125,0.672,10,15,50,40,5.175,15,10.15,5.9375,6,4.9,6.5653,262.613,76.24,1.8,1.25,48,5,11,0,0,274.977,8075,1.7315,0,main,10.709,38,6,6
greedy_pgp,30,0.03,4,4.0,0,6,0.0,False,13039,504,81,116,0.6983,14,10,50,41,5.1951,17,9.9024,5.8452,6,5.0244,7.8062,320.053,73.87,1.73,1.439,42,6,8,0,0,267.784,8145,1.6009,0,main,15.198,36,9,5
greedy_pgp,30,0.03,5,4.0,0,6,0.0,False,14759,557,101,136,0.7426,15,10,50,42,4.9286,14,9.0238,5.8974,6,4.9048,9.5477,401.004,81.22,1.76,1.286,66,11,16,0,0,237.834,8281,1.7823,0,main,12.487,37,5,8
greedy_pgp,30,0.03,6,4.0,0,6,0.0,False,17670,646,71,117,0.6068,7,14,50,32,6.0625,17,10.9062,5.8784,6,5.9375,8.6213,275.882,74.3,1.75,1.312,53,8,20,0,0,235.11,8014,2.2049,0,main,9.254,34,10,6
greedy_pgp,30,0.03,7,4.0,0,6,0.0,False,12380,462,55,105,0.5238,9,17,50,32,4.625,17,7.9062,5.6481,6,4.4688,4.3185,138.192,41.55,1.75,1.531,24,5,21,0,0,239.762,7780,1.5913,0,main,6.017,41,5,4
greedy_pgp,30,0.03,8,4.0,0,6,0.0,False,16095,612,85,127,0.6693,10,17,50,39,4.7949,14,9.1795,5.68,6,4.6923,3.5583,138.775,94.73,1.77,1.513,18,6,9,0,0,247.79,7989,2.0146,0,main,10.818,40,3,7
greedy_pgp,30,0.03,9,4.0,0,6,0.0,False,13413,477,75,117,0.641,7,15,50,32,4.375,15,8.7812,5.4127,6,4.25,4.7321,151.429,87.98,1.53,1.375,24,7,9,0,0,248.882,7671,1.7485,0,main,7.746,37,8,5
greedy_pgp,30,0.03,10,4.0,0,6,0.0,False,16451,592,88,141,0.6241,9,14,50,39,6.2051,19,10.3846,6.0,6,6.1538,15.1788,591.975,119.05,1.97,1.077,108,4,7,0,0,243.271,7664,2.1465,0,main,13.187,34,7,9
greedy_pgp,30,0.03,11,4.0,0,6,0.0,False,12705,559,96,143,0.6713,14,13,50,37,4.4054,21,9.0,5.8286,6,4.3243,11.1045,410.867,109.57,1.84,1.378,66,5,8,0,0,236.121,7450,1.7054,0,main,9.218,38,3,9
greedy_pgp,30,0.03,12,4.0,0,6,0.0,False,15768,529,55,116,0.4741,2,22,50,32,3.4375,15,7.8125,5.6471,6,3.4062,2.2278,71.289,49.18,1.59,1.812,6,19,35,0,0,236.242,8240,1.9136,0,main,4.979,36,8,6
adopt,30,0.03,1,4.0,0,6,0.0,False,14962,544,73,124,0.5887,5,15,50,39,4.6923,16,8.4872,5.6429,6,4.6154,6.0276,235.076,200.71,10.13,1.385,0,5,7,0,0,242.889,7965,1.8785,0,main,7.937,32,12,6
adopt,30,0.03,2,4.0,0,6,0.0,False,17282,609,68,143,0.4755,5,14,50,35,3.7714,14,8.0857,5.6129,6,3.7143,8.9333,312.664,303.65,15.49,1.4,0,12,25,0,0,239.933,7834,2.206,0,main,8.126,28,13,9
adopt,30,0.03,3,4.0,0,6,0.0,False,13362,491,83,126,0.6587,9,16,50,41,4.7317,15,10.0244,5.9634,6,4.4634,5.553,227.672,182.77,8.34,1.317,0,5,10,0,0,274.977,8075,1.6547,0,main,10.961,38,6,6
adopt,30,0.03,4,4.0,0,6,0.0,False,15142,607,85,116,0.7328,14,10,50,41,5.0488,17,9.8537,5.8706,6,4.878,7.0842,290.454,204.67,10.95,1.512,0,6,8,0,0,267.784,8145,1.8591,0,main,16.061,36,9,5
adopt,30,0.03,5,4.0,0,6,0.0,False,16436,629,100,136,0.7353,14,11,50,42,4.5476,14,8.9762,5.9487,6,4.5476,6.7322,282.753,216.53,10.6,1.405,0,7,10,0,0,242.252,8281,1.9848,0,main,12.28,37,5,8
adopt,30,0.03,6,4.0,0,6,0.0,False,15635,553,81,117,0.6923,9,12,50,36,5.5833,17,10.5556,5.878,6,5.4444,10.7799,388.076,326.47,18.33,1.389,0,8,19,0,0,250.553,8014,1.951,0,main,11.608,34,10,6
adopt,30,0.03,7,4.0,0,6,0.0,False,12375,462,55,106,0.5189,9,17,50,32,4.5312,17,7.8438,5.6481,6,4.375,6.4359,205.948,202.55,12.44,1.5,0,5,21,0,0,247.295,7780,1.5906,0,main,6.256,41,5,4
adopt,30,0.03,8,4.0,0,6,0.0,False,15506,609,93,127,0.7323,13,14,50,41,4.8049,14,9.439,5.8354,6,4.7073,15.6093,639.982,515.86,27.83,1.463,0,5,6,0,0,218.906,7989,1.9409,0,main,10.45,40,3,7
adopt,30,0.03,9,4.0,0,6,0.0,False,13417,477,71,116,0.6121,6,16,50,31,4.5161,15,9.3871,5.5781,6,4.3871,7.0485,218.505,215.39,11.35,1.387,0,7,9,0,0,248.882,7671,1.7491,0,main,8.141,37,8,5
adopt,30,0.03,10,4.0,0,6,0.0,False,16717,579,82,141,0.5816,5,18,50,40,5.675,17,9.95,6.0,6,5.6,8.5555,342.22,295.36,13.32,1.1,0,4,6,0,0,243.271,7664,2.1812,0,main,12.865,34,7,9
adopt,30,0.03,11,4.0,0,6,0.0,False,12039,507,94,143,0.6573,14,13,50,37,4.2703,20,8.9459,5.8714,6,4.1622,7.332,271.286,271.06,12.43,1.405,0,4,6,0,0,237.563,7450,1.616,0,main,9.945,38,3,9
adopt,30,0.03,12,4.0,0,6,0.0,False,15768,529,55,116,0.4741,2,22,50,32,3.3125,15,7.8438,5.6667,6,3.2812,3.5932,114.982,106.25,6.03,1.781,0,18,34,0,0,257.619,8240,1.9136,0,main,4.986,36,8,6
cbs,30,0.03,1,4.0,0,6,0.0,False,16984,627,70,122,0.5738,5,15,50,36,3.5,11,11.0556,6.6892,10,3.4167,97.4297,3507.468,45.79,9.56,1.528,922,0,0,3,0,233.316,7965,2.1323,0,main,20.515,32,12,6
cbs,30,0.03,2,4.0,0,6,0.0,False,19972,722,78,138,0.5652,8,11,50,33,2.1818,12,10.2121,6.9206,10,2.1818,110.215,3637.096,97.89,6.97,1.667,530,2,7,3,0,219.255,7834,2.5494,0,main,28.743,28,13,9
cbs,30,0.03,3,4.0,0,6,0.0,False,14448,527,80,126,0.6349,8,17,50,40,3.3,11,10.7,6.5,10,2.95,56.2955,2251.822,57.61,4.9,1.375,558,1,1,0,0,253.859,8075,1.7892,0,main,16.322,38,6,6
cbs,30,0.03,4,4.0,0,6,0.0,False,16613,685,84,116,0.7241,12,12,50,41,3.5122,13,10.5122,6.481,10,3.3171,104.2415,4273.903,55.35,7.37,1.512,780,0,0,0,0,243.815,8145,2.0397,0,main,24.095,36,9,5
cbs,30,0.03,5,4.0,0,6,0.0,False,15830,579,92,137,0.6715,13,12,50,40,3.275,13,10.825,6.7229,10,3.275,81.4672,3258.686,64.09,6.92,1.525,777,2,3,1,0,252.784,8281,1.9116,0,main,20.457,37,5,8
cbs,30,0.03,6,4.0,0,6,0.0,False,18754,682,74,120,0.6167,7,14,50,34,3.5294,14,10.6176,6.589,10,3.4118,107.4802,3654.326,49.94,8.65,1.353,833,1,2,0,0,258.548,8014,2.3402,0,main,17.041,34,10,6
cbs,30,0.03,7,4.0,0,6,0.0,False,14274,540,51,110,0.4636,9,17,50,32,2.5312,16,8.7812,6.5472,10,2.5,62.4326,1997.843,38.38,6.38,1.562,496,2,3,0,0,241.545,7780,1.8347,0,main,11.878,41,5,4
cbs,30,0.03,8,4.0,0,6,0.0,False,17038,714,100,126,0.7937,15,12,50,41,3.8537,13,10.6341,6.4268,10,3.7317,101.6987,4169.648,56.16,8.46,1.39,968,0,0,2,0,228.219,7989,2.1327,0,main,19.343,40,3,7
cbs,30,0.03,9,4.0,0,6,0.0,False,13408,493,75,112,0.6696,8,14,50,35,3.2,12,10.1429,6.3043,10,3.0857,58.3636,2042.725,49.6,7.51,1.486,620,2,3,2,0,246.779,7671,1.7479,0,main,11.771,37,8,5
cbs,30,0.03,10,4.0,0,6,0.0,False,19715,735,94,143,0.6573,10,13,50,38,4.4737,17,12.3947,6.7033,10,4.4474,196.8641,7480.834,94.33,12.68,1.158,1333,2,3,3,0,224.914,7664,2.5724,0,main,34.881,34,7,9
cbs,30,0.03,11,4.0,0,6,0.0,False,12383,533,92,141,0.6525,14,13,50,34,2.8529,14,9.2353,6.2381,10,2.7059,56.7395,1929.142,79.26,5.32,1.441,499,0,0,1,0,250.467,7450,1.6621,0,main,13.0,38,3,9
cbs,30,0.03,12,4.0,0,6,0.0,False,15205,519,55,122,0.4508,4,20,50,31,2.0323,11,8.7097,6.7609,10,1.9677,25.681,796.112,53.44,2.87,1.548,231,3,11,2,0,269.171,8240,1.8453,0,main,6.7,36,8,6
full_replan,30,0.03,1,4.0,0,6,0.0,False,11373,412,95,126,0.754,11,9,50,46,12.8478,28,30.0,30.0,30,12.8478,2029.3826,93351.599,50.58,0.0,0.0,1380,41,0,0,0,240.959,7965,1.4279,0,main,93.693,32,12,6
full_replan,30,0.03,2,4.0,0,6,0.0,False,18251,658,97,140,0.6929,9,10,50,48,8.9167,30,30.0,30.0,30,8.9167,500.4243,24020.368,62.06,0.0,0.0,1440,41,0,0,0,218.245,7834,2.3297,0,main,24.391,28,13,9
full_replan,30,0.03,3,4.0,0,6,0.0,False,12388,506,99,124,0.7984,18,7,50,49,12.3878,29,30.0,30.0,30,12.3878,612.1552,29995.606,49.83,0.0,0.0,1470,40,0,0,0,253.859,8075,1.5341,0,main,30.328,38,6,6
full_replan,30,0.03,4,4.0,0,6,0.0,False,12148,480,96,116,0.8276,18,6,50,45,11.9556,30,30.0,30.0,30,11.9556,5546.7835,249605.26,48.96,0.0,0.0,1350,40,0,0,0,243.815,8145,1.4915,0,main,249.965,36,9,5
full_replan,30,0.03,5,4.0,0,6,0.0,False,13162,512,107,137,0.781,17,8,50,50,11.62,29,30.0,30.0,30,11.62,332.8918,16644.59,57.48,0.0,0.0,1500,42,0,0,0,267.536,8281,1.5894,0,main,17.03,37,5,8
full_replan,30,0.03,6,4.0,0,6,0.0,False,15701,551,76,117,0.6496,7,14,50,48,9.6875,30,30.0,30.0,30,9.6875,353.2723,16957.071,37.0,0.0,0.0,1440,39,0,0,0,236.76,8014,1.9592,0,main,17.289,34,10,6
full_replan,30,0.03,7,4.0,0,6,0.0,False,13768,528,54,113,0.4779,10,16,50,48,6.6458,30,30.0,30.0,30,6.6458,272.9691,13102.515,32.2,0.0,0.0,1440,47,0,0,0,239.965,7780,1.7697,0,main,13.38,41,5,4
full_replan,30,0.03,8,4.0,0,6,0.0,False,13187,567,109,126,0.8651,20,7,50,48,11.6667,30,30.0,30.0,30,11.6667,173.6756,8336.429,45.7,0.0,0.0,1440,21,0,0,0,221.224,7989,1.6506,0,main,8.681,40,3,7
full_replan,30,0.03,9,4.0,0,6,0.0,False,13005,529,90,116,0.7759,13,9,50,50,9.7,30,30.0,30.0,30,9.7,346.2238,17311.188,43.78,0.0,0.0,1500,48,0,0,0,246.779,7671,1.6953,0,main,17.674,37,8,5
full_replan,30,0.03,10,4.0,0,6,0.0,False,15984,595,79,143,0.5524,10,13,50,47,9.6383,30,30.0,30.0,30,9.6383,321.6989,15119.848,69.06,0.0,0.0,1410,46,0,0,0,224.914,7664,2.0856,0,main,15.459,34,7,9
full_replan,30,0.03,11,4.0,0,6,0.0,False,10361,563,134,144,0.9306,25,2,50,49,12.0408,30,30.0,30.0,30,12.0408,697.3754,34171.394,69.49,0.0,0.0,1470,23,0,0,0,250.467,7450,1.3907,0,main,34.538,38,3,9
full_replan,30,0.03,12,4.0,0,6,0.0,False,13933,497,65,120,0.5417,9,15,50,46,6.8043,30,30.0,30.0,30,6.8043,250.3545,11516.309,33.78,0.0,0.0,1380,45,0,0,0,269.171,8240,1.6909,0,main,11.795,36,8,6
selfish,30,0.04,1,4.0,0,6,0.0,False,28510,1001,82,132,0.6212,5,11,66,47,5.0,12,10.1277,5.9895,6,4.8723,29.5528,1388.979,72.63,0.0,1.426,235,7,10,0,0,253.706,7965,3.5794,0,main,15.811,41,18,7
selfish,30,0.04,2,4.0,0,6,0.0,False,22667,781,76,155,0.4903,5,12,66,44,4.1591,13,8.1591,5.6234,6,3.6818,37.5091,1650.4,98.16,0.0,1.614,183,10,20,0,0,214.977,7834,2.8934,0,main,14.62,39,16,11
selfish,30,0.04,3,4.0,0,6,0.0,False,15754,592,100,134,0.7463,10,12,66,51,4.8431,14,10.1373,6.0,6,4.2157,24.8038,1264.992,68.34,0.0,1.275,247,3,3,0,0,244.749,8075,1.951,0,main,16.093,49,9,8
selfish,30,0.04,4,4.0,0,6,0.0,False,17243,618,79,140,0.5643,6,15,66,50,5.3,15,10.42,5.8364,6,4.88,91.727,4586.349,72.22,0.0,1.54,265,12,20,0,0,251.265,8145,2.117,0,main,20.913,44,13,9
selfish,30,0.04,5,4.0,0,6,0.0,False,19875,714,96,156,0.6154,8,14,66,52,5.25,16,10.0769,5.9182,6,4.75,34.9249,1816.096,80.23,0.0,1.212,273,13,19,0,0,237.834,8281,2.4001,0,main,20.031,47,8,11
selfish,30,0.04,6,4.0,0,6,0.0,False,18990,641,58,129,0.4496,2,19,66,41,4.9268,15,9.5366,5.8537,6,4.5366,23.0352,944.444,65.56,0.0,1.366,202,15,32,0,0,235.11,8014,2.3696,0,main,10.473,47,11,8
selfish,30,0.04,7,4.0,0,6,0.0,False,15125,533,42,121,0.3471,3,20,66,39,3.3333,16,7.1795,5.4667,6,3.1538,13.2937,518.453,50.4,0.0,1.462,130,9,24,0,0,241.545,7780,1.9441,0,main,6.334,52,8,6
selfish,30,0.04,8,4.0,0,6,0.0,False,16939,610,89,132,0.6742,9,15,66,51,5.0588,13,9.9804,5.9902,6,4.6667,31.0457,1583.332,66.08,0.0,1.373,258,7,10,0,0,228.219,7989,2.1203,0,main,19.774,52,6,8
selfish,30,0.04,9,4.0,0,6,0.0,False,15001,545,83,124,0.6694,7,12,66,47,4.234,16,8.6809,5.7108,6,3.7447,18.9676,891.479,51.95,0.0,1.404,199,9,13,0,0,227.141,7671,1.9555,0,main,10.266,48,11,7
selfish,30,0.04,10,4.0,0,6,0.0,False,16369,561,70,164,0.4268,4,18,66,44,5.4773,15,10.4091,5.9688,6,5.1136,66.4623,2924.339,96.34,0.0,1.25,241,14,24,0,0,221.714,7664,2.1358,0,main,23.573,44,9,13
selfish,30,0.04,11,4.0,0,6,0.0,False,17720,655,92,164,0.561,6,18,66,48,4.9375,16,9.3542,5.8351,6,4.2917,30.043,1442.066,90.12,0.0,1.104,237,10,12,0,0,236.121,7450,2.3785,0,main,17.11,47,6,13
selfish,30,0.04,12,4.0,0,6,0.0,False,18150,605,50,143,0.3497,1,21,66,47,3.3617,11,7.2766,5.3108,6,2.9574,15.3014,719.167,51.2,0.0,1.362,158,16,34,0,0,236.242,8240,2.2027,0,main,8.619,45,11,10
greedy_pgp,30,0.04,1,4.0,0,6,0.0,False,25688,899,87,132,0.6591,6,10,66,52,6.0192,16,10.0962,5.8839,6,5.9423,9.3667,487.07,86.25,2.04,1.25,72,5,5,0,0,242.889,7965,3.2251,0,main,24.61,41,18,7
greedy_pgp,30,0.04,2,4.0,0,6,0.0,False,17694,598,73,156,0.4679,4,13,66,42,3.881,14,8.119,5.5921,6,3.8333,10.4901,440.585,120.79,1.57,1.452,60,16,30,0,0,239.933,7834,2.2586,0,main,10.043,39,16,11
greedy_pgp,30,0.04,3,4.0,0,6,0.0,False,16051,602,92,133,0.6917,9,13,66,51,5.549,16,10.2941,5.9626,6,5.2941,7.3321,373.938,83.64,1.84,1.392,48,9,13,0,0,246.907,8075,1.9877,0,main,16.955,49,9,8
greedy_pgp,30,0.04,4,4.0,0,6,0.0,False,16699,598,83,140,0.5929,6,15,66,51,5.1373,17,9.9804,5.932,6,5.0,44.8876,2289.27,92.75,1.76,1.451,72,12,23,0,0,260.543,8145,2.0502,0,main,21.316,44,13,9
greedy_pgp,30,0.04,5,4.0,0,6,0.0,False,19725,734,88,152,0.5789,9,13,66,53,4.9057,19,9.0566,5.8505,6,4.8302,7.7718,411.908,101.75,1.81,1.226,72,14,18,0,0,263.229,8281,2.382,0,main,17.624,47,8,11
greedy_pgp,30,0.04,6,4.0,0,6,0.0,False,22505,756,58,133,0.4361,2,19,66,40,4.725,17,9.3,5.6296,6,4.575,5.2661,210.643,86.58,1.77,1.425,24,12,28,0,0,256.24,8014,2.8082,0,main,9.354,47,11,8
greedy_pgp,30,0.04,7,4.0,0,6,0.0,False,17507,637,46,121,0.3802,5,18,66,35,3.9429,17,7.2,5.3158,6,3.8,10.315,361.026,78.62,1.57,1.714,18,10,27,0,0,241.545,7780,2.2503,0,main,6.572,52,8,6
greedy_pgp,30,0.04,8,4.0,0,6,0.0,False,20102,776,94,131,0.7176,10,14,66,49,5.3469,16,10.1837,5.949,6,5.2449,11.8905,582.632,84.23,1.84,1.265,48,6,8,0,0,228.219,7989,2.5162,0,main,19.16,52,6,8
greedy_pgp,30,0.04,9,4.0,0,6,0.0,False,13769,494,75,126,0.5952,6,13,66,48,3.8333,17,8.3333,5.7,6,3.7708,3.5889,172.266,72.82,1.77,1.292,24,12,18,0,0,227.141,7671,1.7949,0,main,10.012,48,11,7
greedy_pgp,30,0.04,10,4.0,0,6,0.0,False,18862,663,90,156,0.5769,7,15,66,50,5.96,17,10.52,6.0,6,5.96,25.3929,1269.643,106.82,2.1,1.06,90,7,16,0,0,221.714,7664,2.4611,0,main,31.635,44,9,13
greedy_pgp,30,0.04,11,4.0,0,6,0.0,False,20525,716,102,167,0.6108,5,19,66,52,4.6731,20,9.25,5.9495,6,4.5769,13.9662,726.24,116.42,1.69,1.154,84,13,20,0,0,236.121,7450,2.755,0,main,15.638,47,6,13
greedy_pgp,30,0.04,12,4.0,0,6,0.0,False,16740,558,44,134,0.3284,0,22,66,43,3.3256,15,7.814,5.5217,6,3.2791,10.1042,434.479,61.69,1.63,1.651,18,18,40,0,0,236.242,8240,2.0316,0,main,9.962,45,11,10
adopt,30,0.04,1,4.0,0,6,0.0,False,27789,1007,104,132,0.7879,8,8,66,53,5.8302,16,9.6226,5.8241,6,5.7358,9.425,499.526,274.58,13.51,1.208,0,5,5,0,0,238.824,7965,3.4889,0,main,20.175,41,18,7
adopt,30,0.04,2,4.0,0,6,0.0,False,17776,598,71,156,0.4551,3,14,66,40,4.0,14,8.4,5.6351,6,3.95,7.8761,315.043,275.89,12.65,1.35,0,15,30,0,0,216.402,7834,2.2691,0,main,9.988,39,16,11
adopt,30,0.04,3,4.0,0,6,0.0,False,16588,583,93,136,0.6838,6,16,66,51,5.8431,16,10.5686,5.9727,6,5.6078,10.3895,529.864,337.91,17.53,1.216,0,7,11,0,0,253.697,8075,2.0542,0,main,17.87,49,9,8
adopt,30,0.04,4,4.0,0,6,0.0,False,13542,478,76,140,0.5429,6,15,66,52,4.7115,16,9.7885,5.9314,6,4.5385,8.5336,443.748,265.89,14.25,1.577,0,12,19,0,0,254.729,8145,1.6626,0,main,18.259,44,13,9
adopt,30,0.04,5,4.0,0,6,0.0,False,14979,528,81,155,0.5226,8,14,66,51,4.4118,18,9.0,5.85,6,4.3137,7.0082,357.417,241.93,9.98,1.373,0,11,14,0,0,270.496,8281,1.8088,0,main,14.564,47,8,11
adopt,30,0.04,6,4.0,0,6,0.0,False,19924,667,61,130,0.4692,2,19,66,41,4.9024,17,9.1707,5.7037,6,4.7805,6.6667,273.335,208.16,10.24,1.488,0,9,25,0,0,261.589,8014,2.4861,0,main,10.514,47,11,8
adopt,30,0.04,7,4.0,0,6,0.0,False,17505,637,46,121,0.3802,5,18,66,35,3.8571,17,7.4286,5.4561,6,3.7143,5.0142,175.497,174.31,8.49,1.743,0,10,26,0,0,244.022,7780,2.25,0,main,6.565,52,8,6
adopt,30,0.04,8,4.0,0,6,0.0,False,18308,685,91,130,0.7,10,14,66,49,5.2653,16,9.9796,5.9592,6,5.1633,8.479,415.47,296.11,14.14,1.306,0,4,6,0,0,244.256,7989,2.2917,0,main,19.521,52,6,8
adopt,30,0.04,9,4.0,0,6,0.0,False,16226,599,82,126,0.6508,7,12,66,49,3.7755,17,8.551,5.7831,6,3.6939,7.0094,343.463,211.99,12.14,1.347,0,10,14,0,0,262.922,7671,2.1152,0,main,10.119,48,11,7
adopt,30,0.04,10,4.0,0,6,0.0,False,19193,685,97,161,0.6025,9,13,66,54,5.9444,22,10.4259,6.0,6,5.9074,11.9402,644.771,377.85,15.22,1.074,0,7,11,0,0,245.223,7664,2.5043,0,main,44.879,44,9,13
adopt,30,0.04,11,4.0,0,6,0.0,False,17961,644,97,164,0.5915,5,19,66,48,4.6458,17,9.5417,5.883,6,4.5625,6.9397,333.107,249.15,10.4,1.312,0,8,12,0,0,236.121,7450,2.4109,0,main,12.654,47,6,13
adopt,30,0.04,12,4.0,0,6,0.0,False,16680,556,45,135,0.3333,0,22,66,46,3.1304,15,7.1304,5.2361,6,3.1087,4.4623,205.268,155.19,8.52,1.261,0,20,39,0,0,236.242,8240,2.0243,0,main,9.043,45,11,10
cbs,30,0.04,1,4.0,0,6,0.0,False,26737,945,69,132,0.5227,4,12,66,48,3.3958,12,10.25,6.6484,10,3.3542,134.5379,6457.818,56.43,10.81,1.562,1341,2,5,3,0,253.706,7965,3.3568,0,main,30.841,41,18,7
cbs,30,0.04,2,4.0,0,6,0.0,False,20992,725,70,148,0.473,5,12,66,44,2.2273,12,9.0682,6.6667,10,2.2273,88.4584,3892.168,81.59,7.45,1.545,749,2,6,3,0,214.977,7834,2.6796,0,main,21.241,39,16,11
cbs,30,0.04,3,4.0,0,6,0.0,False,12916,442,53,134,0.3955,3,19,66,39,3.4103,13,9.7949,6.0625,10,3.0256,77.1784,3009.956,68.18,6.15,1.564,729,1,8,2,0,276.473,8075,1.5995,0,main,16.924,49,9,8
cbs,30,0.04,4,4.0,0,6,0.0,False,17778,643,77,140,0.55,7,14,66,50,3.56,14,10.56,6.25,10,3.4,106.5971,5329.856,74.22,7.0,1.44,928,3,3,2,0,246.794,8145,2.1827,0,main,29.998,44,13,9
cbs,30,0.04,5,4.0,0,6,0.0,False,18811,693,85,153,0.5556,9,13,66,49,2.7347,17,10.9796,6.9898,10,2.6939,72.2326,3539.396,81.75,5.0,1.571,717,1,1,0,0,263.229,8281,2.2716,0,main,28.403,47,8,11
cbs,30,0.04,6,4.0,0,6,0.0,False,19720,669,48,131,0.3664,2,19,66,40,3.05,14,10.25,6.3086,10,2.85,64.4252,2577.009,65.4,4.88,1.525,569,0,0,0,0,256.24,8014,2.4607,0,main,15.248,47,11,8
cbs,30,0.04,7,4.0,0,6,0.0,False,19018,658,40,124,0.3226,3,20,66,36,2.7778,16,8.5,6.2414,10,2.75,62.0025,2232.089,67.31,3.78,1.583,390,2,3,0,0,244.022,7780,2.4445,0,main,9.867,52,8,6
cbs,30,0.04,8,4.0,0,6,0.0,False,18094,701,102,129,0.7907,13,11,66,50,3.84,13,11.74,6.7664,10,3.78,132.5007,6625.035,57.94,8.52,1.34,1198,1,1,2,0,244.256,7989,2.2649,0,main,41.039,52,6,8
cbs,30,0.04,9,4.0,0,6,0.0,False,21162,762,76,124,0.6129,4,15,66,46,2.5652,9,9.8043,6.4824,10,2.5217,49.5021,2277.095,52.62,5.76,1.304,651,1,3,1,0,246.779,7671,2.7587,0,main,17.737,48,11,7
cbs,30,0.04,10,4.0,0,6,0.0,False,19726,685,85,163,0.5215,6,16,66,52,3.4231,18,12.25,7.1803,10,3.3846,418.1819,21745.457,88.96,10.37,1.154,1651,1,1,4,0,224.914,7664,2.5739,0,main,95.212,44,9,13
cbs,30,0.04,11,4.0,0,6,0.0,False,15887,601,98,160,0.6125,9,15,66,50,3.14,17,9.58,6.2766,10,3.08,110.8124,5540.618,66.41,7.44,1.44,973,0,0,3,0,236.121,7450,2.1325,0,main,27.293,47,6,13
cbs,30,0.04,12,4.0,0,6,0.0,False,13440,448,39,141,0.2766,0,22,66,39,1.5128,9,8.7179,6.7241,10,1.4615,30.2912,1181.356,66.02,3.85,1.718,319,2,7,1,0,236.242,8240,1.6311,0,main,10.135,45,11,10
full_replan,30,0.04,1,4.0,0,6,0.0,False,19833,778,114,132,0.8636,13,3,66,61,11.7377,28,30.0,30.0,30,11.7377,746.3634,45528.168,52.99,0.0,0.0,1830,53,0,0,0,243.907,7965,2.49,0,main,46.043,41,18,7
full_replan,30,0.04,2,4.0,0,6,0.0,False,20217,702,95,154,0.6169,6,11,66,63,7.5873,30,30.0,30.0,30,7.5873,420.5194,26492.721,68.82,0.0,0.0,1890,56,0,0,0,218.662,7834,2.5807,0,main,26.984,39,16,11
full_replan,30,0.04,3,4.0,0,6,0.0,False,13876,518,74,134,0.5522,10,12,66,65,7.6462,29,30.0,30.0,30,7.6462,269.3582,17508.282,55.35,0.0,0.0,1950,55,0,0,0,246.907,8075,1.7184,0,main,17.959,49,9,8
full_replan,30,0.04,4,4.0,0,6,0.0,False,14399,515,96,140,0.6857,10,11,66,60,11.3333,30,30.0,30.0,30,11.3333,4091.2121,245472.723,67.59,0.0,0.0,1800,55,0,0,0,260.543,8145,1.7678,0,main,245.97,44,13,9
full_replan,30,0.04,5,4.0,0,6,0.0,False,18266,704,121,155,0.7806,14,8,66,64,12.0,30,30.0,30.0,30,12.0,1914.676,122539.263,67.35,0.0,0.0,1920,56,0,0,0,263.229,8281,2.2058,0,main,123.116,47,8,11
full_replan,30,0.04,6,4.0,0,6,0.0,False,21274,720,54,130,0.4154,2,19,66,62,7.3871,30,30.0,30.0,30,7.3871,251.5225,15594.392,40.85,0.0,0.0,1860,51,0,0,0,256.24,8014,2.6546,0,main,15.984,47,11,8
full_replan,30,0.04,7,4.0,0,6,0.0,False,13111,463,52,126,0.4127,7,16,66,65,5.4,30,30.0,30.0,30,5.4,235.8149,15327.971,46.64,0.0,0.0,1950,64,0,0,0,241.545,7780,1.6852,0,main,15.695,52,8,6
full_replan,30,0.04,8,4.0,0,6,0.0,False,15139,605,109,133,0.8195,17,7,66,66,11.697,30,30.0,30.0,30,11.697,548.7406,36216.881,38.48,0.0,0.0,1980,44,0,0,0,228.219,7989,1.895,0,main,36.667,52,6,8
full_replan,30,0.04,9,4.0,0,6,0.0,False,13944,534,83,129,0.6434,9,10,66,64,9.9531,30,30.0,30.0,30,9.9531,366.9197,23482.863,49.88,0.0,0.0,1920,61,0,0,0,242.391,7671,1.8178,0,main,23.949,48,11,7
full_replan,30,0.04,10,4.0,0,6,0.0,False,17796,640,89,161,0.5528,8,14,66,63,13.9683,30,30.0,30.0,30,13.9683,1711.1219,107800.681,64.69,0.0,0.0,1890,62,0,0,0,231.372,7664,2.322,0,main,108.381,44,9,13
full_replan,30,0.04,11,4.0,0,6,0.0,False,15985,682,133,167,0.7964,15,9,66,65,12.5231,30,30.0,30.0,30,12.5231,647.4662,42085.301,80.8,0.0,0.0,1950,60,0,0,0,226.698,7450,2.1456,0,main,42.628,47,6,13
full_replan,30,0.04,12,4.0,0,6,0.0,False,22209,801,80,138,0.5797,7,15,66,60,6.8167,30,30.0,30.0,30,6.8167,298.9512,17937.069,39.85,0.0,0.0,1800,58,0,0,0,251.096,8240,2.6953,0,main,18.385,45,11,10
adopt,30,0.02,1,0.0,0,6,0.0,False,14038,517,66,126,0.5238,6,17,33,24,5.6667,16,9.4583,5.8039,6,5.5,7.0915,170.197,241.43,10.29,1.208,0,3,3,0,0,240.959,7965,1.7625,0,beta,6.169,18,9,6
adopt,30,0.02,1,1.0,0,6,0.0,False,14017,528,72,126,0.5714,8,15,33,25,5.6,16,9.4,5.8039,6,5.48,6.9901,174.752,228.82,10.48,1.2,0,3,3,0,0,240.959,7965,1.7598,0,beta,6.659,18,9,6
adopt,30,0.02,1,2.0,0,6,0.0,False,13815,517,68,126,0.5397,7,16,33,25,5.44,16,9.28,5.7692,6,5.32,6.8334,170.834,221.71,9.48,1.28,0,3,3,0,0,240.959,7965,1.7345,0,beta,6.526,18,9,6
adopt,30,0.02,1,4.0,0,6,0.0,False,13927,524,73,126,0.5794,8,15,33,26,5.4231,16,9.6538,5.8889,6,5.3077,7.2966,189.712,235.15,11.46,1.5,0,3,3,0,0,240.959,7965,1.7485,0,beta,6.868,18,9,6
adopt,30,0.02,1,10.0,0,6,0.0,False,13694,515,75,126,0.5952,9,14,33,27,5.1481,16,9.3333,5.8704,6,5.037,6.9502,187.656,223.43,9.89,1.407,0,2,2,0,0,240.959,7965,1.7193,0,beta,6.873,18,9,6
adopt,30,0.02,1,25.0,0,6,0.0,False,13694,515,75,126,0.5952,9,14,33,27,5.1481,16,9.3333,5.8704,6,5.037,6.4005,172.814,219.43,10.0,1.407,0,2,2,0,0,240.959,7965,1.7193,0,beta,6.767,18,9,6
adopt,30,0.02,1,60.0,0,6,0.0,False,14162,537,75,126,0.5952,9,14,33,27,5.1111,16,9.037,5.7222,6,5.0,6.6244,178.859,220.93,10.0,1.259,0,2,2,0,0,243.907,7965,1.778,0,beta,6.747,18,9,6
adopt,30,0.02,1,4.0,0,6,0.0,False,13927,524,73,126,0.5794,8,15,33,26,5.4231,16,9.6538,5.8889,6,5.3077,7.063,183.638,235.15,11.46,1.5,0,3,3,0,0,243.907,7965,1.7485,0,tau,6.904,18,9,6
adopt,30,0.02,1,4.0,2,6,0.0,False,13927,524,73,126,0.5794,8,15,33,26,5.4231,16,9.6538,5.8889,6,4.9615,7.3286,190.543,235.15,11.46,1.5,0,3,3,0,0,240.959,7965,1.7485,0,tau,6.961,18,9,6
adopt,30,0.02,1,4.0,5,6,0.0,False,13927,524,73,126,0.5794,8,15,33,26,5.4231,16,9.6538,5.8889,6,4.7308,7.2033,187.285,235.15,11.46,1.5,0,3,3,0,0,240.959,7965,1.7485,0,tau,6.846,18,9,6
adopt,30,0.02,1,4.0,10,6,0.0,False,13927,524,73,126,0.5794,8,15,33,26,5.4231,16,9.6538,5.8889,6,4.6538,7.1494,185.883,235.15,11.46,1.5,0,3,3,0,0,231.941,7965,1.7485,0,tau,6.821,18,9,6
adopt,30,0.02,1,4.0,25,6,0.0,False,13927,524,73,126,0.5794,8,15,33,26,5.4231,16,9.6538,5.8889,6,4.6538,7.1834,186.768,235.15,11.46,1.5,0,3,3,0,0,231.941,7965,1.7485,0,tau,6.786,18,9,6
adopt,30,0.02,1,4.0,0,6,0.0,False,13927,524,73,126,0.5794,8,15,33,26,5.4231,16,9.6538,5.8889,6,5.3077,7.175,186.551,235.15,11.46,1.5,0,3,3,0,0,243.907,7965,1.7485,0,epsilon,6.862,18,9,6
adopt,30,0.02,1,4.0,0,6,2.0,False,13927,524,73,126,0.5794,8,15,33,26,5.4231,16,9.6538,5.8889,6,5.3077,7.4418,193.487,233.9,11.81,1.5,0,3,3,0,0,243.907,7965,1.7485,0,epsilon,6.866,18,9,6
adopt,30,0.02,1,4.0,0,6,10.0,False,13885,524,75,126,0.5952,9,14,33,27,5.2222,16,9.3704,5.8704,6,5.1111,6.8331,184.494,193.47,8.89,1.407,0,2,2,0,0,240.959,7965,1.7433,0,epsilon,6.681,18,9,6
adopt,30,0.02,1,4.0,0,6,50.0,False,15799,588,80,126,0.6349,8,15,33,25,5.72,16,9.88,5.9038,6,5.56,6.1724,154.309,184.08,8.12,1.08,0,3,3,0,0,240.959,7965,1.9836,0,epsilon,6.612,18,9,6
adopt,30,0.02,1,4.0,0,2,0.0,False,16749,626,72,126,0.5714,7,16,33,26,4.8846,13,8.0385,1.9556,2,4.7308,1.5184,39.478,99.44,2.81,1.0,0,3,3,0,0,253.706,7965,2.1028,0,k_max,6.671,18,9,6
adopt,30,0.02,1,4.0,0,4,0.0,False,15090,574,74,126,0.5873,8,15,33,25,5.08,14,8.52,3.8406,4,5.04,3.245,81.124,137.89,5.76,1.12,0,4,4,0,0,253.706,7965,1.8945,0,k_max,5.493,18,9,6
adopt,30,0.02,1,4.0,0,6,0.0,False,13927,524,73,126,0.5794,8,15,33,26,5.4231,16,9.6538,5.8889,6,5.3077,7.2967,189.713,235.15,11.46,1.5,0,3,3,0,0,231.941,7965,1.7485,0,k_max,6.9,18,9,6
adopt,30,0.02,1,4.0,0,8,0.0,False,14689,580,84,126,0.6667,10,13,33,27,6.037,17,12.0,7.9574,8,5.7778,14.7161,397.336,420.55,17.81,1.519,0,2,2,0,0,231.941,7965,1.8442,0,k_max,7.433,18,9,6
adopt,30,0.02,1,4.0,0,10,0.0,False,14686,524,72,126,0.5714,7,16,33,24,5.625,18,10.8333,8.8182,10,5.5,18.9125,453.9,568.19,23.46,1.792,0,5,11,0,0,242.889,7965,1.8438,0,k_max,5.955,18,9,6
selfish,30,0.02,1,4.0,0,6,0.0,False,17684,727,82,126,0.6508,11,12,33,25,5.48,13,10.08,5.7963,6,5.2,24.3938,609.844,86.63,0.0,1.32,137,3,3,0,0,242.889,7965,2.2202,0,social_laws,6.809,18,9,6
selfish,30,0.02,1,4.0,0,6,0.0,True,14645,545,75,124,0.6048,9,14,33,21,4.0476,10,8.9048,5.9722,6,3.6667,23.2232,487.688,77.85,0.0,1.286,85,8,14,0,0,494.572,8391,1.7453,0,social_laws,5.929,17,10,6
greedy_pgp,30,0.02,1,4.0,0,6,0.0,False,14920,555,86,126,0.6825,10,13,33,26,5.5769,16,9.6538,5.9038,6,5.3846,6.4474,167.634,105.18,1.92,1.154,30,2,2,0,0,243.907,7965,1.8732,0,social_laws,6.285,18,9,6
greedy_pgp,30,0.02,1,4.0,0,6,0.0,True,14893,543,75,126,0.5952,8,15,33,22,3.9091,10,8.4545,5.8378,6,3.8636,4.2118,92.66,100.26,1.77,1.409,18,7,15,0,1,471.771,8391,1.7749,0,social_laws,5.131,17,10,6
adopt,30,0.02,1,4.0,0,6,0.0,False,13927,524,73,126,0.5794,8,15,33,26,5.4231,16,9.6538,5.8889,6,5.3077,7.4214,192.956,235.15,11.46,1.5,0,3,3,0,0,240.959,7965,1.7485,0,social_laws,6.981,18,9,6
adopt,30,0.02,1,4.0,0,6,0.0,True,15047,543,73,126,0.5794,7,16,33,22,3.6364,10,8.3636,5.7838,6,3.5909,4.8019,105.643,193.14,9.64,1.5,0,7,14,0,1,483.33,8391,1.7932,0,social_laws,5.132,17,10,6
cbs,30,0.02,1,4.0,0,6,0.0,False,14979,555,73,126,0.5794,7,16,33,26,3.2692,9,10.3077,6.6122,10,3.1923,81.2174,2111.651,79.54,7.77,1.462,544,0,0,1,0,253.706,7965,1.8806,0,social_laws,11.555,18,9,6
cbs,30,0.02,1,4.0,0,6,0.0,True,13886,504,65,126,0.5159,7,16,33,20,2.2,7,9.75,6.6571,10,2.2,62.7082,1254.164,82.3,5.9,1.75,262,1,1,0,0,497.02,8391,1.6549,0,social_laws,8.247,17,10,6
full_replan,30,0.02,1,4.0,0,6,0.0,False,12516,580,109,126,0.8651,21,2,33,30,13.5667,29,30.0,30.0,30,13.5667,322.4555,9673.666,85.09,0.0,0.0,900,26,0,0,0,231.941,7965,1.5714,0,social_laws,9.914,18,9,6
full_replan,30,0.02,1,4.0,0,6,0.0,True,14647,562,87,126,0.6905,11,12,33,30,9.9667,28,30.0,30.0,30,9.9667,450.1951,13505.854,89.26,0.0,0.0,900,30,0,0,0,508.642,8391,1.7456,0,social_laws,13.754,17,10,6
adopt,30,0.02,2,0.0,0,6,0.0,False,14167,511,60,117,0.5128,7,17,33,23,3.8261,14,8.4783,5.7436,6,3.7826,5.8009,133.421,210.5,9.65,1.522,0,5,12,0,0,239.933,7834,1.8084,0,beta,4.497,20,8,5
adopt,30,0.02,2,1.0,0,6,0.0,False,14164,511,60,117,0.5128,7,17,33,23,3.4783,14,8.2609,5.641,6,3.4348,5.6416,129.756,210.29,9.3,1.609,0,5,12,0,0,218.662,7834,1.808,0,beta,4.536,20,8,5
adopt,30,0.02,2,2.0,0,6,0.0,False,14174,511,58,117,0.4957,7,17,33,22,3.4091,14,8.3636,5.7027,6,3.3636,6.1887,136.151,226.79,9.5,1.455,0,5,12,0,0,218.662,7834,1.8093,0,beta,4.249,20,8,5
adopt,30,0.02,2,4.0,0,6,0.0,False,14174,511,58,117,0.4957,7,17,33,22,3.3636,14,8.3636,5.7027,6,3.3182,7.0068,154.149,241.88,11.14,1.545,0,5,12,0,0,218.245,7834,1.8093,0,beta,4.27,20,8,5
adopt,30,0.02,2,10.0,0,6,0.0,False,14084,511,62,118,0.5254,8,16,33,22,3.3182,14,8.3182,5.6053,6,3.3182,6.7733,149.012,233.18,10.23,1.364,0,5,12,0,0,218.245,7834,1.7978,0,beta,4.271,20,8,5
adopt,30,0.02,2,25.0,0,6,0.0,False,14084,511,62,118,0.5254,8,16,33,22,3.3182,14,8.3182,5.6053,6,3.3182,6.0684,133.504,219.36,9.27,1.364,0,5,12,0,0,214.977,7834,1.7978,0,beta,4.184,20,8,5
adopt,30,0.02,2,60.0,0,6,0.0,False,14066,509,65,118,0.5508,9,15,33,23,3.3913,14,8.6087,5.8718,6,3.3913,8.8735,204.091,315.71,16.61,1.565,0,5,12,0,0,214.977,7834,1.7955,0,beta,4.599,20,8,5
adopt,30,0.02,2,4.0,0,6,0.0,False,14174,511,58,117,0.4957,7,17,33,22,3.3636,14,8.3636,5.7027,6,3.3182,6.6724,146.793,241.88,11.14,1.545,0,5,12,0,0,218.662,7834,1.8093,0,tau,4.214,20,8,5
adopt,30,0.02,2,4.0,2,6,0.0,False,14174,511,58,117,0.4957,7,17,33,22,3.3636,14,8.3636,5.7027,6,3.2727,6.7223,147.892,241.88,11.14,1.545,0,5,12,0,0,218.662,7834,1.8093,0,tau,4.157,20,8,5
adopt,30,0.02,2,4.0,5,6,0.0,False,14174,511,58,117,0.4957,7,17,33,22,3.3636,14,8.3636,5.7027,6,3.1364,6.7709,148.959,241.88,11.14,1.545,0,5,12,0,0,218.245,7834,1.8093,0,tau,4.082,20,8,5
adopt,30,0.02,2,4.0,10,6,0.0,False,14174,511,58,117,0.4957,7,17,33,22,3.3636,14,8.3636,5.7027,6,3.1364,7.3856,162.484,241.88,11.14,1.545,0,5,12,0,0,218.245,7834,1.8093,0,tau,4.163,20,8,5
adopt,30,0.02,2,4.0,25,6,0.0,False,14174,511,58,117,0.4957,7,17,33,22,3.3636,14,8.3636,5.7027,6,3.1364,7.0149,154.329,241.88,11.14,1.545,0,5,12,0,0,240.453,7834,1.8093,0,tau,4.243,20,8,5
adopt,30,0.02,2,4.0,0,6,0.0,False,14174,511,58,117,0.4957,7,17,33,22,3.3636,14,8.3636,5.7027,6,3.3182,6.9848,153.666,241.88,11.14,1.545,0,5,12,0,0,240.453,7834,1.8093,0,epsilon,4.259,20,8,5
adopt,30,0.02,2,4.0,0,6,2.0,False,14174,511,58,117,0.4957,7,17,33,22,3.3636,14,8.3636,5.7027,6,3.3182,6.9031,151.869,229.0,10.5,1.545,0,5,12,0,0,213.348,7834,1.8093,0,epsilon,4.211,20,8,5
adopt,30,0.02,2,4.0,0,6,10.0,False,14174,511,58,117,0.4957,7,17,33,22,3.3636,14,8.3636,5.7027,6,3.3182,6.2117,136.657,210.61,9.14,1.545,0,5,12,0,0,213.348,7834,1.8093,0,epsilon,4.253,20,8,5
adopt,30,0.02,2,4.0,0,6,50.0,False,14174,511,58,117,0.4957,7,17,33,22,3.4091,14,8.3636,5.7027,6,3.3636,5.4858,120.688,168.24,7.95,1.545,0,5,12,0,0,214.977,7834,1.8093,0,epsilon,4.204,20,8,5
adopt,30,0.02,2,4.0,0,2,0.0,False,14255,532,66,117,0.5641,9,15,33,22,3.1818,13,6.5909,1.9341,2,3.1364,1.1992,26.382,108.79,2.27,1.0,0,4,11,0,0,214.977,7834,1.8196,0,k_max,4.255,20,8,5
adopt,30,0.02,2,4.0,0,4,0.0,False,14267,532,65,118,0.5508,9,15,33,22,3.5455,13,7.7273,3.8333,4,3.4091,2.7359,60.191,148.09,5.27,1.136,0,5,12,0,0,218.662,7834,1.8212,0,k_max,4.555,20,8,5
adopt,30,0.02,2,4.0,0,6,0.0,False,14174,511,58,117,0.4957,7,17,33,22,3.3636,14,8.3636,5.7027,6,3.3182,7.032,154.704,241.88,11.14,1.545,0,5,12,0,0,218.662,7834,1.8093,0,k_max,4.157,20,8,5
adopt,30,0.02,2,4.0,0,8,0.0,False,14344,514,58,118,0.4915,6,18,33,20,4.15,13,8.9,6.9032,8,4.0,14.2563,285.126,414.0,16.45,1.45,0,8,15,0,0,218.245,7834,1.831,0,k_max,4.419,20,8,5
adopt,30,0.02,2,4.0,0,10,0.0,False,13865,502,55,116,0.4741,7,17,33,20,3.95,14,10.2,8.5172,10,3.85,38.418,768.359,1054.61,45.5,1.5,0,5,13,0,0,218.245,7834,1.7698,0,k_max,5.525,20,8,5
selfish,30,0.02,2,4.0,0,6,0.0,False,15708,584,70,117,0.5983,8,16,33,24,3.7917,13,8.4583,5.825,6,3.5,17.4207,418.097,85.74,0.0,1.542,91,10,19,0,0,240.453,7834,2.0051,0,social_laws,4.49,20,8,5
selfish,30,0.02,2,4.0,0,6,0.0,True,13112,513,67,114,0.5877,13,11,33,21,3.8571,18,7.4286,5.2432,6,3.4286,28.952,607.992,53.53,0.0,1.381,81,6,13,0,2,503.146,8189,1.6012,0,social_laws,5.476,20,8,5
greedy_pgp,30,0.02,2,4.0,0,6,0.0,False,14032,511,66,118,0.5593,9,15,33,22,3.5455,14,8.3182,5.6053,6,3.5455,5.354,117.787,112.21,1.64,1.318,12,5,12,0,0,239.933,7834,1.7912,0,social_laws,4.292,20,8,5
greedy_pgp,30,0.02,2,4.0,0,6,0.0,True,13794,497,54,116,0.4655,6,18,33,19,3.2105,19,8.0526,5.5588,6,3.1579,3.3965,64.533,92.2,1.37,1.789,6,6,14,0,0,512.698,8189,1.6845,0,social_laws,4.527,20,8,5
adopt,30,0.02,2,4.0,0,6,0.0,False,14174,511,58,117,0.4957,7,17,33,22,3.3636,14,8.3636,5.7027,6,3.3182,6.9691,153.321,241.88,11.14,1.545,0,5,12,0,0,213.348,7834,1.8093,0,social_laws,4.291,20,8,5
adopt,30,0.02,2,4.0,0,6,0.0,True,13778,497,54,116,0.4655,6,18,33,19,3.1053,19,7.7368,5.3824,6,3.0526,4.4236,84.049,148.27,5.47,1.684,0,6,14,0,0,512.503,8189,1.6825,0,social_laws,4.363,20,8,5
cbs,30,0.02,2,4.0,0,6,0.0,False,15391,568,56,117,0.4786,8,16,33,23,2.4783,13,9.0,6.3077,10,2.4783,58.2566,1339.901,78.06,3.96,1.609,243,1,1,1,0,214.977,7834,1.9646,0,social_laws,8.139,20,8,5
cbs,30,0.02,2,4.0,0,6,0.0,True,14267,524,53,118,0.4492,7,17,33,22,1.5455,8,7.1818,5.7568,10,1.4545,16.2663,357.86,81.15,1.5,1.545,68,1,1,0,0,500.178,8189,1.7422,0,social_laws,7.376,20,8,5
full_replan,30,0.02,2,4.0,0,6,0.0,False,13481,538,88,115,0.7652,16,8,33,30,10.0667,30,30.0,30.0,30,10.0667,1022.7518,30682.555,51.1,0.0,0.0,900,27,0,0,0,218.662,7834,1.7208,0,social_laws,30.899,20,8,5
full_replan,30,0.02,2,4.0,0,6,0.0,True,12563,540,104,116,0.8966,20,4,33,31,9.7419,30,30.0,30.0,30,9.7419,415.9241,12893.647,70.69,0.0,0.0,930,31,0,0,0,492.77,8189,1.5341,0,social_laws,13.124,20,8,5
adopt,30,0.02,3,0.0,0,6,0.0,False,13356,546,79,114,0.693,13,13,33,27,3.9259,15,8.8889,5.8936,6,3.7407,6.0988,164.667,185.14,11.0,1.259,0,3,3,0,0,274.977,8075,1.654,0,beta,7.259,24,5,4
adopt,30,0.02,3,1.0,0,6,0.0,False,13294,551,81,113,0.7168,14,12,33,28,4.2143,15,9.5,6.0,6,4.0,6.1643,172.6,167.94,9.21,1.321,0,1,2,0,0,274.977,8075,1.6463,0,beta,8.198,24,5,4
adopt,30,0.02,3,2.0,0,6,0.0,False,13264,548,81,113,0.7168,14,12,33,30,4.0,15,9.2667,6.0,6,3.8333,5.78,173.401,161.24,8.57,1.367,0,1,2,0,0,253.697,8075,1.6426,0,beta,8.269,24,5,4
adopt,30,0.02,3,4.0,0,6,0.0,False,12823,542,88,114,0.7719,15,11,33,28,4.2857,15,9.6786,6.0,6,4.0714,6.5074,182.207,204.25,11.89,1.179,0,3,3,0,0,253.697,8075,1.588,0,beta,8.682,24,5,4
adopt,30,0.02,3,10.0,0,6,0.0,False,12829,542,88,114,0.7719,15,11,33,26,4.1923,15,9.7692,6.0,6,3.9615,6.2828,163.354,201.71,11.42,1.154,0,3,3,0,0,253.859,8075,1.5887,0,beta,8.078,24,5,4
adopt,30,0.02,3,25.0,0,6,0.0,False,12829,542,88,114,0.7719,15,11,33,26,4.1923,15,9.7692,6.0,6,3.9615,6.5119,169.31,185.59,10.38,1.154,0,3,3,0,0,253.859,8075,1.5887,0,beta,8.222,24,5,4
adopt,30,0.02,3,60.0,0,6,0.0,False,12567,544,88,114,0.7719,16,10,33,26,4.2308,15,9.8846,6.0,6,4.0,5.8166,151.231,165.68,8.65,1.192,0,3,3,0,0,276.473,8075,1.5563,0,beta,8.069,24,5,4
adopt,30,0.02,3,4.0,0,6,0.0,False,12823,542,88,114,0.7719,15,11,33,28,4.2857,15,9.6786,6.0,6,4.0714,6.9985,195.958,204.25,11.89,1.179,0,3,3,0,0,276.473,8075,1.588,0,tau,8.613,24,5,4
adopt,30,0.02,3,4.0,2,6,0.0,False,12823,542,88,114,0.7719,15,11,33,28,4.2857,15,9.6786,6.0,6,3.3571,7.0397,197.112,204.25,11.89,1.179,0,3,3,0,0,244.623,8075,1.588,0,tau,8.566,24,5,4
adopt,30,0.02,3,4.0,5,6,0.0,False,12823,542,88,114,0.7719,15,11,33,28,4.2857,15,9.6786,6.0,6,3.2143,6.5758,184.121,204.25,11.89,1.179,0,3,3,0,0,244.623,8075,1.588,0,tau,8.547,24,5,4
adopt,30,0.02,3,4.0,10,6,0.0,False,12823,542,88,114,0.7719,15,11,33,28,4.2857,15,9.6786,6.0,6,3.2143,6.5879,184.462,204.25,11.89,1.179,0,3,3,0,0,274.977,8075,1.588,0,tau,8.513,24,5,4
adopt,30,0.02,3,4.0,25,6,0.0,False,12823,542,88,114,0.7719,15,11,33,28,4.2857,15,9.6786,6.0,6,3.2143,6.4336,180.141,204.25,11.89,1.179,0,3,3,0,0,274.977,8075,1.588,0,tau,8.42,24,5,4
adopt,30,0.02,3,4.0,0,6,0.0,False,12823,542,88,114,0.7719,15,11,33,28,4.2857,15,9.6786,6.0,6,4.0714,6.4825,181.51,204.25,11.89,1.179,0,3,3,0,0,253.697,8075,1.588,0,epsilon,8.651,24,5,4
adopt,30,0.02,3,4.0,0,6,2.0,False,13163,570,92,114,0.807,17,9,33,27,4.1852,15,9.5926,6.0,6,3.963,5.9732,161.276,176.63,8.81,1.259,0,1,1,0,0,253.697,8075,1.6301,0,epsilon,7.529,24,5,4
adopt,30,0.02,3,4.0,0,6,10.0,False,12935,544,85,114,0.7456,15,11,33,28,4.3571,15,9.1786,5.8077,6,4.1429,5.7009,159.624,159.36,7.68,1.107,0,3,3,0,0,253.859,8075,1.6019,0,epsilon,8.15,24,5,4
adopt,30,0.02,3,4.0,0,6,50.0,False,12931,544,85,113,0.7522,15,11,33,29,4.1379,15,9.2414,6.0,6,3.931,5.009,145.26,132.08,6.48,1.241,0,1,1,0,0,253.859,8075,1.6014,0,epsilon,7.84,24,5,4
adopt,30,0.02,3,4.0,0,2,0.0,False,12617,546,87,114,0.7632,16,10,33,28,3.6786,14,6.8214,1.992,2,3.3929,1.2065,33.781,58.81,2.25,1.0,0,3,3,0,0,244.749,8075,1.5625,0,k_max,6.839,24,5,4
adopt,30,0.02,3,4.0,0,4,0.0,False,11430,468,88,114,0.7719,16,10,33,27,4.0741,14,8.4815,4.0,4,3.9259,2.8649,77.352,103.17,5.63,1.148,0,3,3,0,0,244.749,8075,1.4155,0,k_max,7.522,24,5,4
adopt,30,0.02,3,4.0,0,6,0.0,False,12823,542,88,114,0.7719,15,11,33,28,4.2857,15,9.6786,6.0,6,4.0714,6.5722,184.022,204.25,11.89,1.179,0,3,3,0,0,276.473,8075,1.588,0,k_max,8.585,24,5,4
adopt,30,0.02,3,4.0,0,8,0.0,False,12758,544,89,114,0.7807,16,10,33,29,4.5172,15,10.9655,8.0,8,4.3103,13.6507,395.869,416.3,17.93,1.31,0,3,3,0,0,276.473,8075,1.5799,0,k_max,8.754,24,5,4
adopt,30,0.02,3,4.0,0,10,0.0,False,12919,544,87,114,0.7632,15,11,33,29,4.8966,15,12.069,9.9512,10,4.7931,30.7292,891.148,947.65,32.17,1.379,0,2,2,0,0,263.31,8075,1.5999,0,k_max,9.39,24,5,4
selfish,30,0.02,3,4.0,0,6,0.0,False,12977,553,89,114,0.7807,16,10,33,28,3.9643,14,9.0,6.0,6,3.2857,18.8541,527.914,57.69,0.0,1.5,111,1,1,0,0,263.31,8075,1.6071,0,social_laws,7.418,24,5,4
selfish,30,0.02,3,4.0,0,6,0.0,True,11302,492,85,102,0.8333,19,7,33,28,4.2857,13,9.6071,6.0,6,3.9286,27.7368,776.632,39.53,0.0,1.5,120,6,6,0,0,497.738,8429,1.3408,0,social_laws,8.169,26,5,2
greedy_pgp,30,0.02,3,4.0,0,6,0.0,False,12567,544,88,114,0.7719,16,10,33,26,4.3462,15,9.8846,6.0,6,4.1154,5.1409,133.664,76.03,1.69,1.192,18,3,3,0,0,244.623,8075,1.5563,0,social_laws,7.746,24,5,4
greedy_pgp,30,0.02,3,4.0,0,6,0.0,True,11457,484,86,102,0.8431,19,7,33,25,4.56,15,9.76,6.0,6,4.4,4.4527,111.318,48.1,1.64,1.24,18,3,3,0,0,473.725,8429,1.3592,0,social_laws,7.447,26,5,2
adopt,30,0.02,3,4.0,0,6,0.0,False,12823,542,88,114,0.7719,15,11,33,28,4.2857,15,9.6786,6.0,6,4.0714,6.3032,176.491,204.25,11.89,1.179,0,3,3,0,0,244.749,8075,1.588,0,social_laws,8.112,24,5,4
adopt,30,0.02,3,4.0,0,6,0.0,True,11655,484,82,102,0.8039,17,9,33,24,4.375,14,9.7083,6.0,6,4.2083,4.567,109.607,114.9,6.96,1.458,0,3,3,0,0,502.456,8429,1.3827,0,social_laws,7.068,26,5,2
cbs,30,0.02,3,4.0,0,6,0.0,False,12951,546,85,114,0.7456,16,10,33,29,3.0345,10,9.5172,6.2222,10,2.7586,56.6512,1642.884,45.51,5.48,1.379,439,0,0,0,0,274.977,8075,1.6038,0,social_laws,10.539,24,5,4
cbs,30,0.02,3,4.0,0,6,0.0,True,11438,484,84,102,0.8235,18,8,33,26,3.5,9,10.4231,6.5714,10,3.3462,46.695,1214.071,33.06,4.96,1.269,309,0,0,0,0,500.155,8429,1.357,0,social_laws,11.079,26,5,2
full_replan,30,0.02,3,4.0,0,6,0.0,False,10701,462,110,114,0.9649,25,1,33,31,12.7742,29,30.0,30.0,30,12.7742,786.9169,24394.425,58.56,0.0,0.0,930,23,0,0,0,253.697,8075,1.3252,0,social_laws,24.616,24,5,4
full_replan,30,0.02,3,4.0,0,6,0.0,True,11108,513,95,102,0.9314,23,3,33,32,9.9375,28,30.0,30.0,30,9.9375,638.7018,20438.458,22.42,0.0,0.0,960,29,0,0,0,478.698,8429,1.3178,0,social_laws,20.658,26,5,2
adopt,30,0.02,4,0.0,0,6,0.0,False,10462,391,77,102,0.7549,14,11,33,25,4.24,10,9.12,5.8,6,4.08,4.4688,111.72,133.81,6.92,1.28,0,3,6,0,0,243.815,8145,1.2845,0,beta,7.711,25,6,2
adopt,30,0.02,4,1.0,0,6,0.0,False,10466,391,77,102,0.7549,14,11,33,25,3.96,10,9.16,5.8,6,3.8,4.8486,121.216,138.38,7.36,1.28,0,3,6,0,0,246.794,8145,1.285,0,beta,7.706,25,6,2
adopt,30,0.02,4,2.0,0,6,0.0,False,10466,391,77,102,0.7549,14,11,33,25,3.92,10,9.16,5.8,6,3.76,4.5062,112.655,136.16,7.4,1.28,0,3,6,0,0,246.794,8145,1.285,0,beta,7.702,25,6,2
adopt,30,0.02,4,4.0,0,6,0.0,False,10466,391,77,102,0.7549,14,11,33,25,3.84,10,9.2,5.8,6,3.68,4.5784,114.46,138.28,7.48,1.28,0,3,6,0,0,248.844,8145,1.285,0,beta,7.689,25,6,2
adopt,30,0.02,4,10.0,0,6,0.0,False,10466,391,77,102,0.7549,14,11,33,25,3.84,10,9.2,5.8,6,3.68,4.4431,111.078,136.81,7.44,1.28,0,3,6,0,0,248.844,8145,1.285,0,beta,7.703,25,6,2
adopt,30,0.02,4,25.0,0,6,0.0,False,10466,391,77,102,0.7549,14,11,33,25,3.84,10,9.2,5.8,6,3.68,4.5467,113.667,134.78,7.24,1.28,0,3,6,0,0,256.529,8145,1.285,0,beta,7.639,25,6,2
adopt,30,0.02,4,60.0,0,6,0.0,False,10466,391,77,102,0.7549,14,11,33,25,3.84,10,9.2,5.8,6,3.68,4.6163,115.407,134.78,7.24,1.28,0,3,6,0,0,256.529,8145,1.285,0,beta,7.707,25,6,2
adopt,30,0.02,4,4.0,0,6,0.0,False,10466,391,77,102,0.7549,14,11,33,25,3.84,10,9.2,5.8,6,3.68,4.6784,116.959,138.28,7.48,1.28,0,3,6,0,0,240.597,8145,1.285,0,tau,7.698,25,6,2
adopt,30,0.02,4,4.0,2,6,0.0,False,10466,391,77,102,0.7549,14,11,33,25,3.84,10,9.2,5.8,6,3.36,4.8099,120.246,138.28,7.48,1.28,0,3,6,0,0,240.597,8145,1.285,0,tau,7.792,25,6,2
adopt,30,0.02,4,4.0,5,6,0.0,False,10466,391,77,102,0.7549,14,11,33,25,3.84,10,9.2,5.8,6,3.08,4.8014,120.035,138.28,7.48,1.28,0,3,6,0,0,251.265,8145,1.285,0,tau,7.721,25,6,2
adopt,30,0.02,4,4.0,10,6,0.0,False,10466,391,77,102,0.7549,14,11,33,25,3.84,10,9.2,5.8,6,3.0,4.6676,116.691,138.28,7.48,1.28,0,3,6,0,0,251.265,8145,1.285,0,tau,7.804,25,6,2
adopt,30,0.02,4,4.0,25,6,0.0,False,10466,391,77,102,0.7549,14,11,33,25,3.84,10,9.2,5.8,6,3.0,4.6007,115.018,138.28,7.48,1.28,0,3,6,0,0,267.784,8145,1.285,0,tau,7.674,25,6,2
adopt,30,0.02,4,4.0,0,6,0.0,False,10466,391,77,102,0.7549,14,11,33,25,3.84,10,9.2,5.8,6,3.68,4.7453,118.633,138.28,7.48,1.28,0,3,6,0,0,267.784,8145,1.285,0,epsilon,7.884,25,6,2
adopt,30,0.02,4,4.0,0,6,2.0,False,10466,391,77,102,0.7549,14,11,33,25,3.84,10,9.2,5.8,6,3.68,4.7348,118.369,135.03,7.32,1.28,0,3,6,0,0,246.794,8145,1.285,0,epsilon,7.672,25,6,2
adopt,30,0.02,4,4.0,0,6,10.0,False,10470,391,77,102,0.7549,14,11,33,25,3.88,10,9.2,5.8,6,3.72,4.3585,108.963,124.5,6.76,1.28,0,3,6,0,0,246.794,8145,1.2855,0,epsilon,7.782,25,6,2
adopt,30,0.02,4,4.0,0,6,50.0,False,10470,391,77,102,0.7549,14,11,33,25,3.88,10,9.2,5.8,6,3.72,4.4308,110.771,114.0,5.92,1.28,0,3,6,0,0,248.844,8145,1.2855,0,epsilon,7.839,25,6,2
adopt,30,0.02,4,4.0,0,2,0.0,False,10606,391,72,102,0.7059,12,13,33,25,3.4,7,6.48,1.9688,2,3.28,1.0091,25.228,47.91,2.04,1.0,0,3,6,0,0,248.844,8145,1.3021,0,k_max,6.966,25,6,2
adopt,30,0.02,4,4.0,0,4,0.0,False,13133,514,71,102,0.6961,11,14,33,25,3.8,8,8.04,3.931,4,3.64,2.1752,54.379,71.19,4.08,1.16,0,4,7,0,0,256.529,8145,1.6124,0,k_max,8.019,25,6,2
adopt,30,0.02,4,4.0,0,6,0.0,False,10466,391,77,102,0.7549,14,11,33,25,3.84,10,9.2,5.8,6,3.68,4.6572,116.43,138.28,7.48,1.28,0,3,6,0,0,256.529,8145,1.285,0,k_max,7.729,25,6,2
adopt,30,0.02,4,4.0,0,8,0.0,False,12080,501,84,102,0.8235,16,9,33,27,4.3333,10,10.037,7.8421,8,4.1481,10.69,288.63,353.12,17.93,1.519,0,4,7,0,0,240.597,8145,1.4831,0,k_max,8.414,25,6,2
adopt,30,0.02,4,4.0,0,10,0.0,False,10644,400,76,102,0.7451,14,11,33,27,3.7778,10,10.1852,9.1212,10,3.5926,17.1863,464.029,537.74,22.0,1.556,0,4,7,0,0,240.597,8145,1.3068,0,k_max,8.907,25,6,2
selfish,30,0.02,4,4.0,0,6,0.0,False,11018,410,74,102,0.7255,13,12,33,24,4.0417,14,8.4167,5.6829,6,3.4167,98.3924,2361.417,44.77,0.0,1.292,97,5,8,0,0,243.815,8145,1.3527,0,social_laws,10.508,25,6,2
selfish,30,0.02,4,4.0,0,6,0.0,True,14241,576,76,107,0.7103,13,12,33,22,4.4545,17,8.5909,5.825,6,3.9545,17.8162,391.955,47.77,0.0,1.364,98,6,11,0,0,464.737,8474,1.6806,0,social_laws,5.881,24,6,3
greedy_pgp,30,0.02,4,4.0,0,6,0.0,False,10388,391,80,102,0.7843,15,10,33,25,4.08,11,9.24,5.9091,6,3.88,5.4275,135.688,57.22,1.84,1.36,18,4,7,0,0,251.265,8145,1.2754,0,social_laws,7.439,25,6,2
greedy_pgp,30,0.02,4,4.0,0,6,0.0,True,14025,576,76,105,0.7238,14,11,33,21,3.7143,8,8.8095,5.8947,6,3.7143,1.9528,41.01,50.17,1.48,1.333,0,6,10,0,0,484.482,8474,1.6551,0,social_laws,4.935,24,6,3
adopt,30,0.02,4,4.0,0,6,0.0,False,10466,391,77,102,0.7549,14,11,33,25,3.84,10,9.2,5.8,6,3.68,4.6164,115.41,138.28,7.48,1.28,0,3,6,0,0,267.784,8145,1.285,0,social_laws,7.631,25,6,2
adopt,30,0.02,4,4.0,0,6,0.0,True,14137,582,76,105,0.7238,14,11,33,21,3.6667,8,8.8571,5.8947,6,3.6667,3.404,71.484,87.45,5.38,1.333,0,6,10,0,0,445.152,8474,1.6683,0,social_laws,4.933,24,6,3
cbs,30,0.02,4,4.0,0,6,0.0,False,13043,527,76,102,0.7451,14,11,33,25,2.64,6,9.76,6.4419,10,2.48,39.3354,983.385,45.94,3.16,1.52,182,0,0,0,0,246.794,8145,1.6014,0,social_laws,18.586,25,6,2
cbs,30,0.02,4,4.0,0,6,0.0,True,14138,577,71,108,0.6574,13,12,33,22,2.1364,7,8.7273,6.2222,10,2.1364,26.852,590.744,56.77,2.59,1.545,131,1,2,0,0,457.372,8474,1.6684,0,social_laws,6.328,24,6,3
full_replan,30,0.02,4,4.0,0,6,0.0,False,10346,417,91,102,0.8922,20,5,33,28,11.1786,29,30.0,30.0,30,11.1786,4911.5025,137522.07,38.6,0.0,0.0,840,15,0,0,0,248.844,8145,1.2702,0,social_laws,137.709,25,6,2
full_replan,30,0.02,4,4.0,0,6,0.0,True,11274,452,87,108,0.8056,18,7,33,32,8.6875,29,30.0,30.0,30,8.6875,378.3818,12108.217,33.0,0.0,0.0,960,32,0,0,0,435.994,8474,1.3304,0,social_laws,12.3,24,6,3
adopt,30,0.02,5,0.0,0,6,0.0,False,15452,704,112,126,0.8889,21,6,33,30,5.2,17,9.6667,5.9828,6,5.2,6.5313,195.94,220.28,9.87,1.333,0,1,1,0,0,237.834,8281,1.866,0,beta,7.547,24,3,6
adopt,30,0.02,5,1.0,0,6,0.0,False,15330,699,108,126,0.8571,20,7,33,31,4.871,17,9.2581,5.7797,6,4.8387,7.1091,220.381,231.25,10.74,1.29,0,1,1,0,0,237.834,8281,1.8512,0,beta,7.131,24,3,6
adopt,30,0.02,5,2.0,0,6,0.0,False,15335,699,108,126,0.8571,20,7,33,31,4.7742,16,9.129,5.7966,6,4.7419,7.6423,236.912,262.23,12.45,1.29,0,1,1,0,0,278.34,8281,1.8518,0,beta,7.329,24,3,6
adopt,30,0.02,5,4.0,0,6,0.0,False,15335,699,108,126,0.8571,20,7,33,31,4.7097,16,9.129,5.7966,6,4.6774,7.6416,236.891,262.43,12.42,1.29,0,1,1,0,0,278.34,8281,1.8518,0,beta,7.396,24,3,6
adopt,30,0.02,5,10.0,0,6,0.0,False,16322,700,94,126,0.746,17,10,33,30,4.2667,15,9.2667,5.9091,6,4.2667,6.8145,204.435,212.67,9.37,1.2,0,2,2,0,0,267.536,8281,1.971,0,beta,6.858,24,3,6
adopt,30,0.02,5,25.0,0,6,0.0,False,16322,700,94,126,0.746,17,10,33,30,4.2667,15,9.2667,5.9091,6,4.2667,6.5658,196.973,210.28,9.3,1.2,0,2,2,0,0,267.536,8281,1.971,0,beta,6.867,24,3,6
adopt,30,0.02,5,60.0,0,6,0.0,False,16322,700,94,126,0.746,17,10,33,30,4.2667,15,9.2667,5.9091,6,4.2667,6.6815,200.444,215.97,9.63,1.2,0,2,2,0,0,233.844,8281,1.971,0,beta,6.88,24,3,6
adopt,30,0.02,5,4.0,0,6,0.0,False,15335,699,108,126,0.8571,20,7,33,31,4.7097,16,9.129,5.7966,6,4.6774,7.5338,233.548,262.43,12.42,1.29,0,1,1,0,0,233.844,8281,1.8518,0,tau,7.287,24,3,6
adopt,30,0.02,5,4.0,2,6,0.0,False,15335,699,108,126,0.8571,20,7,33,31,4.7097,16,9.129,5.7966,6,4.4194,7.3653,228.324,262.43,12.42,1.29,0,1,1,0,0,252.784,8281,1.8518,0,tau,7.379,24,3,6
adopt,30,0.02,5,4.0,5,6,0.0,False,15335,699,108,126,0.8571,20,7,33,31,4.7097,16,9.129,5.7966,6,4.0,7.715,239.165,262.43,12.42,1.29,0,1,1,0,0,252.784,8281,1.8518,0,tau,7.44,24,3,6
adopt,30,0.02,5,4.0,10,6,0.0,False,15335,699,108,126,0.8571,20,7,33,31,4.7097,16,9.129,5.7966,6,4.0,7.4291,230.303,262.43,12.42,1.29,0,1,1,0,0,242.252,8281,1.8518,0,tau,7.283,24,3,6
adopt,30,0.02,5,4.0,25,6,0.0,False,15335,699,108,126,0.8571,20,7,33,31,4.7097,16,9.129,5.7966,6,4.0,7.9013,244.941,262.43,12.42,1.29,0,1,1,0,0,242.252,8281,1.8518,0,tau,7.423,24,3,6
adopt,30,0.02,5,4.0,0,6,0.0,False,15335,699,108,126,0.8571,20,7,33,31,4.7097,16,9.129,5.7966,6,4.6774,7.9477,246.38,262.43,12.42,1.29,0,1,1,0,0,237.834,8281,1.8518,0,epsilon,7.412,24,3,6
adopt,30,0.02,5,4.0,0,6,2.0,False,15332,699,108,126,0.8571,20,7,33,31,4.7419,16,9.2581,5.7797,6,4.7097,7.017,217.527,232.03,10.81,1.29,0,1,1,0,0,237.834,8281,1.8515,0,epsilon,7.013,24,3,6
adopt,30,0.02,5,4.0,0,6,10.0,False,15332,699,108,126,0.8571,20,7,33,31,4.7419,16,9.2581,5.7797,6,4.7097,6.7004,207.711,212.82,9.26,1.29,0,1,1,0,0,278.34,8281,1.8515,0,epsilon,7.058,24,3,6
adopt,30,0.02,5,4.0,0,6,50.0,False,15332,699,108,126,0.8571,20,7,33,31,4.7419,16,9.2581,5.7797,6,4.7097,6.4327,199.413,205.28,9.06,1.29,0,1,1,0,0,278.34,8281,1.8515,0,epsilon,7.006,24,3,6
adopt,30,0.02,5,4.0,0,2,0.0,False,16047,708,101,126,0.8016,19,8,33,30,4.0333,14,7.2,1.9624,2,4.0333,1.3192,39.576,89.0,2.8,1.0,0,1,1,0,0,267.536,8281,1.9378,0,k_max,6.698,24,3,6
adopt,30,0.02,5,4.0,0,4,0.0,False,15889,698,98,126,0.7778,18,9,33,30,4.0333,14,7.8,3.9714,4,4.0333,2.9921,89.763,120.92,5.7,1.2,0,1,1,0,0,267.536,8281,1.9187,0,k_max,5.947,24,3,6
adopt,30,0.02,5,4.0,0,6,0.0,False,15335,699,108,126,0.8571,20,7,33,31,4.7097,16,9.129,5.7966,6,4.6774,7.6637,237.576,262.43,12.42,1.29,0,1,1,0,0,270.496,8281,1.8518,0,k_max,7.398,24,3,6
adopt,30,0.02,5,4.0,0,8,0.0,False,15660,701,105,126,0.8333,19,8,33,29,4.5172,15,10.3103,7.8409,8,4.4483,14.9686,434.09,482.53,20.21,1.207,0,1,1,0,0,270.496,8281,1.8911,0,k_max,7.462,24,3,6
adopt,30,0.02,5,4.0,0,10,0.0,False,15141,695,107,126,0.8492,20,7,33,31,4.7419,15,11.2581,9.7857,10,4.6774,53.8472,1669.264,1805.9,68.52,1.29,0,1,1,0,0,233.844,8281,1.8284,0,k_max,9.553,24,3,6
selfish,30,0.02,5,4.0,0,6,0.0,False,15227,665,100,126,0.7937,19,8,33,30,4.2667,13,9.1,5.9074,6,3.9,21.8367,655.102,72.1,0.0,1.233,128,2,2,0,0,233.844,8281,1.8388,0,social_laws,7.369,24,3,6
selfish,30,0.02,5,4.0,0,6,0.0,True,13920,554,89,119,0.7479,16,10,33,29,4.2069,13,9.2759,6.0,6,3.7931,19.8061,574.378,64.11,0.0,1.448,122,8,10,0,0,496.529,8586,1.6212,0,social_laws,9.122,24,4,5
greedy_pgp,30,0.02,5,4.0,0,6,0.0,False,16047,700,99,126,0.7857,18,9,33,30,4.4667,15,9.5667,6.0,6,4.4667,6.1838,185.514,95.97,1.7,1.233,24,3,3,0,0,242.252,8281,1.9378,0,social_laws,7.171,24,3,6
greedy_pgp,30,0.02,5,4.0,0,6,0.0,True,15174,628,89,119,0.7479,16,10,33,28,4.1071,13,9.1071,5.7736,6,4.1071,4.5891,128.495,81.16,1.61,1.357,18,5,8,0,0,488.087,8586,1.7673,0,social_laws,9.496,24,4,5
adopt,30,0.02,5,4.0,0,6,0.0,False,15335,699,108,126,0.8571,20,7,33,31,4.7097,16,9.129,5.7966,6,4.6774,7.6139,236.031,262.43,12.42,1.29,0,1,1,0,0,252.784,8281,1.8518,0,social_laws,7.408,24,3,6
adopt,30,0.02,5,4.0,0,6,0.0,True,15473,636,81,118,0.6864,14,12,33,28,3.9643,13,8.9643,5.75,6,3.9643,4.6455,130.073,144.86,7.25,1.5,0,7,10,0,2,464.254,8586,1.8021,0,social_laws,9.416,24,4,5
cbs,30,0.02,5,4.0,0,6,0.0,False,16605,704,97,126,0.7698,17,10,33,30,3.2,11,10.2,6.5,10,3.2,74.1328,2223.985,72.26,7.0,1.167,537,0,0,0,0,237.834,8281,2.0052,0,social_laws,13.412,24,3,6
cbs,30,0.02,5,4.0,0,6,0.0,True,16219,642,83,118,0.7034,13,13,33,28,2.8214,10,9.4643,6.2692,10,2.7857,37.6456,1054.077,62.35,3.25,1.607,216,0,0,0,0,501.824,8586,1.889,0,social_laws,10.887,24,4,5
full_replan,30,0.02,5,4.0,0,6,0.0,False,12008,630,121,125,0.968,26,1,33,33,14.3939,29,30.0,30.0,30,14.3939,1095.1455,36139.801,59.29,0.0,0.0,990,27,0,0,0,267.536,8281,1.4501,0,social_laws,36.439,24,3,6
full_replan,30,0.02,5,4.0,0,6,0.0,True,12617,548,102,118,0.8644,21,5,33,33,10.303,29,30.0,30.0,30,10.303,455.9446,15046.173,51.79,0.0,0.0,990,33,0,0,0,487.873,8586,1.4695,0,social_laws,15.296,24,4,5
adopt,30,0.02,6,0.0,0,6,0.0,False,15993,621,64,96,0.6667,9,12,33,21,7.0476,18,11.1905,5.9608,6,6.9048,7.6486,160.621,196.39,10.19,1.381,0,7,19,0,0,239.427,8014,1.9956,0,beta,6.023,22,10,1
adopt,30,0.02,6,1.0,0,6,0.0,False,18036,688,68,96,0.7083,8,13,33,22,6.3182,18,10.8182,5.8824,6,6.2273,6.9643,153.215,185.03,10.36,1.409,0,6,17,0,0,261.589,8014,2.2506,0,beta,6.03,22,10,1
adopt,30,0.02,6,2.0,0,6,0.0,False,17506,696,69,96,0.7188,10,11,33,23,6.0435,17,10.0,5.7115,6,5.9565,7.5205,172.972,217.36,14.09,1.348,0,6,18,0,0,261.589,8014,2.1844,0,beta,5.951,22,10,1
adopt,30,0.02,6,4.0,0,6,0.0,False,17506,696,69,96,0.7188,10,11,33,23,6.0435,17,10.0,5.7115,6,5.9565,7.731,177.813,219.91,14.26,1.348,0,6,18,0,0,240.559,8014,2.1844,0,beta,5.953,22,10,1
adopt,30,0.02,6,10.0,0,6,0.0,False,17464,694,69,96,0.7188,10,11,33,23,6.087,17,9.9565,5.7451,6,6.0435,6.9524,159.906,202.0,12.96,1.391,0,6,18,0,0,240.559,8014,2.1792,0,beta,5.822,22,10,1
adopt,30,0.02,6,25.0,0,6,0.0,False,17464,694,69,96,0.7188,10,11,33,23,6.087,17,9.9565,5.7451,6,6.0435,6.8625,157.837,201.82,13.04,1.391,0,6,18,0,0,250.553,8014,2.1792,0,beta,5.839,22,10,1
adopt,30,0.02,6,60.0,0,6,0.0,False,17464,694,69,96,0.7188,10,11,33,23,6.087,17,9.9565,5.7451,6,6.0435,7.4983,172.461,219.85,14.57,1.391,0,6,18,0,0,250.553,8014,2.1792,0,beta,5.956,22,10,1
adopt,30,0.02,6,4.0,0,6,0.0,False,17506,696,69,96,0.7188,10,11,33,23,6.0435,17,10.0,5.7115,6,5.9565,7.3938,170.057,219.91,14.26,1.348,0,6,18,0,0,258.548,8014,2.1844,0,tau,5.838,22,10,1
adopt,30,0.02,6,4.0,2,6,0.0,False,17506,696,69,96,0.7188,10,11,33,23,6.0435,17,10.0,5.7115,6,4.6522,7.68,176.639,219.91,14.26,1.348,0,6,18,0,0,258.548,8014,2.1844,0,tau,5.994,22,10,1
adopt,30,0.02,6,4.0,5,6,0.0,False,17506,696,69,96,0.7188,10,11,33,23,6.0435,17,10.0,5.7115,6,4.4783,7.633,175.558,219.91,14.26,1.348,0,6,18,0,0,261.589,8014,2.1844,0,tau,6.152,22,10,1
adopt,30,0.02,6,4.0,10,6,0.0,False,17506,696,69,96,0.7188,10,11,33,23,6.0435,17,10.0,5.7115,6,4.4348,7.7476,178.195,219.91,14.26,1.348,0,6,18,0,0,261.589,8014,2.1844,0,tau,6.032,22,10,1
adopt,30,0.02,6,4.0,25,6,0.0,False,17506,696,69,96,0.7188,10,11,33,23,6.0435,17,10.0,5.7115,6,4.4348,7.6019,174.844,219.91,14.26,1.348,0,6,18,0,0,240.559,8014,2.1844,0,tau,6.171,22,10,1
adopt,30,0.02,6,4.0,0,6,0.0,False,17506,696,69,96,0.7188,10,11,33,23,6.0435,17,10.0,5.7115,6,5.9565,7.3213,168.39,219.91,14.26,1.348,0,6,18,0,0,240.559,8014,2.1844,0,epsilon,5.907,22,10,1
adopt,30,0.02,6,4.0,0,6,2.0,False,17506,696,69,96,0.7188,10,11,33,23,6.0435,17,10.0,5.7115,6,5.9565,6.9766,160.461,203.85,13.0,1.348,0,6,18,0,0,235.11,8014,2.1844,0,epsilon,6.064,22,10,1
adopt,30,0.02,6,4.0,0,6,10.0,False,16278,627,71,96,0.7396,10,11,33,23,6.3043,17,10.3043,5.717,6,6.1739,5.7604,132.49,140.48,7.65,1.435,0,6,20,0,0,235.11,8014,2.0312,0,epsilon,6.143,22,10,1
adopt,30,0.02,6,4.0,0,6,50.0,False,16352,627,69,96,0.7188,9,12,33,22,6.5,17,10.4545,5.84,6,6.3182,5.4946,120.88,132.88,6.68,1.364,0,6,19,0,0,250.553,8014,2.0404,0,epsilon,5.75,22,10,1
adopt,30,0.02,6,4.0,0,2,0.0,False,15435,572,65,96,0.6771,7,14,33,22,5.9545,15,8.9091,1.9538,2,5.9545,1.5925,35.035,58.03,2.86,1.0,0,5,16,0,0,250.553,8014,1.926,0,k_max,6.728,22,10,1
adopt,30,0.02,6,4.0,0,4,0.0,False,13396,507,65,96,0.6771,10,11,33,24,6.0417,17,9.4583,3.9865,4,5.9583,3.4227,82.144,102.62,6.58,1.333,0,5,16,0,0,258.548,8014,1.6716,0,k_max,6.063,22,10,1
adopt,30,0.02,6,4.0,0,6,0.0,False,17506,696,69,96,0.7188,10,11,33,23,6.0435,17,10.0,5.7115,6,5.9565,7.6262,175.402,219.91,14.26,1.348,0,6,18,0,0,258.548,8014,2.1844,0,k_max,6.066,22,10,1
adopt,30,0.02,6,4.0,0,8,0.0,False,16346,627,66,96,0.6875,9,12,33,22,6.5,15,10.9545,7.575,8,6.4091,10.8152,237.935,295.81,13.55,1.545,0,5,18,0,0,239.427,8014,2.0397,0,k_max,6.121,22,10,1
adopt,30,0.02,6,4.0,0,10,0.0,False,14990,575,66,96,0.6875,9,12,33,22,6.6818,16,12.5909,9.3514,10,6.5,27.8409,612.499,805.75,31.27,1.773,0,5,16,0,0,239.427,8014,1.8705,0,k_max,6.774,22,10,1
selfish,30,0.02,6,4.0,0,6,0.0,False,13478,504,65,96,0.6771,10,11,33,23,5.8261,15,10.5217,5.9057,6,5.5217,25.5178,586.91,42.0,0.0,1.435,134,5,18,0,0,261.589,8014,1.6818,0,social_laws,6.664,22,10,1
selfish,30,0.02,6,4.0,0,6,0.0,True,14773,626,69,94,0.734,12,9,33,25,5.28,16,10.04,5.9423,6,4.84,28.6834,717.086,23.86,0.0,1.32,132,4,7,0,0,458.832,8347,1.7699,0,social_laws,9.626,22,10,1
greedy_pgp,30,0.02,6,4.0,0,6,0.0,False,17387,687,73,96,0.7604,10,11,33,23,6.2174,17,10.7391,5.8491,6,6.1739,6.0284,138.653,55.09,1.91,1.478,18,5,16,0,0,240.559,8014,2.1696,0,social_laws,6.136,22,10,1
greedy_pgp,30,0.02,6,4.0,0,6,0.0,True,13234,552,73,93,0.7849,14,7,33,25,5.24,16,9.68,6.0,6,4.96,3.9004,97.51,35.31,1.56,1.16,12,3,6,0,0,482.494,8347,1.5855,0,social_laws,8.503,22,10,1
adopt,30,0.02,6,4.0,0,6,0.0,False,17506,696,69,96,0.7188,10,11,33,23,6.0435,17,10.0,5.7115,6,5.9565,7.4114,170.462,219.91,14.26,1.348,0,6,18,0,0,235.11,8014,2.1844,0,social_laws,5.929,22,10,1
adopt,30,0.02,6,4.0,0,6,0.0,True,13236,552,73,93,0.7849,14,7,33,25,5.16,16,9.44,5.9167,6,4.88,4.3581,108.952,100.94,6.4,1.16,0,3,6,0,0,514.247,8347,1.5857,0,social_laws,8.448,22,10,1
cbs,30,0.02,6,4.0,0,6,0.0,False,15235,571,61,96,0.6354,7,14,33,22,3.8636,13,10.8636,6.449,10,3.6818,68.3318,1503.3,37.19,4.86,1.591,347,1,1,0,0,250.553,8014,1.901,0,social_laws,9.377,22,10,1
cbs,30,0.02,6,4.0,0,6,0.0,True,13239,552,69,93,0.7419,13,8,33,25,4.28,13,9.96,6.3469,10,3.88,96.2718,2406.796,19.14,6.0,1.32,456,1,2,1,0,466.034,8347,1.5861,0,social_laws,13.02,22,10,1
full_replan,30,0.02,6,4.0,0,6,0.0,False,17064,690,70,96,0.7292,12,9,33,32,9.0625,30,30.0,30.0,30,9.0625,277.8904,8892.494,27.76,0.0,0.0,960,26,0,0,0,258.548,8014,2.1293,0,social_laws,9.123,22,10,1
full_replan,30,0.02,6,4.0,0,6,0.0,True,12842,603,89,95,0.9368,19,2,33,32,11.5,30,30.0,30.0,30,11.5,326.004,10432.13,21.43,0.0,0.0,960,17,0,0,0,476.956,8347,1.5385,0,social_laws,10.658,22,10,1
adopt,30,0.02,7,0.0,0,6,0.0,False,12532,477,52,109,0.4771,8,21,33,23,5.1739,19,8.5652,5.5227,6,5.0,5.1222,117.812,159.39,6.74,1.478,0,6,20,0,0,254.716,7780,1.6108,0,beta,4.815,28,1,4
adopt,30,0.02,7,1.0,0,6,0.0,False,11914,449,57,107,0.5327,10,19,33,22,5.5455,17,8.7727,5.878,6,5.3182,6.0383,132.843,199.3,10.0,1.273,0,5,19,0,0,254.716,7780,1.5314,0,beta,5.408,28,1,4
adopt,30,0.02,7,2.0,0,6,0.0,False,12937,495,54,107,0.5047,9,20,33,23,5.0,17,8.5217,5.6512,6,4.8261,6.5811,151.366,208.75,11.48,1.391,0,7,22,0,0,243.146,7780,1.6629,0,beta,4.737,28,1,4
adopt,30,0.02,7,4.0,0,6,0.0,False,12229,477,55,104,0.5288,11,18,33,23,4.5217,17,7.8696,5.561,6,4.3913,4.7369,108.949,130.18,7.35,1.478,0,5,20,0,0,243.146,7780,1.5719,0,beta,4.42,28,1,4
adopt,30,0.02,7,10.0,0,6,0.0,False,12260,477,55,104,0.5288,11,18,33,23,4.4348,17,8.2174,5.7561,6,4.3043,4.8417,111.358,129.11,7.39,1.696,0,5,20,0,0,241.545,7780,1.5758,0,beta,4.593,28,1,4
adopt,30,0.02,7,25.0,0,6,0.0,False,12260,477,55,104,0.5288,11,18,33,23,4.4348,17,8.2174,5.7561,6,4.3043,4.9982,114.958,130.18,7.48,1.696,0,5,20,0,0,241.545,7780,1.5758,0,beta,4.599,28,1,4
adopt,30,0.02,7,60.0,0,6,0.0,False,12260,477,55,104,0.5288,11,18,33,23,4.4348,17,8.2174,5.7561,6,4.3043,4.8016,110.438,130.18,7.48,1.696,0,5,20,0,0,254.716,7780,1.5758,0,beta,4.44,28,1,4
adopt,30,0.02,7,4.0,0,6,0.0,False,12229,477,55,104,0.5288,11,18,33,23,4.5217,17,7.8696,5.561,6,4.3913,4.8412,111.347,130.18,7.35,1.478,0,5,20,0,0,254.716,7780,1.5719,0,tau,4.536,28,1,4
adopt,30,0.02,7,4.0,2,6,0.0,False,12229,477,55,104,0.5288,11,18,33,23,4.5217,17,7.8696,5.561,6,3.6957,4.7096,108.32,130.18,7.35,1.478,0,5,20,0,0,243.146,7780,1.5719,0,tau,4.546,28,1,4
adopt,30,0.02,7,4.0,5,6,0.0,False,12229,477,55,104,0.5288,11,18,33,23,4.5217,17,7.8696,5.561,6,3.0435,4.8005,110.411,130.18,7.35,1.478,0,5,20,0,0,243.146,7780,1.5719,0,tau,4.525,28,1,4
adopt,30,0.02,7,4.0,10,6,0.0,False,12229,477,55,104,0.5288,11,18,33,23,4.5217,17,7.8696,5.561,6,3.0,4.6831,107.712,130.18,7.35,1.478,0,5,20,0,0,239.965,7780,1.5719,0,tau,4.522,28,1,4
adopt,30,0.02,7,4.0,25,6,0.0,False,12229,477,55,104,0.5288,11,18,33,23,4.5217,17,7.8696,5.561,6,3.0,4.7171,108.493,130.18,7.35,1.478,0,5,20,0,0,239.965,7780,1.5719,0,tau,4.565,28,1,4
adopt,30,0.02,7,4.0,0,6,0.0,False,12229,477,55,104,0.5288,11,18,33,23,4.5217,17,7.8696,5.561,6,4.3913,4.7287,108.761,130.18,7.35,1.478,0,5,20,0,0,253.389,7780,1.5719,0,epsilon,4.584,28,1,4
adopt,30,0.02,7,4.0,0,6,2.0,False,12229,477,55,104,0.5288,11,18,33,23,4.5217,17,7.8696,5.561,6,4.3913,4.6531,107.02,122.54,6.65,1.478,0,5,20,0,0,253.389,7780,1.5719,0,epsilon,4.46,28,1,4
adopt,30,0.02,7,4.0,0,6,10.0,False,12160,473,53,105,0.5048,11,18,33,23,4.2609,17,7.8261,5.55,6,4.1304,4.0127,92.292,104.29,5.65,1.522,0,5,19,0,0,247.295,7780,1.563,0,epsilon,4.625,28,1,4
adopt,30,0.02,7,4.0,0,6,50.0,False,12094,473,52,103,0.5049,11,18,33,23,3.9565,17,8.0,5.65,6,3.8261,4.0038,92.088,99.78,4.65,1.609,0,4,18,0,0,247.295,7780,1.5545,0,epsilon,4.23,28,1,4
adopt,30,0.02,7,4.0,0,2,0.0,False,12568,494,55,106,0.5189,11,18,33,23,4.3913,18,6.5217,1.949,2,4.2609,1.1737,26.996,46.21,2.7,1.0,0,5,20,0,0,244.022,7780,1.6154,0,k_max,4.608,28,1,4
adopt,30,0.02,7,4.0,0,4,0.0,False,12562,493,55,105,0.5238,11,18,33,24,4.2083,16,7.125,3.9259,4,4.0833,2.3234,55.761,70.48,4.79,1.333,0,4,19,0,0,244.022,7780,1.6147,0,k_max,3.976,28,1,4
adopt,30,0.02,7,4.0,0,6,0.0,False,12229,477,55,104,0.5288,11,18,33,23,4.5217,17,7.8696,5.561,6,4.3913,4.8558,111.684,130.18,7.35,1.478,0,5,20,0,0,241.545,7780,1.5719,0,k_max,4.537,28,1,4
adopt,30,0.02,7,4.0,0,8,0.0,False,12324,481,55,108,0.5093,11,18,33,24,4.4583,17,8.3333,6.8529,8,4.3333,10.3922,249.414,347.76,16.12,1.375,0,5,20,0,0,241.545,7780,1.5841,0,k_max,4.213,28,1,4
adopt,30,0.02,7,4.0,0,10,0.0,False,11928,456,58,107,0.5421,11,18,33,23,5.7391,18,10.6522,8.8788,10,5.6087,41.0121,943.277,1359.64,41.7,1.913,0,6,21,0,0,254.716,7780,1.5332,0,k_max,6.482,28,1,4
selfish,30,0.02,7,4.0,0,6,0.0,False,11425,436,53,106,0.5,10,19,33,22,4.2727,16,8.3182,5.6,6,4.0909,17.7441,390.37,34.19,0.0,1.5,94,5,22,0,0,254.716,7780,1.4685,0,social_laws,4.709,28,1,4
selfish,30,0.02,7,4.0,0,6,0.0,True,14459,627,63,105,0.6,14,14,33,20,3.5,13,7.15,5.4375,6,3.25,17.5448,350.895,32.32,0.0,1.55,70,6,14,0,0,490.203,8150,1.7741,0,social_laws,4.712,28,2,3
greedy_pgp,30,0.02,7,4.0,0,6,0.0,False,12229,477,55,104,0.5288,11,18,33,23,4.5217,17,7.8696,5.561,6,4.3913,2.3905,54.981,32.25,1.61,1.478,6,6,21,0,0,243.146,7780,1.5719,0,social_laws,4.403,28,1,4
greedy_pgp,30,0.02,7,4.0,0,6,0.0,True,15012,639,65,104,0.625,14,14,33,20,3.5,13,7.55,5.5625,6,3.45,3.0998,61.996,53.36,1.5,1.4,6,5,13,0,0,488.938,8150,1.842,0,social_laws,4.672,28,2,3
adopt,30,0.02,7,4.0,0,6,0.0,False,12229,477,55,104,0.5288,11,18,33,23,4.5217,17,7.8696,5.561,6,4.3913,4.7652,109.599,130.18,7.35,1.478,0,5,20,0,0,239.965,7780,1.5719,0,social_laws,4.452,28,1,4
adopt,30,0.02,7,4.0,0,6,0.0,True,14808,627,65,104,0.625,14,14,33,20,3.45,13,7.95,5.8125,6,3.35,5.0018,100.035,157.24,8.7,1.5,0,5,13,0,0,480.122,8150,1.8169,0,social_laws,4.73,28,2,3
cbs,30,0.02,7,4.0,0,6,0.0,False,11691,440,49,111,0.4414,10,19,33,24,2.875,16,8.8333,6.4773,10,2.8333,82.8397,1988.152,44.14,9.21,1.667,558,3,8,2,0,239.762,7780,1.5027,0,social_laws,8.999,28,1,4
cbs,30,0.02,7,4.0,0,6,0.0,True,15505,627,58,105,0.5524,12,16,33,19,1.8421,8,9.1053,7.0667,10,1.7895,28.9938,550.883,46.54,2.32,2.0,99,1,3,1,0,492.642,8150,1.9025,0,social_laws,7.222,28,2,3
full_replan,30,0.02,7,4.0,0,6,0.0,False,11869,457,55,113,0.4867,11,18,33,32,6.9688,30,30.0,30.0,30,6.9688,221.0573,7073.834,37.54,0.0,0.0,960,31,0,0,0,253.389,7780,1.5256,0,social_laws,7.27,28,1,4
full_replan,30,0.02,7,4.0,0,6,0.0,True,12671,594,71,104,0.6827,19,9,33,31,7.0645,30,30.0,30.0,30,7.0645,379.3159,11758.792,27.69,0.0,0.0,930,31,0,0,0,503.01,8150,1.5547,0,social_laws,11.962,28,2,3
adopt,30,0.02,8,0.0,0,6,0.0,False,11918,473,93,115,0.8087,17,11,33,26,4.6154,15,9.7308,5.82,6,4.4615,5.2069,135.381,186.33,8.31,1.308,0,0,0,0,0,218.906,7989,1.4918,0,beta,6.289,26,2,5
adopt,30,0.02,8,1.0,0,6,0.0,False,11927,473,93,115,0.8087,17,11,33,26,4.5,15,9.6538,5.898,6,4.3077,5.2869,137.46,195.73,8.92,1.231,0,0,0,0,0,244.256,7989,1.4929,0,beta,6.233,26,2,5
adopt,30,0.02,8,2.0,0,6,0.0,False,11927,473,93,115,0.8087,17,11,33,26,4.5,15,9.6538,5.898,6,4.3077,5.5798,145.074,201.42,9.42,1.231,0,0,0,0,0,244.256,7989,1.4929,0,beta,6.206,26,2,5
adopt,30,0.02,8,4.0,0,6,0.0,False,12928,563,92,115,0.8,18,10,33,27,4.3333,12,9.1852,5.8571,6,4.1481,5.42,146.341,180.32,9.59,1.259,0,0,0,0,0,228.219,7989,1.6182,0,beta,6.268,26,2,5
adopt,30,0.02,8,10.0,0,6,0.0,False,12926,563,92,115,0.8,18,10,33,27,4.3333,12,9.1852,5.8571,6,4.1481,5.3858,145.417,179.85,9.67,1.259,0,0,0,0,0,228.219,7989,1.618,0,beta,6.119,26,2,5
adopt,30,0.02,8,25.0,0,6,0.0,False,12926,563,92,115,0.8,18,10,33,27,4.3333,12,9.1852,5.8571,6,4.1481,5.4166,146.249,179.85,9.67,1.259,0,0,0,0,0,229.74,7989,1.618,0,beta,6.303,26,2,5
adopt,30,0.02,8,60.0,0,6,0.0,False,12926,563,92,115,0.8,18,10,33,27,4.3333,12,9.1852,5.8571,6,4.1481,5.6513,152.584,182.82,9.89,1.259,0,0,0,0,0,229.74,7989,1.618,0,beta,6.21,26,2,5
adopt,30,0.02,8,4.0,0,6,0.0,False,12928,563,92,115,0.8,18,10,33,27,4.3333,12,9.1852,5.8571,6,4.1481,5.3119,143.422,180.32,9.59,1.259,0,0,0,0,0,221.224,7989,1.6182,0,tau,6.21,26,2,5
adopt,30,0.02,8,4.0,2,6,0.0,False,12928,563,92,115,0.8,18,10,33,27,4.3333,12,9.1852,5.8571,6,3.6296,5.2457,141.635,180.32,9.59,1.259,0,0,0,0,0,221.224,7989,1.6182,0,tau,6.141,26,2,5
adopt,30,0.02,8,4.0,5,6,0.0,False,12928,563,92,115,0.8,18,10,33,27,4.3333,12,9.1852,5.8571,6,3.1852,5.3734,145.081,180.32,9.59,1.259,0,0,0,0,0,243.225,7989,1.6182,0,tau,6.075,26,2,5
adopt,30,0.02,8,4.0,10,6,0.0,False,12928,563,92,115,0.8,18,10,33,27,4.3333,12,9.1852,5.8571,6,3.1852,5.3481,144.398,180.32,9.59,1.259,0,0,0,0,0,243.225,7989,1.6182,0,tau,6.224,26,2,5
adopt,30,0.02,8,4.0,25,6,0.0,False,12928,563,92,115,0.8,18,10,33,27,4.3333,12,9.1852,5.8571,6,3.1852,5.1969,140.317,180.32,9.59,1.259,0,0,0,0,0,247.79,7989,1.6182,0,tau,6.157,26,2,5
adopt,30,0.02,8,4.0,0,6,0.0,False,12928,563,92,115,0.8,18,10,33,27,4.3333,12,9.1852,5.8571,6,4.1481,5.4648,147.549,180.32,9.59,1.259,0,0,0,0,0,247.79,7989,1.6182,0,epsilon,6.13,26,2,5
adopt,30,0.02,8,4.0,0,6,2.0,False,12928,563,92,115,0.8,18,10,33,27,4.3333,12,9.1852,5.8571,6,4.1481,4.9646,134.045,172.29,9.0,1.259,0,0,0,0,0,225.638,7989,1.6182,0,epsilon,6.139,26,2,5
adopt,30,0.02,8,4.0,0,6,10.0,False,12930,563,92,115,0.8,18,10,33,27,4.4815,12,9.2593,5.898,6,4.2963,4.6352,125.149,155.18,7.41,1.222,0,0,0,0,0,225.638,7989,1.6185,0,epsilon,6.195,26,2,5
adopt,30,0.02,8,4.0,0,6,50.0,False,12930,563,92,115,0.8,18,10,33,27,4.4815,12,9.2593,5.898,6,4.2963,4.5445,122.702,143.91,6.74,1.222,0,0,0,0,0,244.256,7989,1.6185,0,epsilon,6.154,26,2,5
adopt,30,0.02,8,4.0,0,2,0.0,False,12871,563,86,115,0.7478,18,10,33,26,3.9231,12,7.3077,1.9496,2,3.7308,1.2135,31.55,71.52,2.42,1.0,0,0,0,0,0,244.256,7989,1.6111,0,k_max,5.884,26,2,5
adopt,30,0.02,8,4.0,0,4,0.0,False,13066,563,86,115,0.7478,17,11,33,25,4.24,13,8.36,3.873,4,4.0,2.4192,60.48,99.31,4.32,1.12,0,0,0,0,0,228.219,7989,1.6355,0,k_max,5.369,26,2,5
adopt,30,0.02,8,4.0,0,6,0.0,False,12928,563,92,115,0.8,18,10,33,27,4.3333,12,9.1852,5.8571,6,4.1481,5.3154,143.516,180.32,9.59,1.259,0,0,0,0,0,228.219,7989,1.6182,0,k_max,6.15,26,2,5
adopt,30,0.02,8,4.0,0,8,0.0,False,13053,563,81,115,0.7043,17,11,33,26,4.4615,13,10.6154,7.6829,8,4.3462,9.8364,255.747,311.88,12.88,1.5,0,0,0,0,0,218.906,7989,1.6339,0,k_max,6.815,26,2,5
adopt,30,0.02,8,4.0,0,10,0.0,False,12467,564,95,115,0.8261,20,8,33,27,4.7778,15,11.6667,9.5789,10,4.5556,16.9814,458.499,535.94,19.7,1.519,0,1,1,0,0,218.906,7989,1.5605,0,k_max,6.981,26,2,5
selfish,30,0.02,8,4.0,0,6,0.0,False,12575,566,97,115,0.8435,22,6,33,27,4.5556,12,9.2222,5.7059,6,3.963,19.8348,535.54,62.12,0.0,1.222,123,1,1,0,0,229.74,7989,1.574,0,social_laws,7.113,26,2,5
selfish,30,0.02,8,4.0,0,6,0.0,True,16649,675,85,126,0.6746,10,17,33,24,5.3333,13,10.375,6.0,6,4.6667,28.7236,689.366,96.06,0.0,1.083,128,13,16,0,0,447.164,8358,1.992,0,social_laws,9.362,24,3,6
greedy_pgp,30,0.02,8,4.0,0,6,0.0,False,12920,561,92,115,0.8,18,10,33,27,4.4815,12,9.2593,5.8571,6,4.3333,4.4464,120.053,74.79,1.78,1.111,18,0,0,0,0,221.224,7989,1.6172,0,social_laws,5.983,26,2,5
greedy_pgp,30,0.02,8,4.0,0,6,0.0,True,16202,634,84,126,0.6667,10,17,33,24,4.3333,14,10.2083,6.0,6,4.25,5.3765,129.037,93.48,1.75,1.167,18,9,12,0,0,489.773,8358,1.9385,0,social_laws,7.163,24,3,6
adopt,30,0.02,8,4.0,0,6,0.0,False,12928,563,92,115,0.8,18,10,33,27,4.3333,12,9.1852,5.8571,6,4.1481,5.4221,146.396,180.32,9.59,1.259,0,0,0,0,0,243.225,7989,1.6182,0,social_laws,6.149,26,2,5
adopt,30,0.02,8,4.0,0,6,0.0,True,16422,634,83,126,0.6587,9,18,33,24,4.2917,13,10.2083,6.0,6,4.2083,6.4913,155.79,212.58,8.33,1.208,0,9,13,0,0,459.329,8358,1.9648,0,social_laws,7.11,24,3,6
cbs,30,0.02,8,4.0,0,6,0.0,False,12873,568,90,114,0.7895,19,9,33,27,3.2593,13,9.963,6.24,10,3.1111,71.4343,1928.727,63.52,5.44,1.519,387,0,0,0,0,247.79,7989,1.6113,0,social_laws,9.451,26,2,5
cbs,30,0.02,8,4.0,0,6,0.0,True,16339,656,84,126,0.6667,11,16,33,24,2.4583,7,11.125,6.898,10,2.4167,49.0908,1178.179,82.06,4.25,1.333,258,1,1,0,0,465.968,8358,1.9549,0,social_laws,12.924,24,3,6
full_replan,30,0.02,8,4.0,0,6,0.0,False,10696,593,113,115,0.9826,28,0,33,31,13.2258,30,30.0,30.0,30,13.2258,107.8644,3343.797,54.39,0.0,0.0,930,0,0,0,0,225.638,7989,1.3388,0,social_laws,3.567,26,2,5
full_replan,30,0.02,8,4.0,0,6,0.0,True,14703,665,98,126,0.7778,17,10,33,32,11.9688,30,30.0,30.0,30,11.9688,559.3099,17897.916,64.8,0.0,0.0,960,32,0,0,0,465.678,8358,1.7592,0,social_laws,18.167,24,3,6
selfish,20,0.0,1,4.0,0,6,0.0,False,5301,384,60,60,1.0,20,0,0,0,0.0,0,0.0,0.0,0,0.0,0.0,0,0.0,0.0,0.0,0,0,0,0,0,187.355,5301,1.0,0,main,0.014,,,
selfish,20,0.0,2,4.0,0,6,0.0,False,5034,368,60,60,1.0,20,0,0,0,0.0,0,0.0,0.0,0,0.0,0.0,0,0.0,0.0,0.0,0,0,0,0,0,148.488,5034,1.0,0,main,0.014,,,
selfish,20,0.0,3,4.0,0,6,0.0,False,5114,360,60,60,1.0,20,0,0,0,0.0,0,0.0,0.0,0,0.0,0.0,0,0.0,0.0,0.0,0,0,0,0,0,142.532,5114,1.0,0,main,0.014,,,
selfish,20,0.0,4,4.0,0,6,0.0,False,4885,400,60,60,1.0,20,0,0,0,0.0,0,0.0,0.0,0,0.0,0.0,0,0.0,0.0,0.0,0,0,0,0,0,142.471,4885,1.0,0,main,0.012,,,
selfish,20,0.0,5,4.0,0,6,0.0,False,5256,376,60,60,1.0,20,0,0,0,0.0,0,0.0,0.0,0,0.0,0.0,0,0.0,0.0,0.0,0,0,0,0,0,165.694,5256,1.0,0,main,0.013,,,
selfish,20,0.0,6,4.0,0,6,0.0,False,5454,352,60,60,1.0,20,0,0,0,0.0,0,0.0,0.0,0,0.0,0.0,0,0.0,0.0,0.0,0,0,0,0,0,143.93,5454,1.0,0,main,0.014,,,
selfish,20,0.0,7,4.0,0,6,0.0,False,5093,352,60,60,1.0,20,0,0,0,0.0,0,0.0,0.0,0,0.0,0.0,0,0.0,0.0,0.0,0,0,0,0,0,145.767,5093,1.0,0,main,0.014,,,
selfish,20,0.0,8,4.0,0,6,0.0,False,5592,436,60,60,1.0,20,0,0,0,0.0,0,0.0,0.0,0,0.0,0.0,0,0.0,0.0,0.0,0,0,0,0,0,178.851,5592,1.0,0,main,0.015,,,
selfish,20,0.0,9,4.0,0,6,0.0,False,4708,326,60,60,1.0,20,0,0,0,0.0,0,0.0,0.0,0,0.0,0.0,0,0.0,0.0,0.0,0,0,0,0,0,133.962,4708,1.0,0,main,0.011,,,
selfish,20,0.0,10,4.0,0,6,0.0,False,5534,378,60,60,1.0,20,0,0,0,0.0,0,0.0,0.0,0,0.0,0.0,0,0.0,0.0,0.0,0,0,0,0,0,161.101,5534,1.0,0,main,0.015,,,
selfish,20,0.0,11,4.0,0,6,0.0,False,5052,348,60,60,1.0,20,0,0,0,0.0,0,0.0,0.0,0,0.0,0.0,0,0.0,0.0,0.0,0,0,0,0,0,156.906,5052,1.0,0,main,0.011,,,
selfish,20,0.0,12,4.0,0,6,0.0,False,5331,372,60,60,1.0,20,0,0,0,0.0,0,0.0,0.0,0,0.0,0.0,0,0.0,0.0,0.0,0,0,0,0,0,142.581,5331,1.0,0,main,0.013,,,
greedy_pgp,20,0.0,1,4.0,0,6,0.0,False,5301,384,60,60,1.0,20,0,0,0,0.0,0,0.0,0.0,0,0.0,0.0,0,0.0,0.0,0.0,0,0,0,0,0,167.622,5301,1.0,0,main,0.013,,,
greedy_pgp,20,0.0,2,4.0,0,6,0.0,False,5034,368,60,60,1.0,20,0,0,0,0.0,0,0.0,0.0,0,0.0,0.0,0,0.0,0.0,0.0,0,0,0,0,0,142.179,5034,1.0,0,main,0.012,,,
greedy_pgp,20,0.0,3,4.0,0,6,0.0,False,5114,360,60,60,1.0,20,0,0,0,0.0,0,0.0,0.0,0,0.0,0.0,0,0.0,0.0,0.0,0,0,0,0,0,142.532,5114,1.0,0,main,0.012,,,
greedy_pgp,20,0.0,4,4.0,0,6,0.0,False,4885,400,60,60,1.0,20,0,0,0,0.0,0,0.0,0.0,0,0.0,0.0,0,0.0,0.0,0.0,0,0,0,0,0,142.471,4885,1.0,0,main,0.012,,,
greedy_pgp,20,0.0,5,4.0,0,6,0.0,False,5256,376,60,60,1.0,20,0,0,0,0.0,0,0.0,0.0,0,0.0,0.0,0,0.0,0.0,0.0,0,0,0,0,0,174.459,5256,1.0,0,main,0.014,,,
greedy_pgp,20,0.0,6,4.0,0,6,0.0,False,5454,352,60,60,1.0,20,0,0,0,0.0,0,0.0,0.0,0,0.0,0.0,0,0.0,0.0,0.0,0,0,0,0,0,154.613,5454,1.0,0,main,0.014,,,
greedy_pgp,20,0.0,7,4.0,0,6,0.0,False,5093,352,60,60,1.0,20,0,0,0,0.0,0,0.0,0.0,0,0.0,0.0,0,0.0,0.0,0.0,0,0,0,0,0,135.69,5093,1.0,0,main,0.011,,,
greedy_pgp,20,0.0,8,4.0,0,6,0.0,False,5592,436,60,60,1.0,20,0,0,0,0.0,0,0.0,0.0,0,0.0,0.0,0,0.0,0.0,0.0,0,0,0,0,0,175.447,5592,1.0,0,main,0.016,,,
greedy_pgp,20,0.0,9,4.0,0,6,0.0,False,4708,326,60,60,1.0,20,0,0,0,0.0,0,0.0,0.0,0,0.0,0.0,0,0.0,0.0,0.0,0,0,0,0,0,154.989,4708,1.0,0,main,0.012,,,
greedy_pgp,20,0.0,10,4.0,0,6,0.0,False,5534,378,60,60,1.0,20,0,0,0,0.0,0,0.0,0.0,0,0.0,0.0,0,0.0,0.0,0.0,0,0,0,0,0,149.191,5534,1.0,0,main,0.009,,,
greedy_pgp,20,0.0,11,4.0,0,6,0.0,False,5052,348,60,60,1.0,20,0,0,0,0.0,0,0.0,0.0,0,0.0,0.0,0,0.0,0.0,0.0,0,0,0,0,0,166.213,5052,1.0,0,main,0.012,,,
greedy_pgp,20,0.0,12,4.0,0,6,0.0,False,5331,372,60,60,1.0,20,0,0,0,0.0,0,0.0,0.0,0,0.0,0.0,0,0.0,0.0,0.0,0,0,0,0,0,147.268,5331,1.0,0,main,0.014,,,
adopt,20,0.0,1,4.0,0,6,0.0,False,5301,384,60,60,1.0,20,0,0,0,0.0,0,0.0,0.0,0,0.0,0.0,0,0.0,0.0,0.0,0,0,0,0,0,187.355,5301,1.0,0,main,0.015,,,
adopt,20,0.0,2,4.0,0,6,0.0,False,5034,368,60,60,1.0,20,0,0,0,0.0,0,0.0,0.0,0,0.0,0.0,0,0.0,0.0,0.0,0,0,0,0,0,148.488,5034,1.0,0,main,0.014,,,
adopt,20,0.0,3,4.0,0,6,0.0,False,5114,360,60,60,1.0,20,0,0,0,0.0,0,0.0,0.0,0,0.0,0.0,0,0.0,0.0,0.0,0,0,0,0,0,142.532,5114,1.0,0,main,0.014,,,
adopt,20,0.0,4,4.0,0,6,0.0,False,4885,400,60,60,1.0,20,0,0,0,0.0,0,0.0,0.0,0,0.0,0.0,0,0.0,0.0,0.0,0,0,0,0,0,142.471,4885,1.0,0,main,0.014,,,
adopt,20,0.0,5,4.0,0,6,0.0,False,5256,376,60,60,1.0,20,0,0,0,0.0,0,0.0,0.0,0,0.0,0.0,0,0.0,0.0,0.0,0,0,0,0,0,174.459,5256,1.0,0,main,0.014,,,
adopt,20,0.0,6,4.0,0,6,0.0,False,5454,352,60,60,1.0,20,0,0,0,0.0,0,0.0,0.0,0,0.0,0.0,0,0.0,0.0,0.0,0,0,0,0,0,154.613,5454,1.0,0,main,0.013,,,
adopt,20,0.0,7,4.0,0,6,0.0,False,5093,352,60,60,1.0,20,0,0,0,0.0,0,0.0,0.0,0,0.0,0.0,0,0.0,0.0,0.0,0,0,0,0,0,145.767,5093,1.0,0,main,0.014,,,
adopt,20,0.0,8,4.0,0,6,0.0,False,5592,436,60,60,1.0,20,0,0,0,0.0,0,0.0,0.0,0,0.0,0.0,0,0.0,0.0,0.0,0,0,0,0,0,178.851,5592,1.0,0,main,0.015,,,
adopt,20,0.0,9,4.0,0,6,0.0,False,4708,326,60,60,1.0,20,0,0,0,0.0,0,0.0,0.0,0,0.0,0.0,0,0.0,0.0,0.0,0,0,0,0,0,154.989,4708,1.0,0,main,0.009,,,
adopt,20,0.0,10,4.0,0,6,0.0,False,5534,378,60,60,1.0,20,0,0,0,0.0,0,0.0,0.0,0,0.0,0.0,0,0.0,0.0,0.0,0,0,0,0,0,149.191,5534,1.0,0,main,0.013,,,
adopt,20,0.0,11,4.0,0,6,0.0,False,5052,348,60,60,1.0,20,0,0,0,0.0,0,0.0,0.0,0,0.0,0.0,0,0.0,0.0,0.0,0,0,0,0,0,156.906,5052,1.0,0,main,0.012,,,
adopt,20,0.0,12,4.0,0,6,0.0,False,5331,372,60,60,1.0,20,0,0,0,0.0,0,0.0,0.0,0,0.0,0.0,0,0.0,0.0,0.0,0,0,0,0,0,142.581,5331,1.0,0,main,0.013,,,
cbs,20,0.0,1,4.0,0,6,0.0,False,5301,384,60,60,1.0,20,0,0,0,0.0,0,0.0,0.0,0,0.0,0.0,0,0.0,0.0,0.0,0,0,0,0,0,167.622,5301,1.0,0,main,0.014,,,
cbs,20,0.0,2,4.0,0,6,0.0,False,5034,368,60,60,1.0,20,0,0,0,0.0,0,0.0,0.0,0,0.0,0.0,0,0.0,0.0,0.0,0,0,0,0,0,142.179,5034,1.0,0,main,0.012,,,
cbs,20,0.0,3,4.0,0,6,0.0,False,5114,360,60,60,1.0,20,0,0,0,0.0,0,0.0,0.0,0,0.0,0.0,0,0.0,0.0,0.0,0,0,0,0,0,142.532,5114,1.0,0,main,0.012,,,
cbs,20,0.0,4,4.0,0,6,0.0,False,4885,400,60,60,1.0,20,0,0,0,0.0,0,0.0,0.0,0,0.0,0.0,0,0.0,0.0,0.0,0,0,0,0,0,142.471,4885,1.0,0,main,0.012,,,
cbs,20,0.0,5,4.0,0,6,0.0,False,5256,376,60,60,1.0,20,0,0,0,0.0,0,0.0,0.0,0,0.0,0.0,0,0.0,0.0,0.0,0,0,0,0,0,165.694,5256,1.0,0,main,0.014,,,
cbs,20,0.0,6,4.0,0,6,0.0,False,5454,352,60,60,1.0,20,0,0,0,0.0,0,0.0,0.0,0,0.0,0.0,0,0.0,0.0,0.0,0,0,0,0,0,143.93,5454,1.0,0,main,0.014,,,
cbs,20,0.0,7,4.0,0,6,0.0,False,5093,352,60,60,1.0,20,0,0,0,0.0,0,0.0,0.0,0,0.0,0.0,0,0.0,0.0,0.0,0,0,0,0,0,145.767,5093,1.0,0,main,0.012,,,
cbs,20,0.0,8,4.0,0,6,0.0,False,5592,436,60,60,1.0,20,0,0,0,0.0,0,0.0,0.0,0,0.0,0.0,0,0.0,0.0,0.0,0,0,0,0,0,178.851,5592,1.0,0,main,0.013,,,
cbs,20,0.0,9,4.0,0,6,0.0,False,4708,326,60,60,1.0,20,0,0,0,0.0,0,0.0,0.0,0,0.0,0.0,0,0.0,0.0,0.0,0,0,0,0,0,133.962,4708,1.0,0,main,0.012,,,
cbs,20,0.0,10,4.0,0,6,0.0,False,5534,378,60,60,1.0,20,0,0,0,0.0,0,0.0,0.0,0,0.0,0.0,0,0.0,0.0,0.0,0,0,0,0,0,161.101,5534,1.0,0,main,0.008,,,
cbs,20,0.0,11,4.0,0,6,0.0,False,5052,348,60,60,1.0,20,0,0,0,0.0,0,0.0,0.0,0,0.0,0.0,0,0.0,0.0,0.0,0,0,0,0,0,156.906,5052,1.0,0,main,0.013,,,
cbs,20,0.0,12,4.0,0,6,0.0,False,5331,372,60,60,1.0,20,0,0,0,0.0,0,0.0,0.0,0,0.0,0.0,0,0.0,0.0,0.0,0,0,0,0,0,142.581,5331,1.0,0,main,0.013,,,
full_replan,20,0.0,1,4.0,0,6,0.0,False,5301,384,60,60,1.0,20,0,0,0,0.0,0,0.0,0.0,0,0.0,0.0,0,0.0,0.0,0.0,0,0,0,0,0,167.622,5301,1.0,0,main,0.01,,,
full_replan,20,0.0,2,4.0,0,6,0.0,False,5034,368,60,60,1.0,20,0,0,0,0.0,0,0.0,0.0,0,0.0,0.0,0,0.0,0.0,0.0,0,0,0,0,0,142.179,5034,1.0,0,main,0.012,,,
full_replan,20,0.0,3,4.0,0,6,0.0,False,5114,360,60,60,1.0,20,0,0,0,0.0,0,0.0,0.0,0,0.0,0.0,0,0.0,0.0,0.0,0,0,0,0,0,142.532,5114,1.0,0,main,0.014,,,
full_replan,20,0.0,4,4.0,0,6,0.0,False,4885,400,60,60,1.0,20,0,0,0,0.0,0,0.0,0.0,0,0.0,0.0,0,0.0,0.0,0.0,0,0,0,0,0,142.471,4885,1.0,0,main,0.014,,,
full_replan,20,0.0,5,4.0,0,6,0.0,False,5256,376,60,60,1.0,20,0,0,0,0.0,0,0.0,0.0,0,0.0,0.0,0,0.0,0.0,0.0,0,0,0,0,0,165.694,5256,1.0,0,main,0.013,,,
full_replan,20,0.0,6,4.0,0,6,0.0,False,5454,352,60,60,1.0,20,0,0,0,0.0,0,0.0,0.0,0,0.0,0.0,0,0.0,0.0,0.0,0,0,0,0,0,143.93,5454,1.0,0,main,0.013,,,
full_replan,20,0.0,7,4.0,0,6,0.0,False,5093,352,60,60,1.0,20,0,0,0,0.0,0,0.0,0.0,0,0.0,0.0,0,0.0,0.0,0.0,0,0,0,0,0,145.767,5093,1.0,0,main,0.013,,,
full_replan,20,0.0,8,4.0,0,6,0.0,False,5592,436,60,60,1.0,20,0,0,0,0.0,0,0.0,0.0,0,0.0,0.0,0,0.0,0.0,0.0,0,0,0,0,0,178.851,5592,1.0,0,main,0.015,,,
full_replan,20,0.0,9,4.0,0,6,0.0,False,4708,326,60,60,1.0,20,0,0,0,0.0,0,0.0,0.0,0,0.0,0.0,0,0.0,0.0,0.0,0,0,0,0,0,133.962,4708,1.0,0,main,0.011,,,
full_replan,20,0.0,10,4.0,0,6,0.0,False,5534,378,60,60,1.0,20,0,0,0,0.0,0,0.0,0.0,0,0.0,0.0,0,0.0,0.0,0.0,0,0,0,0,0,161.101,5534,1.0,0,main,0.013,,,
full_replan,20,0.0,11,4.0,0,6,0.0,False,5052,348,60,60,1.0,20,0,0,0,0.0,0,0.0,0.0,0,0.0,0.0,0,0.0,0.0,0.0,0,0,0,0,0,156.906,5052,1.0,0,main,0.013,,,
full_replan,20,0.0,12,4.0,0,6,0.0,False,5331,372,60,60,1.0,20,0,0,0,0.0,0,0.0,0.0,0,0.0,0.0,0,0.0,0.0,0.0,0,0,0,0,0,142.581,5331,1.0,0,main,0.012,,,
selfish,20,0.01,1,4.0,0,6,0.0,False,7624,564,58,66,0.8788,13,3,16,10,2.8,6,6.7,5.6923,6,2.7,8.0782,80.782,18.56,0.0,1.5,28,0,0,0,0,167.622,5301,1.4382,0,main,1.112,9,5,2
selfish,20,0.01,2,4.0,0,6,0.0,False,9947,536,57,84,0.6786,4,11,16,12,2.0833,5,5.0833,4.4667,6,1.8333,6.4913,77.895,88.24,0.0,1.25,25,1,1,0,0,142.179,5034,1.976,0,main,0.906,7,5,4
selfish,20,0.01,3,4.0,0,6,0.0,False,7828,609,52,64,0.8125,13,3,16,12,2.5833,7,6.8333,5.625,6,2.3333,7.5158,90.19,18.71,0.0,1.667,31,0,0,0,0,142.532,5114,1.5307,0,main,1.304,10,5,1
selfish,20,0.01,4,4.0,0,6,0.0,False,5260,400,60,60,1.0,19,0,16,12,1.6667,3,4.8333,4.8333,6,1.5,3.677,44.124,2.62,0.0,1.667,20,0,0,0,0,142.471,4885,1.0768,0,main,0.669,15,1,
selfish,20,0.01,5,4.0,0,6,0.0,False,9331,574,62,76,0.8158,10,8,16,14,3.7143,10,7.7143,5.7826,6,3.3571,14.7976,207.166,52.58,0.0,1.929,52,2,3,0,0,172.449,5256,1.7753,0,main,2.572,11,2,3
selfish,20,0.01,6,4.0,0,6,0.0,False,8373,532,45,67,0.6716,10,8,16,12,4.25,13,8.0,5.7727,6,3.5,13.8958,166.75,19.81,0.0,1.583,51,1,6,0,0,161.249,5454,1.5352,0,main,1.954,12,2,2
selfish,20,0.01,7,4.0,0,6,0.0,False,5943,384,57,68,0.8382,13,6,16,13,2.0769,3,4.8462,4.8462,6,1.7692,4.8527,63.086,10.18,0.0,1.385,27,1,1,0,0,145.767,5093,1.1669,0,main,0.716,12,1,3
selfish,20,0.01,8,4.0,0,6,0.0,False,7507,436,45,72,0.625,10,10,16,8,5.625,11,10.0,6.0,6,4.625,20.5755,164.604,79.8,0.0,1.875,45,1,8,0,0,178.851,5592,1.3425,0,main,2.085,14,,2
selfish,20,0.01,9,4.0,0,6,0.0,False,8970,541,48,72,0.6667,8,10,16,14,3.0714,10,6.7857,5.7895,6,2.7857,9.3615,131.062,62.0,0.0,1.571,43,2,6,0,0,133.962,4708,1.9053,0,main,1.707,12,2,2
selfish,20,0.01,10,4.0,0,6,0.0,False,10477,705,56,82,0.6829,10,9,16,12,3.9167,10,7.9167,5.7619,6,3.3333,17.1771,206.126,88.53,0.0,1.333,47,1,1,0,0,161.101,5534,1.8932,0,main,2.522,11,1,4
selfish,20,0.01,11,4.0,0,6,0.0,False,5998,378,49,60,0.8167,12,5,16,11,2.0909,5,5.2727,4.8462,6,2.0,6.2233,68.456,8.86,0.0,1.364,23,2,5,0,0,158.862,5052,1.1873,0,main,1.029,13,3,
selfish,20,0.01,12,4.0,0,6,0.0,False,7843,513,52,74,0.7027,12,5,16,13,3.3077,7,7.9231,5.7,6,3.1538,15.2412,198.136,50.68,0.0,1.615,43,3,3,0,0,163.833,5331,1.4712,0,main,1.7,10,3,3
greedy_pgp,20,0.01,1,4.0,0,6,0.0,False,6192,386,56,66,0.8485,12,4,16,10,3.0,7,6.2,5.6667,6,2.9,1.1189,11.189,27.06,1.7,1.6,0,0,0,0,0,163.513,5301,1.1681,0,main,0.995,9,5,2
greedy_pgp,20,0.01,2,4.0,0,6,0.0,False,12000,636,52,84,0.619,2,13,16,9,1.4444,5,5.7778,4.9091,6,1.4444,1.3661,12.295,101.72,1.33,1.778,0,0,0,0,0,150.728,5034,2.3838,0,main,0.639,7,5,4
greedy_pgp,20,0.01,3,4.0,0,6,0.0,False,7825,609,52,64,0.8125,13,3,16,12,2.75,7,6.8333,5.6875,6,2.5,1.8658,22.39,30.94,1.83,1.75,0,0,0,0,0,142.532,5114,1.5301,0,main,1.245,10,5,1
greedy_pgp,20,0.01,4,4.0,0,6,0.0,False,5262,400,60,60,1.0,19,0,16,12,2.1667,3,4.8333,4.8333,6,2.0833,0.6693,8.031,12.15,1.67,1.583,0,0,0,0,0,142.471,4885,1.0772,0,main,0.647,15,1,
greedy_pgp,20,0.01,5,4.0,0,6,0.0,False,9036,540,54,76,0.7105,8,10,16,13,4.0769,12,7.7692,5.6667,6,4.0769,4.5605,59.287,74.67,1.62,1.538,12,2,5,0,0,164.408,5256,1.7192,0,main,1.894,11,2,3
greedy_pgp,20,0.01,6,4.0,0,6,0.0,False,8425,535,42,67,0.6269,10,8,16,12,4.25,13,7.8333,5.7619,6,3.6667,4.5863,55.035,38.94,1.83,1.417,12,3,8,0,0,149.146,5454,1.5447,0,main,1.838,12,2,2
greedy_pgp,20,0.01,7,4.0,0,6,0.0,False,7089,527,58,69,0.8406,13,6,16,13,1.7692,3,5.3846,5.3846,6,1.7692,1.0175,13.227,21.65,1.69,1.462,0,1,1,0,0,140.75,5093,1.3919,0,main,0.767,12,1,3
greedy_pgp,20,0.01,8,4.0,0,6,0.0,False,8218,474,45,72,0.625,10,10,16,9,3.7778,12,9.3333,5.8947,6,3.6667,5.4093,48.683,98.55,1.67,1.667,6,2,9,0,0,166.701,5592,1.4696,0,main,2.019,14,,2
greedy_pgp,20,0.01,9,4.0,0,6,0.0,False,7963,452,45,72,0.625,7,11,16,14,3.0,8,6.5714,5.7222,6,2.8571,1.396,19.544,63.89,1.71,1.357,0,2,7,0,0,146.473,4708,1.6914,0,main,1.48,12,2,2
greedy_pgp,20,0.01,10,4.0,0,6,0.0,False,8204,541,54,79,0.6835,11,8,16,14,3.2857,12,7.7857,5.6522,6,3.2857,4.059,56.826,68.84,1.64,1.429,6,1,1,0,0,155.036,5534,1.4825,0,main,2.483,11,1,4
greedy_pgp,20,0.01,11,4.0,0,6,0.0,False,5989,378,50,60,0.8333,12,5,16,11,2.4545,5,5.3636,4.9231,6,2.4545,2.0389,22.428,14.36,1.27,1.636,6,2,5,0,0,151.919,5052,1.1855,0,main,0.975,13,3,
greedy_pgp,20,0.01,12,4.0,0,6,0.0,False,9012,589,51,74,0.6892,11,6,16,14,3.2857,9,7.7143,5.7619,6,3.2857,1.8403,25.765,58.05,1.57,1.429,0,2,2,0,0,152.794,5331,1.6905,0,main,1.714,10,3,3
adopt,20,0.01,1,4.0,0,6,0.0,False,6192,386,56,66,0.8485,12,4,16,10,3.0,7,6.2,5.6667,6,2.9,2.3806,23.806,62.56,5.8,1.6,0,0,0,0,0,167.622,5301,1.1681,0,main,0.977,9,5,2
adopt,20,0.01,2,4.0,0,6,0.0,False,12000,636,52,84,0.619,2,13,16,9,1.4444,5,5.7778,4.9091,6,1.4444,4.0028,36.025,165.56,8.22,1.778,0,0,0,0,0,142.179,5034,2.3838,0,main,0.701,7,5,4
adopt,20,0.01,3,4.0,0,6,0.0,False,7825,609,52,64,0.8125,13,3,16,12,2.75,7,6.8333,5.6875,6,2.5,3.3954,40.744,79.76,6.33,1.75,0,0,0,0,0,142.532,5114,1.5301,0,main,1.202,10,5,1
adopt,20,0.01,4,4.0,0,6,0.0,False,5260,400,60,60,1.0,19,0,16,12,1.6667,3,4.8333,4.8333,6,1.5833,1.4185,17.021,33.0,3.92,1.667,0,0,0,0,0,142.471,4885,1.0768,0,main,0.667,15,1,
adopt,20,0.01,5,4.0,0,6,0.0,False,9036,540,54,76,0.7105,8,10,16,13,4.0769,12,7.7692,5.6667,6,4.0769,7.4059,96.277,230.22,13.69,1.538,0,2,5,0,0,165.694,5256,1.7192,0,main,1.947,11,2,3
adopt,20,0.01,6,4.0,0,6,0.0,False,8425,535,42,67,0.6269,10,8,16,12,4.25,13,7.8333,5.7619,6,3.6667,5.4128,64.954,149.94,9.17,1.417,0,2,7,0,0,143.93,5454,1.5447,0,main,1.837,12,2,2
adopt,20,0.01,7,4.0,0,6,0.0,False,7095,528,58,69,0.8406,13,6,16,13,1.6923,3,5.3846,5.3846,6,1.6923,1.9761,25.689,47.0,4.54,1.462,0,1,1,0,0,140.75,5093,1.3931,0,main,0.769,12,1,3
adopt,20,0.01,8,4.0,0,6,0.0,False,8428,474,41,72,0.5694,9,11,16,9,3.4444,11,9.4444,5.8947,6,3.3333,7.2573,65.316,248.64,8.56,1.778,0,2,9,0,0,166.701,5592,1.5072,0,main,2.06,14,,2
adopt,20,0.01,9,4.0,0,6,0.0,False,7767,438,45,72,0.625,7,11,16,14,3.0714,8,6.5714,5.7222,6,2.9286,3.6056,50.478,142.22,8.71,1.357,0,2,7,0,0,154.989,4708,1.6497,0,main,1.535,12,2,2
adopt,20,0.01,10,4.0,0,6,0.0,False,8474,541,54,80,0.675,10,9,16,14,3.2143,12,8.0,5.8696,6,3.2143,6.1225,85.715,189.68,9.57,1.571,0,1,1,0,0,149.191,5534,1.5313,0,main,2.523,11,1,4
adopt,20,0.01,11,4.0,0,6,0.0,False,5998,378,50,60,0.8333,12,5,16,11,2.0909,5,5.3636,4.9231,6,2.0,2.342,25.762,53.79,5.73,1.636,0,2,5,0,0,151.919,5052,1.1873,0,main,0.954,13,3,
adopt,20,0.01,12,4.0,0,6,0.0,False,9026,589,52,75,0.6933,11,6,16,14,3.3571,9,7.7143,5.7619,6,3.3571,3.5527,49.738,109.95,5.14,1.286,0,2,2,0,0,152.794,5331,1.6931,0,main,1.748,10,3,3
cbs,20,0.01,1,4.0,0,6,0.0,False,6225,390,56,65,0.8615,12,4,16,10,2.8,6,6.2,5.6667,6,2.7,44.2713,442.713,16.62,7.8,1.5,166,0,0,0,0,177.22,5301,1.1743,0,main,1.417,9,5,2
cbs,20,0.01,2,4.0,0,6,0.0,False,12126,643,53,82,0.6463,3,12,16,10,1.2,4,6.4,5.5,10,1.2,11.4396,114.396,77.42,1.5,1.6,22,0,0,0,0,156.454,5034,2.4088,0,main,1.165,7,5,4
cbs,20,0.01,3,4.0,0,6,0.0,False,7823,609,52,64,0.8125,13,3,16,12,2.6667,7,6.8333,5.6875,6,2.4167,19.7443,236.931,18.71,3.25,1.667,87,0,0,0,0,151.91,5114,1.5297,0,main,1.433,10,5,1
cbs,20,0.01,4,4.0,0,6,0.0,False,5260,400,60,60,1.0,19,0,16,12,1.5,4,5.3333,5.2308,10,1.5,8.0482,96.578,2.62,2.75,1.75,60,0,0,0,0,136.714,4885,1.0768,0,main,1.12,15,1,
cbs,20,0.01,5,4.0,0,6,0.0,False,9405,574,60,76,0.7895,10,8,16,13,2.9231,9,8.4615,6.4,10,2.9231,72.8875,947.537,71.61,7.31,1.462,229,0,0,0,0,153.03,5256,1.7894,0,main,4.053,11,2,3
cbs,20,0.01,6,4.0,0,6,0.0,False,8672,535,40,69,0.5797,9,9,16,13,1.7692,7,7.6923,6.7727,10,1.5385,42.6082,553.906,43.18,5.54,1.538,169,1,1,0,0,161.437,5454,1.59,0,main,4.513,12,2,2
cbs,20,0.01,7,4.0,0,6,0.0,False,7386,564,57,68,0.8382,13,6,16,13,1.2308,3,6.3846,6.3846,10,1.2308,14.0752,182.977,12.59,3.08,1.538,70,0,0,0,0,135.69,5093,1.4502,0,main,1.279,12,1,3
cbs,20,0.01,8,4.0,0,6,0.0,False,8429,474,39,72,0.5417,9,11,16,9,2.2222,6,9.4444,6.6111,10,2.1111,49.9282,449.353,72.55,3.44,1.667,86,1,1,0,0,175.447,5592,1.5073,0,main,2.999,14,,2
cbs,20,0.01,9,4.0,0,6,0.0,False,9116,535,44,72,0.6111,7,11,16,14,2.3571,9,6.6429,5.8333,10,2.2143,15.6333,218.867,44.89,2.29,1.643,74,1,5,1,0,147.338,4708,1.9363,0,main,1.752,12,2,2
cbs,20,0.01,10,4.0,0,6,0.0,False,8741,545,48,81,0.5926,8,11,16,12,2.4167,9,9.0,6.6,10,2.4167,61.7528,741.033,64.53,6.33,1.667,183,0,0,1,0,166.004,5534,1.5795,0,main,4.169,11,1,4
cbs,20,0.01,11,4.0,0,6,0.0,False,6018,378,47,60,0.7833,12,5,16,11,1.5455,4,6.0,5.5385,10,1.4545,11.1742,122.916,10.43,1.82,1.636,35,0,0,0,0,158.862,5052,1.1912,0,main,1.355,13,3,
cbs,20,0.01,12,4.0,0,6,0.0,False,9130,649,61,77,0.7922,13,4,16,14,2.7143,7,7.9286,6.0,10,2.7143,52.9502,741.303,72.1,6.0,1.357,195,1,1,1,0,163.833,5331,1.7126,0,main,3.242,10,3,3
full_replan,20,0.01,1,4.0,0,6,0.0,False,7367,560,66,70,0.9429,16,0,16,15,7.3333,17,20.0,20.0,20,7.3333,53.4793,802.189,41.38,0.0,0.0,300,0,0,0,0,171.855,5301,1.3897,0,main,0.871,9,5,2
full_replan,20,0.01,2,4.0,0,6,0.0,False,7909,524,81,84,0.9643,14,1,16,15,9.0,19,20.0,20.0,20,9.0,873.0373,13095.559,91.29,0.0,0.0,300,3,0,0,0,144.23,5034,1.5711,0,main,13.197,7,5,4
full_replan,20,0.01,3,4.0,0,6,0.0,False,6443,450,61,64,0.9531,15,1,16,15,5.7333,19,20.0,20.0,20,5.7333,64.1563,962.345,14.75,0.0,0.0,300,5,0,0,0,142.532,5114,1.2599,0,main,1.024,10,5,1
full_replan,20,0.01,4,4.0,0,6,0.0,False,5248,401,60,60,1.0,19,0,16,16,4.375,20,20.0,20.0,20,4.375,38.9776,623.641,2.0,0.0,0.0,320,0,0,0,0,142.471,4885,1.0743,0,main,0.672,15,1,
full_replan,20,0.01,5,4.0,0,6,0.0,False,7176,486,72,76,0.9474,16,2,16,16,8.5625,20,20.0,20.0,20,8.5625,123.3974,1974.358,63.24,0.0,0.0,320,9,0,0,0,174.459,5256,1.3653,0,main,2.071,11,2,3
full_replan,20,0.01,6,4.0,0,6,0.0,False,7167,402,44,68,0.6471,9,9,16,15,7.9333,20,20.0,20.0,20,7.9333,160.9403,2414.104,25.79,0.0,0.0,300,13,0,0,0,154.613,5454,1.3141,0,main,2.481,12,2,2
full_replan,20,0.01,7,4.0,0,6,0.0,False,5793,415,66,70,0.9429,18,1,16,16,5.5,13,20.0,20.0,20,5.5,123.5001,1976.001,16.9,0.0,0.0,320,16,0,0,0,135.69,5093,1.1374,0,main,2.033,12,1,3
full_replan,20,0.01,8,4.0,0,6,0.0,False,6850,436,55,72,0.7639,13,7,16,16,7.8125,20,20.0,20.0,20,7.8125,106.367,1701.872,56.83,0.0,0.0,320,11,0,0,0,175.447,5592,1.225,0,main,1.79,14,,2
full_replan,20,0.01,9,4.0,0,6,0.0,False,8069,536,51,71,0.7183,11,7,16,16,5.75,18,20.0,20.0,20,5.75,143.4437,2295.1,35.3,0.0,0.0,320,14,0,0,0,137.583,4708,1.7139,0,main,2.367,12,2,2
full_replan,20,0.01,10,4.0,0,6,0.0,False,7912,700,72,78,0.9231,18,1,16,15,9.1333,20,20.0,20.0,20,9.1333,173.2198,2598.297,50.0,0.0,0.0,300,14,0,0,0,138.273,5534,1.4297,0,main,2.697,11,1,4
full_replan,20,0.01,11,4.0,0,6,0.0,False,7075,510,49,60,0.8167,13,4,16,16,4.5625,17,20.0,20.0,20,4.5625,123.098,1969.568,7.74,0.0,0.0,320,15,0,0,0,155.444,5052,1.4004,0,main,2.023,13,3,
full_replan,20,0.01,12,4.0,0,6,0.0,False,6684,421,63,72,0.875,15,2,16,16,8.1875,19,20.0,20.0,20,8.1875,173.9307,2782.892,38.77,0.0,0.0,320,15,0,0,0,153.709,5331,1.2538,0,main,2.862,10,3,3
selfish,20,0.02,1,4.0,0,6,0.0,False,8988,568,57,77,0.7403,10,4,33,24,3.125,9,6.5833,5.4545,6,2.6667,12.5129,300.31,30.46,0.0,1.75,75,2,2,0,0,177.22,5301,1.6955,0,main,3.251,20,8,5
selfish,20,0.02,2,4.0,0,6,0.0,False,13636,712,60,95,0.6316,3,10,33,21,2.2857,6,5.7143,4.9259,6,2.0476,6.9049,145.004,71.03,0.0,1.571,48,1,1,0,0,156.454,5034,2.7088,0,main,1.843,19,8,6
selfish,20,0.02,3,4.0,0,6,0.0,False,7324,451,50,70,0.7143,9,7,33,20,3.35,10,8.05,5.9062,6,3.15,12.233,244.661,31.88,0.0,1.8,67,2,2,0,0,130.612,5114,1.4321,0,main,3.051,26,5,2
selfish,20,0.02,4,4.0,0,6,0.0,False,8332,572,59,68,0.8676,11,4,33,20,2.75,7,7.2,5.7143,6,2.4,9.8391,196.781,27.96,0.0,1.6,55,1,2,0,0,139.752,4885,1.7056,0,main,3.031,26,5,2
selfish,20,0.02,5,4.0,0,6,0.0,False,11451,662,57,87,0.6552,8,8,33,27,3.2593,10,7.4074,5.5476,6,3.2222,12.8485,346.91,43.61,0.0,1.259,88,3,5,0,0,174.459,5256,2.1787,0,main,4.652,24,4,5
selfish,20,0.02,6,4.0,0,6,0.0,False,10257,532,33,73,0.4521,3,12,33,24,3.4167,13,5.9583,4.9744,6,2.9167,15.314,367.537,29.06,0.0,1.5,82,7,12,0,0,154.613,5454,1.8806,0,main,3.736,25,5,3
selfish,20,0.02,7,4.0,0,6,0.0,False,6340,352,47,81,0.5802,6,12,33,21,3.6667,11,7.1429,5.5455,6,3.3333,12.428,260.988,44.96,0.0,1.143,77,7,13,0,0,135.69,5093,1.2448,0,main,3.017,26,2,5
selfish,20,0.02,8,4.0,0,6,0.0,False,8514,450,48,75,0.64,7,10,33,17,4.1176,12,7.8235,5.7586,6,3.4706,16.9188,287.62,45.04,0.0,1.765,70,3,10,0,0,175.447,5592,1.5225,0,main,3.572,27,3,3
selfish,20,0.02,9,4.0,0,6,0.0,False,6634,347,35,74,0.473,3,12,33,21,3.1429,10,7.0,5.5484,6,2.8571,9.3694,196.758,46.52,0.0,1.571,66,8,15,0,0,159.733,4708,1.4091,0,main,2.863,25,5,3
selfish,20,0.02,10,4.0,0,6,0.0,False,9827,523,47,84,0.5595,4,12,33,25,3.48,10,7.76,5.8462,6,2.96,12.9353,323.383,43.91,0.0,1.6,87,9,16,0,0,146.605,5534,1.7757,0,main,4.159,22,5,6
selfish,20,0.02,11,4.0,0,6,0.0,False,9362,547,46,74,0.6216,8,9,33,25,2.48,12,6.08,5.4667,6,2.32,7.8255,195.637,34.55,0.0,1.76,62,3,6,0,0,152.147,5052,1.8531,0,main,2.772,27,3,3
selfish,20,0.02,12,4.0,0,6,0.0,False,10034,539,52,85,0.6118,5,10,33,27,3.1111,8,7.2222,5.8158,6,3.0,13.5998,367.195,56.08,0.0,1.37,84,4,4,0,0,178.319,5331,1.8822,0,main,4.359,23,5,5
greedy_pgp,20,0.02,1,4.0,0,6,0.0,False,9499,568,57,74,0.7703,9,5,33,22,2.8182,9,6.7273,5.7,6,2.7273,2.0075,44.164,43.7,1.68,1.636,0,2,2,0,0,171.394,5301,1.7919,0,main,2.687,20,8,5
greedy_pgp,20,0.02,2,4.0,0,6,0.0,False,12193,632,55,92,0.5978,2,11,33,19,1.5789,5,4.2632,4.0,6,1.5789,1.736,32.984,77.41,1.37,1.421,4,0,0,0,0,156.275,5034,2.4221,0,main,1.274,19,8,6
greedy_pgp,20,0.02,3,4.0,0,6,0.0,False,7463,442,50,70,0.7143,9,7,33,18,4.3889,13,7.8889,5.931,6,4.2778,4.8963,88.133,48.62,1.67,1.556,24,5,5,0,0,132.601,5114,1.4593,0,main,2.944,26,5,2
greedy_pgp,20,0.02,4,4.0,0,6,0.0,False,8428,561,51,68,0.75,10,5,33,14,2.9286,6,6.3571,5.5,6,2.8571,2.394,33.516,47.57,1.86,1.286,6,1,2,0,0,171.551,4885,1.7253,0,main,1.945,26,5,2
greedy_pgp,20,0.02,5,4.0,0,6,0.0,False,9766,593,59,87,0.6782,10,6,33,31,3.4516,11,6.9677,5.4667,6,3.4194,4.5103,139.821,63.3,1.55,1.677,24,3,7,0,0,172.449,5256,1.8581,0,main,4.68,24,4,5
greedy_pgp,20,0.02,6,4.0,0,6,0.0,False,10212,535,36,73,0.4932,4,11,33,24,3.4167,13,6.0833,4.9487,6,3.0417,2.4858,59.658,42.06,1.58,1.708,6,7,12,0,0,161.249,5454,1.8724,0,main,3.221,25,5,3
greedy_pgp,20,0.02,7,4.0,0,6,0.0,False,6339,352,47,80,0.5875,6,12,33,21,3.5238,12,7.1905,5.4545,6,3.4286,3.8367,80.572,59.21,1.57,1.286,12,5,9,0,0,152.17,5093,1.2446,0,main,2.978,26,2,5
greedy_pgp,20,0.02,8,4.0,0,6,0.0,False,8388,436,47,77,0.6104,7,10,33,20,3.25,14,6.9,5.3871,6,3.05,5.8868,117.736,69.96,1.65,1.75,18,5,12,0,0,162.912,5592,1.5,0,main,4.639,27,3,3
greedy_pgp,20,0.02,9,4.0,0,6,0.0,False,7874,420,39,75,0.52,3,12,33,22,3.1364,8,7.0,5.7333,6,3.0909,2.5928,57.043,45.8,1.68,1.455,6,7,14,0,0,133.962,4708,1.6725,0,main,3.028,25,5,3
greedy_pgp,20,0.02,10,4.0,0,6,0.0,False,9703,516,44,85,0.5176,4,12,33,29,3.1034,12,7.1379,5.5814,6,3.0345,2.5163,72.972,50.33,1.55,1.69,6,7,10,0,0,161.101,5534,1.7533,0,main,3.84,22,5,6
greedy_pgp,20,0.02,11,4.0,0,6,0.0,False,7430,438,44,73,0.6027,9,8,33,24,2.6667,13,5.4583,4.9655,6,2.625,4.2878,102.908,41.6,1.38,1.667,18,4,7,0,0,172.773,5052,1.4707,0,main,2.935,27,3,3
greedy_pgp,20,0.02,12,4.0,0,6,0.0,False,10378,576,58,86,0.6744,7,8,33,28,3.3571,9,6.6429,5.6757,6,3.3214,5.5145,154.406,67.61,1.64,1.429,24,4,4,0,0,157.474,5331,1.9467,0,main,4.162,23,5,5
adopt,20,0.02,1,4.0,0,6,0.0,False,9677,568,56,74,0.7568,8,6,33,21,2.9048,9,6.5238,5.5172,6,2.8095,4.2794,89.867,107.03,7.38,1.524,0,2,2,0,0,177.22,5301,1.8255,0,main,2.578,20,8,5
adopt,20,0.02,2,4.0,0,6,0.0,False,12287,632,49,92,0.5326,1,12,33,17,1.5882,5,4.5882,4.25,6,1.5882,3.312,56.304,132.9,6.82,1.529,0,0,0,0,0,156.454,5034,2.4408,0,main,1.188,19,8,6
adopt,20,0.02,3,4.0,0,6,0.0,False,7458,442,53,70,0.7571,9,7,33,20,3.85,13,7.9,5.9062,6,3.75,4.1187,82.375,106.31,6.3,1.85,0,5,5,0,0,142.532,5114,1.4583,0,main,3.095,26,5,2
adopt,20,0.02,4,4.0,0,6,0.0,False,8427,561,51,68,0.75,10,5,33,14,2.7857,6,6.7143,5.5263,6,2.7143,3.3071,46.299,87.29,5.79,1.286,0,1,2,0,0,142.471,4885,1.7251,0,main,1.876,26,5,2
adopt,20,0.02,5,4.0,0,6,0.0,False,10105,593,58,87,0.6667,9,7,33,31,3.2903,11,6.9355,5.5682,6,3.2581,4.3658,135.339,136.05,7.68,1.677,0,3,6,0,0,153.03,5256,1.9226,0,main,4.622,24,4,5
adopt,20,0.02,6,4.0,0,6,0.0,False,10212,535,36,73,0.4932,4,11,33,24,3.4167,13,6.0833,4.9487,6,3.0417,4.2056,100.935,128.16,7.96,1.708,0,7,12,0,0,161.437,5454,1.8724,0,main,3.251,25,5,3
adopt,20,0.02,7,4.0,0,6,0.0,False,6773,378,44,80,0.55,6,12,33,22,2.9545,12,6.4545,5.25,6,2.8636,3.5695,78.528,121.31,5.95,1.364,0,5,9,0,0,159.218,5093,1.3299,0,main,2.562,26,2,5
adopt,20,0.02,8,4.0,0,6,0.0,False,8359,436,48,77,0.6234,8,9,33,20,2.85,12,6.5,5.2333,6,2.65,4.5276,90.552,158.77,7.15,1.45,0,4,11,0,0,169.578,5592,1.4948,0,main,3.849,27,3,3
adopt,20,0.02,9,4.0,0,6,0.0,False,7874,420,39,75,0.52,3,12,33,22,2.9545,8,6.8636,5.6333,6,2.9091,4.261,93.742,126.93,8.82,1.636,0,7,13,0,0,137.583,4708,1.6725,0,main,2.85,25,5,3
adopt,20,0.02,10,4.0,0,6,0.0,False,6818,346,40,87,0.4598,3,13,33,27,3.1111,12,7.3704,5.6829,6,3.0,4.3153,116.513,124.86,6.56,1.556,0,7,12,0,0,138.273,5534,1.232,0,main,3.758,22,5,6
adopt,20,0.02,11,4.0,0,6,0.0,False,7650,438,45,73,0.6164,9,8,33,24,2.4583,13,5.6667,5.1379,6,2.4167,3.6539,87.693,119.63,7.12,1.792,0,2,5,0,0,158.862,5052,1.5143,0,main,2.386,27,3,3
adopt,20,0.02,12,4.0,0,6,0.0,False,10450,581,60,87,0.6897,7,8,33,28,3.0,9,6.8214,5.7297,6,2.9643,3.1569,88.392,119.26,5.43,1.357,0,3,3,0,0,163.833,5331,1.9602,0,main,4.224,23,5,5
cbs,20,0.02,1,4.0,0,6,0.0,False,9116,524,55,81,0.679,7,7,33,22,2.3636,7,7.9545,6.2424,10,2.2727,42.1825,928.015,49.85,5.41,1.636,256,0,0,0,0,187.355,5301,1.7197,0,main,4.922,20,8,5
cbs,20,0.02,2,4.0,0,6,0.0,False,14257,737,53,93,0.5699,3,10,33,20,1.4,4,4.8,4.3333,10,1.4,15.0521,301.043,78.55,2.35,1.6,80,0,0,0,0,148.488,5034,2.8321,0,main,2.246,19,8,6
cbs,20,0.02,3,4.0,0,6,0.0,False,7139,451,48,70,0.6857,10,6,33,22,2.7727,10,7.4091,5.8529,10,2.6364,35.9938,791.864,30.43,3.95,2.045,251,1,1,0,0,130.612,5114,1.396,0,main,4.184,26,5,2
cbs,20,0.02,4,4.0,0,6,0.0,False,8314,559,57,68,0.8382,11,4,33,19,1.9474,7,7.1579,6.0769,10,1.9474,26.763,508.497,28.23,4.53,1.632,180,0,0,0,0,139.752,4885,1.7019,0,main,3.777,26,5,2
cbs,20,0.02,5,4.0,0,6,0.0,False,11213,635,55,85,0.6471,7,9,33,26,2.5385,9,7.5769,6.1351,10,2.5385,49.4462,1285.6,38.49,6.04,1.731,346,0,0,0,0,165.694,5256,2.1334,0,main,6.277,24,4,5
cbs,20,0.02,6,4.0,0,6,0.0,False,10228,535,34,73,0.4658,4,11,33,25,2.4,7,5.92,5.2564,10,2.2,53.5781,1339.453,28.09,6.44,1.68,375,1,5,1,0,143.93,5454,1.8753,0,main,5.486,25,5,3
cbs,20,0.02,7,4.0,0,6,0.0,False,6385,352,43,80,0.5375,5,13,33,22,2.2273,11,7.1364,5.875,10,2.1818,39.8951,877.693,59.79,3.86,1.364,189,1,1,0,0,152.17,5093,1.2537,0,main,4.152,26,2,5
cbs,20,0.02,8,4.0,0,6,0.0,False,8491,436,44,77,0.5714,6,11,33,20,1.8,6,6.95,5.7742,10,1.7,36.9865,739.73,50.85,3.5,1.85,164,1,2,0,0,162.912,5592,1.5184,0,main,4.502,27,3,3
cbs,20,0.02,9,4.0,0,6,0.0,False,7875,420,32,76,0.4211,3,12,33,22,1.8182,7,7.3182,6.1667,10,1.6818,15.7948,347.486,55.8,2.27,1.773,105,1,2,0,0,146.473,4708,1.6727,0,main,3.363,25,5,3
cbs,20,0.02,10,4.0,0,6,0.0,False,12546,664,44,86,0.5116,3,13,33,27,1.9259,8,7.7778,6.0732,10,1.8519,28.0875,758.362,49.89,3.7,1.741,212,0,0,0,0,155.036,5534,2.2671,0,main,5.615,22,5,6
cbs,20,0.02,11,4.0,0,6,0.0,False,10912,692,47,71,0.662,9,8,33,26,2.0769,9,6.7692,6.1613,10,2.0385,26.3621,685.415,29.06,3.73,1.808,207,0,0,0,0,184.526,5052,2.1599,0,main,4.232,27,3,3
cbs,20,0.02,12,4.0,0,6,0.0,False,10557,586,55,86,0.6395,6,9,33,26,2.3077,9,7.6538,6.2162,10,2.2692,69.777,1814.202,64.31,6.65,1.577,383,0,0,0,0,169.544,5331,1.9803,0,main,6.345,23,5,5
full_replan,20,0.02,1,4.0,0,6,0.0,False,8351,566,70,77,0.9091,14,0,33,30,7.0,20,20.0,20.0,20,7.0,341.9965,10259.896,25.41,0.0,0.0,600,1,0,0,0,171.55,5301,1.5754,0,main,10.401,20,8,5
full_replan,20,0.02,2,4.0,0,6,0.0,False,11021,727,89,94,0.9468,12,1,33,30,8.7,19,20.0,20.0,20,8.7,77.9111,2337.333,72.95,0.0,0.0,600,5,0,0,0,140.782,5034,2.1893,0,main,2.533,19,8,6
full_replan,20,0.02,3,4.0,0,6,0.0,False,6692,433,58,68,0.8529,13,3,33,31,5.4516,19,20.0,20.0,20,5.4516,159.6559,4949.334,20.73,0.0,0.0,620,29,0,0,0,140.609,5114,1.3086,0,main,5.071,26,5,2
full_replan,20,0.02,4,4.0,0,6,0.0,False,7112,487,65,70,0.9286,14,1,33,33,4.8182,20,20.0,20.0,20,4.8182,75.03,2475.991,20.93,0.0,0.0,660,15,0,0,0,135.604,4885,1.4559,0,main,2.601,26,5,2
full_replan,20,0.02,5,4.0,0,6,0.0,False,9226,586,69,89,0.7753,11,5,33,33,8.303,18,20.0,20.0,20,8.303,156.3224,5158.638,59.98,0.0,0.0,660,18,0,0,0,164.408,5256,1.7553,0,main,5.373,24,4,5
full_replan,20,0.02,6,4.0,0,6,0.0,False,8076,422,40,73,0.5479,5,10,33,32,5.5312,20,20.0,20.0,20,5.5312,185.2644,5928.46,26.68,0.0,0.0,640,30,0,0,0,149.146,5454,1.4807,0,main,6.062,25,5,3
full_replan,20,0.02,7,4.0,0,6,0.0,False,7688,485,59,78,0.7564,11,7,33,33,6.0606,20,20.0,20.0,20,6.0606,139.9014,4616.746,27.98,0.0,0.0,660,30,0,0,0,145.767,5093,1.5095,0,main,4.753,26,2,5
full_replan,20,0.02,8,4.0,0,6,0.0,False,7701,436,51,76,0.6711,9,8,33,32,5.0938,20,20.0,20.0,20,5.0938,123.3098,3945.913,35.95,0.0,0.0,640,27,0,0,0,178.851,5592,1.3771,0,main,4.079,27,3,3
full_replan,20,0.02,9,4.0,0,6,0.0,False,6033,322,36,75,0.48,4,11,33,33,4.8182,18,20.0,20.0,20,4.8182,156.6665,5169.996,27.66,0.0,0.0,660,31,0,0,0,147.338,4708,1.2814,0,main,5.293,25,5,3
full_replan,20,0.02,10,4.0,0,6,0.0,False,10500,654,64,80,0.8,10,6,33,31,7.5161,20,20.0,20.0,20,7.5161,252.3807,7823.801,39.5,0.0,0.0,620,29,0,0,0,166.004,5534,1.8974,0,main,8.001,22,5,6
full_replan,20,0.02,11,4.0,0,6,0.0,False,7498,469,58,70,0.8286,13,4,33,31,6.5161,18,20.0,20.0,20,6.5161,433.4714,13437.613,23.43,0.0,0.0,620,29,0,0,0,155.444,5052,1.4842,0,main,13.564,27,3,3
full_replan,20,0.02,12,4.0,0,6,0.0,False,8512,497,61,82,0.7439,10,5,33,33,8.6061,19,20.0,20.0,20,8.6061,1540.3873,50832.78,39.91,0.0,0.0,660,31,0,0,0,153.709,5331,1.5967,0,main,51.014,23,5,5
selfish,20,0.03,1,4.0,0,6,0.0,False,11962,663,70,96,0.7292,7,7,50,40,2.775,9,6.375,5.2105,6,2.45,12.1258,485.032,43.15,0.0,1.75,111,1,1,0,0,171.855,5301,2.2566,0,main,5.524,31,11,8
selfish,20,0.03,2,4.0,0,6,0.0,False,14891,773,65,110,0.5909,4,6,50,38,3.7895,8,7.4737,5.7258,6,3.3947,16.209,615.941,63.96,0.0,1.421,144,9,11,0,0,144.23,5034,2.9581,0,main,6.911,28,13,9
selfish,20,0.03,3,4.0,0,6,0.0,False,9990,537,48,82,0.5854,4,11,50,30,3.2667,10,7.5667,5.8043,6,3.0,12.0148,360.445,32.52,0.0,1.833,98,4,4,0,0,140.609,5114,1.9535,0,main,4.955,39,6,5
selfish,20,0.03,4,4.0,0,6,0.0,False,9690,524,57,80,0.7125,5,7,50,30,2.8,7,6.8333,5.561,6,2.5333,10.3646,310.938,36.81,0.0,1.533,84,1,2,0,0,135.604,4885,1.9836,0,main,4.592,37,9,4
selfish,20,0.03,5,4.0,0,6,0.0,False,14787,802,59,99,0.596,5,8,50,39,3.0,9,6.9487,5.5273,6,2.7436,14.5687,568.178,57.45,0.0,1.59,117,6,8,0,0,165.694,5256,2.8134,0,main,7.152,36,7,7
selfish,20,0.03,6,4.0,0,6,0.0,False,11736,620,49,100,0.49,5,10,50,40,3.45,13,6.975,5.6825,6,3.025,14.5329,581.317,63.75,0.0,1.65,138,13,18,0,0,143.93,5454,2.1518,0,main,7.764,37,5,8
selfish,20,0.03,7,4.0,0,6,0.0,False,6889,370,45,80,0.5625,4,11,50,30,3.6667,11,7.2,5.6458,6,3.5,14.6845,440.536,32.45,0.0,1.467,110,9,15,0,0,140.75,5093,1.3526,0,main,4.969,39,6,5
selfish,20,0.03,8,4.0,0,6,0.0,False,8551,443,46,83,0.5542,4,11,50,27,3.7037,12,7.2222,5.4884,6,3.0,13.7479,371.194,48.81,0.0,1.444,100,4,13,0,0,166.701,5592,1.5291,0,main,3.912,40,5,5
selfish,20,0.03,9,4.0,0,6,0.0,False,7328,375,36,84,0.4286,3,10,50,33,3.2121,10,6.5152,5.2857,6,2.7576,11.096,366.17,50.96,0.0,1.545,106,10,18,0,0,154.989,4708,1.5565,0,main,4.735,38,7,5
selfish,20,0.03,10,4.0,0,6,0.0,False,14558,771,58,101,0.5743,4,10,50,40,3.325,10,6.825,5.6102,6,3.0,14.9192,596.769,62.72,0.0,1.3,133,7,12,0,0,149.191,5534,2.6306,0,main,7.818,35,7,8
selfish,20,0.03,11,4.0,0,6,0.0,False,11231,631,68,110,0.6182,8,9,50,44,2.8864,12,6.6136,5.7368,6,2.7727,13.5306,595.346,63.0,0.0,1.568,127,5,8,0,0,158.227,5052,2.2231,0,main,6.998,37,3,10
selfish,20,0.03,12,4.0,0,6,0.0,False,12292,660,58,88,0.6591,5,8,50,36,3.0278,7,6.8611,5.6735,6,2.9444,12.0435,433.566,42.56,0.0,1.556,109,5,6,0,0,162.467,5331,2.3058,0,main,5.932,36,7,7
greedy_pgp,20,0.03,1,4.0,0,6,0.0,False,12246,640,55,97,0.567,3,11,50,37,3.0,10,7.1622,5.6667,6,2.8919,3.1876,117.943,68.18,1.68,1.73,12,1,1,0,0,177.22,5301,2.3101,0,main,5.281,31,11,8
greedy_pgp,20,0.03,2,4.0,0,6,0.0,False,18243,996,71,109,0.6514,5,5,50,39,3.8205,10,7.9487,5.8529,6,3.7949,8.2895,323.289,105.14,1.87,1.41,54,8,12,0,0,156.454,5034,3.624,0,main,9.921,28,13,9
greedy_pgp,20,0.03,3,4.0,0,6,0.0,False,9702,500,46,85,0.5412,3,12,50,30,3.8,13,7.3667,5.7609,6,3.5667,3.892,116.761,63.83,1.83,1.7,18,6,6,0,0,140.609,5114,1.8971,0,main,4.754,39,6,5
greedy_pgp,20,0.03,4,4.0,0,6,0.0,False,8101,452,56,82,0.6829,6,6,50,29,2.4483,7,6.1034,5.3056,6,2.4138,2.2698,65.826,54.44,1.48,1.828,6,1,2,0,0,135.604,4885,1.6583,0,main,3.673,37,9,4
greedy_pgp,20,0.03,5,4.0,0,6,0.0,False,12525,677,64,100,0.64,5,8,50,39,4.1282,11,7.8462,5.8387,6,4.0513,5.7453,224.066,78.11,1.77,1.513,30,6,10,0,0,172.449,5256,2.383,0,main,8.2,36,7,7
greedy_pgp,20,0.03,6,4.0,0,6,0.0,False,14481,770,46,98,0.4694,4,11,50,40,3.3,13,6.625,5.3934,6,3.1,4.604,184.162,70.47,1.62,1.45,24,10,14,0,0,161.249,5454,2.6551,0,main,6.169,37,5,8
greedy_pgp,20,0.03,7,4.0,0,6,0.0,False,7237,395,44,75,0.5867,5,10,50,28,3.5357,12,7.3214,5.5682,6,3.5,2.075,58.1,39.42,1.71,1.536,6,7,14,0,0,140.75,5093,1.421,0,main,4.717,39,6,5
greedy_pgp,20,0.03,8,4.0,0,6,0.0,False,12656,667,50,85,0.5882,3,12,50,33,2.8182,11,6.3939,5.1633,6,2.7576,3.2457,107.107,60.77,1.58,1.485,12,8,17,0,0,166.701,5592,2.2632,0,main,4.84,40,5,5
greedy_pgp,20,0.03,9,4.0,0,6,0.0,False,6803,345,40,84,0.4762,2,11,50,32,3.1875,10,6.7812,5.375,6,3.0938,3.0627,98.007,63.2,1.53,1.5,18,10,18,0,0,146.473,4708,1.445,0,main,4.275,38,7,5
greedy_pgp,20,0.03,10,4.0,0,6,0.0,False,14651,768,56,98,0.5714,4,10,50,45,4.0444,12,7.0889,5.4286,6,3.9778,7.1053,319.74,72.15,1.62,1.6,48,7,11,0,0,155.036,5534,2.6475,0,main,10.353,35,7,8
greedy_pgp,20,0.03,11,4.0,0,6,0.0,False,13319,708,58,107,0.5421,6,11,50,42,2.6429,13,5.9524,5.4,6,2.619,3.3889,142.333,77.07,1.6,1.595,29,8,14,0,0,166.213,5052,2.6364,0,main,4.349,37,3,10
greedy_pgp,20,0.03,12,4.0,0,6,0.0,False,13121,709,53,94,0.5638,5,8,50,40,2.875,8,6.725,5.6731,6,2.825,2.7274,109.096,64.0,1.8,1.75,12,4,5,0,0,147.268,5331,2.4613,0,main,6.013,36,7,7
adopt,20,0.03,1,4.0,0,6,0.0,False,12013,638,57,97,0.5876,4,10,50,38,2.9474,10,7.0789,5.6364,6,2.8421,4.5344,172.307,140.35,7.68,1.658,0,1,1,0,0,187.355,5301,2.2662,0,main,5.424,31,11,8
adopt,20,0.03,2,4.0,0,6,0.0,False,18650,980,62,109,0.5688,3,7,50,38,3.6579,10,7.7105,5.7969,6,3.6316,8.2314,312.792,239.7,11.45,1.368,0,4,6,0,0,148.488,5034,3.7048,0,main,7.94,28,13,9
adopt,20,0.03,3,4.0,0,6,0.0,False,8660,442,46,84,0.5476,2,13,50,28,3.8571,13,7.5357,5.6889,6,3.5714,4.082,114.295,124.76,6.96,1.679,0,6,6,0,0,140.609,5114,1.6934,0,main,4.453,39,6,5
adopt,20,0.03,4,4.0,0,6,0.0,False,8286,452,54,81,0.6667,5,7,50,29,2.4138,8,5.7931,5.2,6,2.3793,3.5833,103.915,115.76,7.9,1.586,0,1,2,0,0,135.604,4885,1.6962,0,main,3.72,37,9,4
adopt,20,0.03,5,4.0,0,6,0.0,False,12340,666,64,100,0.64,5,8,50,40,3.95,12,7.775,5.8413,6,3.85,4.9287,197.148,158.24,8.0,1.55,0,5,9,0,0,169.772,5256,2.3478,0,main,7.892,36,7,7
adopt,20,0.03,6,4.0,0,6,0.0,False,14502,770,46,98,0.4694,4,11,50,41,3.1463,13,6.5366,5.3548,6,2.9512,5.7138,234.264,197.7,10.1,1.439,0,9,13,0,0,175.929,5454,2.659,0,main,6.243,37,5,8
adopt,20,0.03,7,4.0,0,6,0.0,False,7237,395,44,75,0.5867,5,10,50,28,3.5357,12,7.3214,5.5682,6,3.5,3.5063,98.176,97.82,6.68,1.536,0,7,14,0,0,139.498,5093,1.421,0,main,4.889,39,6,5
adopt,20,0.03,8,4.0,0,6,0.0,False,12685,667,46,86,0.5349,3,12,50,33,2.6364,12,6.4545,5.0784,6,2.5455,4.4866,148.058,148.63,7.06,1.636,0,9,17,0,0,190.007,5592,2.2684,0,main,5.067,40,5,5
adopt,20,0.03,9,4.0,0,6,0.0,False,7174,360,41,84,0.4881,2,11,50,32,3.0938,10,6.875,5.5217,6,3.0,3.929,125.729,137.18,7.72,1.406,0,8,16,0,0,159.733,4708,1.5238,0,main,4.337,38,7,5
adopt,20,0.03,10,4.0,0,6,0.0,False,13542,720,58,98,0.5918,5,9,50,43,3.7907,12,7.186,5.4154,6,3.7209,4.9483,212.776,153.19,8.91,1.535,0,6,10,0,0,146.605,5534,2.4471,0,main,7.219,35,7,8
adopt,20,0.03,11,4.0,0,6,0.0,False,12940,695,56,105,0.5333,6,11,50,41,2.439,13,5.5854,5.125,6,2.3902,3.1732,130.099,114.44,6.49,1.829,0,9,12,0,0,151.919,5052,2.5614,0,main,4.146,37,3,10
adopt,20,0.03,12,4.0,0,6,0.0,False,11116,587,60,92,0.6522,6,7,50,40,3.1,8,6.725,5.6226,6,3.05,3.9315,157.258,126.74,7.9,1.725,0,4,5,0,0,152.794,5331,2.0852,0,main,6.164,36,7,7
cbs,20,0.03,1,4.0,0,6,0.0,False,11914,641,52,94,0.5532,4,10,50,39,2.0256,7,7.0769,5.8333,10,1.8718,41.6781,1625.447,42.75,4.54,1.821,376,0,0,0,0,164.865,5301,2.2475,0,main,7.677,31,11,8
cbs,20,0.03,2,4.0,0,6,0.0,False,17257,902,86,110,0.7818,6,4,50,37,1.7027,9,8.4054,6.3115,10,1.6757,63.0724,2333.68,73.09,5.62,1.703,452,0,0,0,0,136.612,5034,3.4281,0,main,17.733,28,13,9
cbs,20,0.03,3,4.0,0,6,0.0,False,8528,451,44,83,0.5301,3,12,50,31,2.7419,10,7.0323,5.617,10,2.5806,36.77,1139.87,34.41,4.26,1.903,351,1,1,0,0,151.91,5114,1.6676,0,main,5.94,39,6,5
cbs,20,0.03,4,4.0,0,6,0.0,False,8725,468,55,79,0.6962,4,8,50,31,1.7742,7,7.0968,6.1395,10,1.7419,25.3253,785.085,30.77,2.74,1.742,172,0,0,0,0,136.714,4885,1.7861,0,main,7.876,37,9,4
cbs,20,0.03,5,4.0,0,6,0.0,False,14933,817,61,99,0.6162,5,8,50,41,2.4634,8,6.9512,5.7288,10,2.3902,60.8899,2496.485,58.55,5.22,1.659,478,0,0,0,0,165.694,5256,2.8411,0,main,10.782,36,7,7
cbs,20,0.03,6,4.0,0,6,0.0,False,12101,636,48,100,0.48,5,10,50,40,2.05,7,6.875,5.8983,10,1.925,45.9699,1838.794,47.42,5.33,1.725,481,1,5,1,0,143.93,5454,2.2187,0,main,9.055,37,5,8
cbs,20,0.03,7,4.0,0,6,0.0,False,9921,557,45,77,0.5844,4,11,50,30,2.5333,11,7.9333,6.3111,10,2.5,39.625,1188.75,26.45,4.77,1.433,317,2,2,0,0,145.767,5093,1.948,0,main,7.883,39,6,5
cbs,20,0.03,8,4.0,0,6,0.0,False,9575,499,50,85,0.5882,4,11,50,30,1.8667,9,7.5333,5.92,10,1.8,55.7299,1671.898,55.33,5.83,1.733,377,2,4,2,0,178.851,5592,1.7123,0,main,8.789,40,5,5
cbs,20,0.03,9,4.0,0,6,0.0,False,6341,321,34,83,0.4096,1,12,50,34,1.6471,10,6.5294,5.6957,10,1.5294,19.3214,656.929,40.11,3.18,1.471,223,1,5,1,0,142.533,4708,1.3469,0,main,6.998,38,7,5
cbs,20,0.03,10,4.0,0,6,0.0,False,13256,699,55,97,0.567,3,11,50,40,2.55,9,7.725,6.0476,10,2.4,60.0895,2403.581,50.19,6.4,1.675,578,1,1,2,0,156.428,5534,2.3954,0,main,12.802,35,7,8
cbs,20,0.03,11,4.0,0,6,0.0,False,12242,728,85,104,0.8173,12,5,50,45,1.8444,11,7.7333,6.6508,10,1.8222,91.4926,4117.166,50.4,5.51,1.889,626,0,0,1,0,184.526,5052,2.4232,0,main,17.564,37,3,10
cbs,20,0.03,12,4.0,0,6,0.0,False,12893,714,53,92,0.5761,5,8,50,38,1.7632,7,7.3421,6.2353,10,1.7105,35.5011,1349.043,52.77,4.05,1.921,333,0,0,1,0,169.544,5331,2.4185,0,main,32.767,36,7,7
full_replan,20,0.03,1,4.0,0,6,0.0,False,10290,731,85,88,0.9659,14,0,50,44,6.8182,20,20.0,20.0,20,6.8182,74.4289,3274.87,24.86,0.0,0.0,880,0,0,0,0,171.55,5301,1.9411,0,main,3.524,31,11,8
full_replan,20,0.03,2,4.0,0,6,0.0,False,10028,512,59,103,0.5728,3,7,50,47,5.766,19,20.0,20.0,20,5.766,466.9102,21944.781,48.05,0.0,0.0,940,40,0,0,0,140.782,5034,1.9921,0,main,22.184,28,13,9
full_replan,20,0.03,3,4.0,0,6,0.0,False,8206,474,72,83,0.8675,12,3,50,48,5.6042,19,20.0,20.0,20,5.6042,929.3299,44607.836,28.57,0.0,0.0,960,46,0,0,0,130.612,5114,1.6046,0,main,44.801,39,6,5
full_replan,20,0.03,4,4.0,0,6,0.0,False,9349,557,61,80,0.7625,9,3,50,49,4.9592,19,20.0,20.0,20,4.9592,101.7303,4984.785,27.97,0.0,0.0,980,25,0,0,0,139.752,4885,1.9138,0,main,5.236,37,9,4
full_replan,20,0.03,5,4.0,0,6,0.0,False,13445,822,76,100,0.76,8,5,50,50,7.36,17,20.0,20.0,20,7.36,256.2476,12812.378,52.38,0.0,0.0,1000,26,0,0,0,153.049,5256,2.558,0,main,13.18,36,7,7
full_replan,20,0.03,6,4.0,0,6,0.0,False,8043,410,53,96,0.5521,5,10,50,48,5.2292,20,20.0,20.0,20,5.2292,193.2782,9277.352,36.56,0.0,0.0,960,46,0,0,0,148.588,5454,1.4747,0,main,9.484,37,5,8
full_replan,20,0.03,7,4.0,0,6,0.0,False,8301,483,57,79,0.7215,7,8,50,47,5.0426,19,20.0,20.0,20,5.0426,146.3451,6878.218,22.75,0.0,0.0,940,42,0,0,0,135.69,5093,1.6299,0,main,7.054,39,6,5
full_replan,20,0.03,8,4.0,0,6,0.0,False,9038,492,60,87,0.6897,8,7,50,47,5.1489,20,20.0,20.0,20,5.1489,154.1238,7243.82,39.32,0.0,0.0,940,40,0,0,0,175.447,5592,1.6162,0,main,7.437,40,5,5
full_replan,20,0.03,9,4.0,0,6,0.0,False,8160,432,46,84,0.5476,4,9,50,50,4.42,19,20.0,20.0,20,4.42,174.945,8747.248,29.26,0.0,0.0,1000,46,0,0,0,154.989,4708,1.7332,0,main,8.931,38,7,5
full_replan,20,0.03,10,4.0,0,6,0.0,False,12162,644,66,94,0.7021,6,8,50,49,6.4898,20,20.0,20.0,20,6.4898,202.9135,9942.76,36.56,0.0,0.0,980,47,0,0,0,149.191,5534,2.1977,0,main,10.204,35,7,8
full_replan,20,0.03,11,4.0,0,6,0.0,False,9488,585,81,104,0.7788,13,4,50,50,6.72,18,20.0,20.0,20,6.72,371.0754,18553.771,48.9,0.0,0.0,1000,47,0,0,0,158.862,5052,1.8781,0,main,18.833,37,3,10
full_replan,20,0.03,12,4.0,0,6,0.0,False,11773,739,66,90,0.7333,8,5,50,50,5.36,19,20.0,20.0,20,5.36,229.2483,11462.415,32.94,0.0,0.0,1000,48,0,0,0,163.833,5331,2.2084,0,main,11.722,36,7,7
selfish,20,0.04,1,4.0,0,6,0.0,False,17298,959,76,93,0.8172,6,3,66,49,3.2857,9,7.2041,5.8169,6,2.8367,16.5188,809.422,30.49,0.0,1.796,161,2,2,0,0,164.865,5301,3.2632,0,main,9.892,38,18,10
selfish,20,0.04,2,4.0,0,6,0.0,False,10880,544,43,123,0.3496,1,8,66,45,3.1556,8,6.1556,4.9254,6,2.7333,13.6372,613.674,71.25,0.0,1.467,142,15,18,0,0,136.612,5034,2.1613,0,main,7.334,38,16,12
selfish,20,0.04,3,4.0,0,6,0.0,False,10294,525,58,96,0.6042,4,9,66,48,3.25,10,7.2292,5.8696,6,3.1042,12.3625,593.398,45.18,0.0,1.583,156,9,10,0,0,144.127,5114,2.0129,0,main,8.5,51,8,7
selfish,20,0.04,4,4.0,0,6,0.0,False,11478,609,54,96,0.5625,2,8,66,36,3.2222,13,7.3056,5.6786,6,2.8889,13.1395,473.021,55.63,0.0,1.667,116,5,10,0,0,138.503,4885,2.3496,0,main,7.103,46,12,8
selfish,20,0.04,5,4.0,0,6,0.0,False,15905,892,69,104,0.6635,5,6,66,52,3.5769,10,7.4808,5.747,6,3.3269,18.7841,976.774,45.0,0.0,1.712,186,12,14,0,0,165.694,5256,3.0261,0,main,13.635,45,11,10
selfish,20,0.04,6,4.0,0,6,0.0,False,10265,533,50,92,0.5435,5,10,66,48,3.2917,13,6.9167,5.6622,6,2.9375,14.8726,713.887,38.49,0.0,1.667,158,11,18,0,0,143.93,5454,1.8821,0,main,8.615,52,6,8
selfish,20,0.04,7,4.0,0,6,0.0,False,9216,488,51,86,0.593,3,10,66,43,3.7674,11,6.9767,5.2571,6,3.5814,16.8452,724.342,25.37,0.0,1.581,162,12,19,0,0,149.948,5093,1.8095,0,main,8.199,50,9,7
selfish,20,0.04,8,4.0,0,6,0.0,False,14317,737,44,92,0.4783,1,11,66,35,3.6857,12,6.9143,5.2456,6,3.2857,20.6169,721.592,58.06,0.0,1.743,129,10,20,0,0,185.686,5592,2.5603,0,main,6.603,50,8,8
selfish,20,0.04,9,4.0,0,6,0.0,False,11511,593,43,91,0.4725,2,11,66,42,3.381,10,6.8095,5.4,6,2.9286,18.2975,768.495,40.66,0.0,1.548,142,13,21,0,0,153.993,4708,2.445,0,main,8.295,52,7,7
selfish,20,0.04,10,4.0,0,6,0.0,False,16249,833,75,125,0.6,4,10,66,54,3.9444,10,8.2222,5.8152,6,3.4259,31.5668,1704.605,62.27,0.0,1.556,213,13,16,0,0,162.559,5534,2.9362,0,main,19.227,46,7,13
selfish,20,0.04,11,4.0,0,6,0.0,False,14449,763,51,130,0.3923,4,13,66,54,2.5556,12,6.0741,5.2857,6,2.3519,21.142,1141.667,70.96,0.0,1.833,138,11,15,0,0,156.906,5052,2.8601,0,main,9.386,49,3,14
selfish,20,0.04,12,4.0,0,6,0.0,False,10211,511,37,107,0.3458,2,10,66,45,3.0,10,6.1333,5.1429,6,2.8,19.6809,885.642,61.71,0.0,1.467,135,19,25,0,0,142.581,5331,1.9154,0,main,10.53,45,11,10
greedy_pgp,20,0.04,1,4.0,0,6,0.0,False,16434,889,72,87,0.8276,5,4,66,48,3.0625,10,6.7708,5.2394,6,3.0,4.6827,224.771,37.69,1.56,1.708,24,2,2,0,0,164.865,5301,3.1002,0,main,9.218,38,18,10
greedy_pgp,20,0.04,2,4.0,0,6,0.0,False,17665,891,78,127,0.6142,3,6,66,47,4.0638,10,7.7234,5.7952,6,4.0,11.3168,531.892,120.37,2.02,1.319,60,6,7,0,0,136.612,5034,3.5091,0,main,12.556,38,16,12
greedy_pgp,20,0.04,3,4.0,0,6,0.0,False,15567,810,57,96,0.5938,3,10,66,44,3.5,13,7.0909,5.6615,6,3.3636,3.7854,166.556,67.66,1.86,1.591,24,8,9,0,0,144.127,5114,3.044,0,main,8.099,51,8,7
greedy_pgp,20,0.04,4,4.0,0,6,0.0,False,11186,593,51,100,0.51,1,9,66,38,2.5789,12,6.2368,5.3333,6,2.5526,1.8747,71.237,71.43,1.63,1.605,0,4,9,0,0,138.503,4885,2.2899,0,main,5.898,46,12,8
greedy_pgp,20,0.04,5,4.0,0,6,0.0,False,16825,895,73,109,0.6697,5,6,66,50,4.16,12,7.58,5.7024,6,4.08,9.727,486.352,69.77,1.78,1.62,66,7,9,0,0,153.049,5256,3.2011,0,main,13.494,45,11,10
greedy_pgp,20,0.04,6,4.0,0,6,0.0,False,12519,687,53,92,0.5761,6,9,66,48,3.1458,13,6.4167,5.4429,6,2.9375,3.3496,160.78,46.3,1.65,1.667,18,8,15,0,0,148.588,5454,2.2954,0,main,7.124,52,6,8
greedy_pgp,20,0.04,7,4.0,0,6,0.0,False,9094,491,52,86,0.6047,4,9,66,42,3.8571,12,7.9286,5.7794,6,3.8571,3.5372,148.562,49.43,1.88,1.595,24,8,13,0,0,139.498,5093,1.7856,0,main,11.715,50,9,7
greedy_pgp,20,0.04,8,4.0,0,6,0.0,False,13980,720,57,96,0.5938,4,8,66,44,3.3864,11,6.4318,5.0923,6,3.3864,6.0041,264.179,65.66,1.66,1.591,34,9,18,0,0,190.007,5592,2.5,0,main,8.471,50,8,8
greedy_pgp,20,0.04,9,4.0,0,6,0.0,False,7078,359,42,92,0.4565,1,12,66,43,3.3488,14,6.7442,5.4032,6,3.3023,3.4249,147.269,57.65,1.67,1.326,36,15,25,0,0,159.733,4708,1.5034,0,main,6.796,52,7,7
greedy_pgp,20,0.04,10,4.0,0,6,0.0,False,13617,690,51,119,0.4286,2,12,66,47,3.6383,12,7.6809,5.7534,6,3.4043,3.2304,151.828,75.88,1.66,1.596,18,13,19,0,0,146.605,5534,2.4606,0,main,8.226,46,7,13
greedy_pgp,20,0.04,11,4.0,0,6,0.0,False,9709,486,35,128,0.2734,2,15,66,49,2.3061,12,4.9592,4.5593,6,2.2245,1.8692,91.592,84.5,1.47,1.612,12,14,20,0,0,166.213,5052,1.9218,0,main,12.565,49,3,14
greedy_pgp,20,0.04,12,4.0,0,6,0.0,False,12860,643,40,109,0.367,1,11,66,44,2.7045,10,5.9091,5.1579,6,2.6591,2.8255,124.323,75.69,1.61,1.75,18,14,18,0,0,147.268,5331,2.4123,0,main,13.508,45,11,10
adopt,20,0.04,1,4.0,0,6,0.0,False,14362,762,53,89,0.5955,3,6,66,51,2.3725,9,5.8039,5.0299,6,2.2549,4.3691,222.823,91.96,7.04,1.725,0,1,1,0,0,160.686,5301,2.7093,0,main,7.502,38,18,10
adopt,20,0.04,2,4.0,0,6,0.0,False,18491,981,90,130,0.6923,5,4,66,50,4.04,10,7.78,5.9405,6,4.0,17.795,889.75,493.95,25.98,1.32,0,4,4,0,0,162.519,5034,3.6732,0,main,13.094,38,16,12
adopt,20,0.04,3,4.0,0,6,0.0,False,9850,500,42,96,0.4375,1,12,66,46,3.1957,13,6.9348,5.6061,6,3.087,4.1212,189.573,133.95,8.2,1.609,0,11,12,0,0,142.532,5114,1.9261,0,main,8.113,51,8,7
adopt,20,0.04,4,4.0,0,6,0.0,False,11492,610,57,99,0.5758,2,8,66,40,2.75,12,6.5,5.5455,6,2.725,5.056,202.238,165.0,9.38,1.675,0,5,10,0,0,142.471,4885,2.3525,0,main,6.773,46,12,8
adopt,20,0.04,5,4.0,0,6,0.0,False,16667,909,71,108,0.6574,5,6,66,52,4.0192,13,7.8269,5.8941,6,3.9615,7.6348,397.008,204.21,11.4,1.538,0,7,8,0,0,169.772,5256,3.171,0,main,13.998,45,11,10
adopt,20,0.04,6,4.0,0,6,0.0,False,12506,687,53,91,0.5824,6,9,66,49,3.0816,13,6.2857,5.338,6,2.898,6.9146,338.814,212.39,12.78,1.571,0,7,14,0,0,175.929,5454,2.293,0,main,7.188,52,6,8
adopt,20,0.04,7,4.0,0,6,0.0,False,9057,489,52,86,0.6047,4,9,66,42,3.7857,12,7.9524,5.7353,6,3.7857,5.3951,226.594,154.3,9.95,1.595,0,8,12,0,0,152.613,5093,1.7783,0,main,10.711,50,9,7
adopt,20,0.04,8,4.0,0,6,0.0,False,15118,773,59,95,0.6211,4,8,66,46,3.3043,14,6.4348,5.0588,6,3.1957,4.7559,218.773,164.25,8.57,1.609,0,10,19,0,0,169.945,5592,2.7035,0,main,7.788,50,8,8
adopt,20,0.04,9,4.0,0,6,0.0,False,6603,334,42,92,0.4565,1,12,66,45,3.0444,12,6.5778,5.3281,6,3.0,4.5537,204.917,151.69,9.31,1.378,0,13,22,0,0,153.993,4708,1.4025,0,main,6.658,52,7,7
adopt,20,0.04,10,4.0,0,6,0.0,False,14547,743,61,119,0.5126,4,10,66,51,3.6471,12,7.2745,5.5513,6,3.451,4.4571,227.311,137.51,7.84,1.608,0,11,16,0,0,162.559,5534,2.6287,0,main,9.876,46,7,13
adopt,20,0.04,11,4.0,0,6,0.0,False,13931,726,49,123,0.3984,4,13,66,53,2.3774,12,5.3585,4.873,6,2.283,2.4513,129.919,102.9,4.64,1.792,0,12,15,0,0,184.526,5052,2.7575,0,main,5.866,49,3,14
adopt,20,0.04,12,4.0,0,6,0.0,False,13940,697,37,109,0.3394,1,11,66,43,2.7907,10,6.093,5.2281,6,2.7907,3.757,161.553,146.59,7.79,1.628,0,13,17,0,0,169.544,5331,2.6149,0,main,12.923,45,11,10
cbs,20,0.04,1,4.0,0,6,0.0,False,17114,889,64,91,0.7033,3,6,66,50,2.2,6,7.16,5.75,10,2.12,68.0765,3403.827,26.55,6.06,1.82,677,0,0,0,0,171.855,5301,3.2284,0,main,15.198,38,18,10
cbs,20,0.04,2,4.0,0,6,0.0,False,15709,794,45,124,0.3629,2,7,66,46,1.5,9,7.5,5.859,10,1.4783,49.2629,2266.094,83.3,4.43,1.739,431,0,0,0,0,144.23,5034,3.1206,0,main,19.38,38,16,12
cbs,20,0.04,3,4.0,0,6,0.0,False,10160,533,59,94,0.6277,5,8,66,48,2.3333,10,7.6667,6.2429,10,2.1667,37.6193,1805.724,38.73,4.54,1.771,515,1,1,0,0,142.532,5114,1.9867,0,main,12.903,51,8,7
cbs,20,0.04,4,4.0,0,6,0.0,False,12277,633,46,97,0.4742,0,10,66,39,1.9487,12,7.359,6.1071,10,1.9487,46.4419,1811.232,55.89,4.87,1.692,453,2,2,2,0,142.471,4885,2.5132,0,main,13.131,46,12,8
cbs,20,0.04,5,4.0,0,6,0.0,False,19128,1047,69,107,0.6449,5,6,66,49,2.2449,8,7.8776,6.0897,10,2.1429,102.6707,5030.865,47.16,9.43,1.816,987,0,0,2,0,164.408,5256,3.6393,0,main,20.254,45,11,10
cbs,20,0.04,6,4.0,0,6,0.0,False,13362,686,47,99,0.4747,4,11,66,49,2.2449,8,6.5918,5.5405,10,2.1224,51.6044,2528.615,43.71,5.16,1.694,580,2,3,0,0,149.146,5454,2.4499,0,main,12.492,52,6,8
cbs,20,0.04,7,4.0,0,6,0.0,False,8995,487,48,79,0.6076,4,9,66,40,2.3,11,7.975,6.0484,10,2.225,32.9132,1316.527,29.21,4.47,1.6,396,0,0,0,0,156.988,5093,1.7661,0,main,18.58,50,9,7
cbs,20,0.04,8,4.0,0,6,0.0,False,16516,857,50,94,0.5319,3,9,66,43,1.8605,10,7.2093,5.8551,10,1.7674,58.0892,2497.837,41.39,3.81,1.93,369,2,6,2,0,179.963,5592,2.9535,0,main,16.081,50,8,8
cbs,20,0.04,9,4.0,0,6,0.0,False,12934,691,44,90,0.4889,3,10,66,42,1.881,10,7.4048,6.0,10,1.7619,28.0329,1177.38,38.96,4.5,1.571,407,2,10,2,0,153.993,4708,2.7472,0,main,10.239,52,7,7
cbs,20,0.04,10,4.0,0,6,0.0,False,20544,1137,79,120,0.6583,6,8,66,56,2.5179,9,8.9286,6.1818,10,2.2857,64.3708,3604.766,60.43,5.48,1.875,715,1,1,1,0,162.559,5534,3.7123,0,main,33.982,46,7,13
cbs,20,0.04,11,4.0,0,6,0.0,False,15170,791,35,125,0.28,2,15,66,55,1.5455,12,6.3091,5.5507,10,1.5273,25.011,1375.605,72.07,2.42,2.273,260,0,0,0,0,166.213,5052,3.0028,0,main,11.611,49,3,14
cbs,20,0.04,12,4.0,0,6,0.0,False,17764,923,45,106,0.4245,3,9,66,46,1.7391,7,6.2391,5.6102,10,1.7174,34.61,1592.06,52.88,4.09,1.804,365,0,0,0,0,147.268,5331,3.3322,0,main,13.959,45,11,10
full_replan,20,0.04,1,4.0,0,6,0.0,False,16609,986,89,98,0.9082,8,1,66,58,6.1034,19,20.0,20.0,20,6.1034,110.2242,6393.003,35.0,0.0,0.0,1160,17,0,0,0,171.55,5301,3.1332,0,main,6.794,38,18,10
full_replan,20,0.04,2,4.0,0,6,0.0,False,17141,904,74,120,0.6167,4,5,66,60,5.75,19,20.0,20.0,20,5.75,419.7534,25185.205,61.57,0.0,0.0,1200,53,0,0,0,140.782,5034,3.405,0,main,25.595,38,16,12
full_replan,20,0.04,3,4.0,0,6,0.0,False,9427,505,77,92,0.837,10,3,66,62,5.8871,19,20.0,20.0,20,5.8871,254.3882,15772.066,27.71,0.0,0.0,1240,60,0,0,0,140.609,5114,1.8434,0,main,16.038,51,8,7
full_replan,20,0.04,4,4.0,0,6,0.0,False,8597,439,62,100,0.62,3,7,66,64,6.1094,19,20.0,20.0,20,6.1094,158.1469,10121.402,40.57,0.0,0.0,1280,34,0,0,0,135.604,4885,1.7599,0,main,10.433,46,12,8
full_replan,20,0.04,5,4.0,0,6,0.0,False,16008,831,75,112,0.6696,4,7,66,64,6.4219,20,20.0,20.0,20,6.4219,226.0748,14468.785,43.98,0.0,0.0,1280,49,0,0,0,153.03,5256,3.0457,0,main,14.965,45,11,10
full_replan,20,0.04,6,4.0,0,6,0.0,False,10994,582,55,97,0.567,6,9,66,63,4.7302,20,20.0,20.0,20,4.7302,240.7747,15168.804,31.01,0.0,0.0,1260,61,0,0,0,161.437,5454,2.0158,0,main,15.472,52,6,8
full_replan,20,0.04,7,4.0,0,6,0.0,False,9529,507,52,82,0.6341,4,9,66,63,5.4762,20,20.0,20.0,20,5.4762,202.1153,12733.265,18.16,0.0,0.0,1260,55,0,0,0,145.767,5093,1.871,0,main,12.972,50,9,7
full_replan,20,0.04,8,4.0,0,6,0.0,False,13043,714,62,89,0.6966,6,6,66,63,4.4603,20,20.0,20.0,20,4.4603,167.1158,10528.293,29.01,0.0,0.0,1260,53,0,0,0,178.851,5592,2.3324,0,main,10.826,50,8,8
full_replan,20,0.04,9,4.0,0,6,0.0,False,7868,402,52,93,0.5591,3,10,66,66,4.7121,19,20.0,20.0,20,4.7121,188.2827,12426.659,26.0,0.0,0.0,1320,61,0,0,0,136.145,4708,1.6712,0,main,12.688,52,7,7
full_replan,20,0.04,10,4.0,0,6,0.0,False,13230,679,67,114,0.5877,4,10,66,63,6.4127,20,20.0,20.0,20,6.4127,225.0274,14176.729,35.35,0.0,0.0,1260,61,0,0,0,153.611,5534,2.3907,0,main,14.521,46,7,13
full_replan,20,0.04,11,4.0,0,6,0.0,False,13918,778,69,123,0.561,8,9,66,66,5.7121,20,20.0,20.0,20,5.7121,1023.4549,67548.023,52.16,0.0,0.0,1320,62,0,0,0,172.773,5052,2.7549,0,main,67.922,49,3,14
full_replan,20,0.04,12,4.0,0,6,0.0,False,14492,756,45,103,0.4369,3,9,66,62,4.0161,19,20.0,20.0,20,4.0161,1329.9886,82459.294,39.77,0.0,0.0,1240,62,0,0,0,157.474,5331,2.7184,0,main,82.695,45,11,10
selfish,10,0.0,1,4.0,0,6,0.0,False,2725,354,30,30,1.0,10,0,0,0,0.0,0,0.0,0.0,0,0.0,0.0,0,0.0,0.0,0.0,0,0,0,0,0,73.389,2725,1.0,0,main,0.006,,,
selfish,10,0.0,2,4.0,0,6,0.0,False,2730,368,30,30,1.0,10,0,0,0,0.0,0,0.0,0.0,0,0.0,0.0,0,0.0,0.0,0.0,0,0,0,0,0,70.027,2730,1.0,0,main,0.007,,,
selfish,10,0.0,3,4.0,0,6,0.0,False,2538,362,30,30,1.0,10,0,0,0,0.0,0,0.0,0.0,0,0.0,0.0,0,0.0,0.0,0.0,0,0,0,0,0,70.312,2538,1.0,0,main,0.007,,,
selfish,10,0.0,4,4.0,0,6,0.0,False,2252,272,30,30,1.0,10,0,0,0,0.0,0,0.0,0.0,0,0.0,0.0,0,0.0,0.0,0.0,0,0,0,0,0,82.292,2252,1.0,0,main,0.006,,,
selfish,10,0.0,5,4.0,0,6,0.0,False,2686,406,30,30,1.0,10,0,0,0,0.0,0,0.0,0.0,0,0.0,0.0,0,0.0,0.0,0.0,0,0,0,0,0,73.75,2686,1.0,0,main,0.008,,,
selfish,10,0.0,6,4.0,0,6,0.0,False,2621,330,30,30,1.0,10,0,0,0,0.0,0,0.0,0.0,0,0.0,0.0,0,0.0,0.0,0.0,0,0,0,0,0,73.216,2621,1.0,0,main,0.006,,,
selfish,10,0.0,7,4.0,0,6,0.0,False,2634,340,30,30,1.0,10,0,0,0,0.0,0,0.0,0.0,0,0.0,0.0,0,0.0,0.0,0.0,0,0,0,0,0,66.983,2634,1.0,0,main,0.007,,,
selfish,10,0.0,8,4.0,0,6,0.0,False,2441,360,30,30,1.0,10,0,0,0,0.0,0,0.0,0.0,0,0.0,0.0,0,0.0,0.0,0.0,0,0,0,0,0,71.115,2441,1.0,0,main,0.006,,,
selfish,10,0.0,9,4.0,0,6,0.0,False,2580,326,30,30,1.0,10,0,0,0,0.0,0,0.0,0.0,0,0.0,0.0,0,0.0,0.0,0.0,0,0,0,0,0,80.186,2580,1.0,0,main,0.007,,,
selfish,10,0.0,10,4.0,0,6,0.0,False,2892,392,30,30,1.0,10,0,0,0,0.0,0,0.0,0.0,0,0.0,0.0,0,0.0,0.0,0.0,0,0,0,0,0,86.496,2892,1.0,0,main,0.008,,,
selfish,10,0.0,11,4.0,0,6,0.0,False,2711,342,30,30,1.0,10,0,0,0,0.0,0,0.0,0.0,0,0.0,0.0,0,0.0,0.0,0.0,0,0,0,0,0,75.9,2711,1.0,0,main,0.007,,,
selfish,10,0.0,12,4.0,0,6,0.0,False,2682,386,30,30,1.0,10,0,0,0,0.0,0,0.0,0.0,0,0.0,0.0,0,0.0,0.0,0.0,0,0,0,0,0,83.447,2682,1.0,0,main,0.007,,,
greedy_pgp,10,0.0,1,4.0,0,6,0.0,False,2725,354,30,30,1.0,10,0,0,0,0.0,0,0.0,0.0,0,0.0,0.0,0,0.0,0.0,0.0,0,0,0,0,0,77.347,2725,1.0,0,main,0.006,,,
greedy_pgp,10,0.0,2,4.0,0,6,0.0,False,2730,368,30,30,1.0,10,0,0,0,0.0,0,0.0,0.0,0,0.0,0.0,0,0.0,0.0,0.0,0,0,0,0,0,67.775,2730,1.0,0,main,0.007,,,
greedy_pgp,10,0.0,3,4.0,0,6,0.0,False,2538,362,30,30,1.0,10,0,0,0,0.0,0,0.0,0.0,0,0.0,0.0,0,0.0,0.0,0.0,0,0,0,0,0,70.312,2538,1.0,0,main,0.007,,,
greedy_pgp,10,0.0,4,4.0,0,6,0.0,False,2252,272,30,30,1.0,10,0,0,0,0.0,0,0.0,0.0,0,0.0,0.0,0,0.0,0.0,0.0,0,0,0,0,0,82.292,2252,1.0,0,main,0.006,,,
greedy_pgp,10,0.0,5,4.0,0,6,0.0,False,2686,406,30,30,1.0,10,0,0,0,0.0,0,0.0,0.0,0,0.0,0.0,0,0.0,0.0,0.0,0,0,0,0,0,73.75,2686,1.0,0,main,0.008,,,
greedy_pgp,10,0.0,6,4.0,0,6,0.0,False,2621,330,30,30,1.0,10,0,0,0,0.0,0,0.0,0.0,0,0.0,0.0,0,0.0,0.0,0.0,0,0,0,0,0,73.216,2621,1.0,0,main,0.007,,,
greedy_pgp,10,0.0,7,4.0,0,6,0.0,False,2634,340,30,30,1.0,10,0,0,0,0.0,0,0.0,0.0,0,0.0,0.0,0,0.0,0.0,0.0,0,0,0,0,0,66.983,2634,1.0,0,main,0.007,,,
greedy_pgp,10,0.0,8,4.0,0,6,0.0,False,2441,360,30,30,1.0,10,0,0,0,0.0,0,0.0,0.0,0,0.0,0.0,0,0.0,0.0,0.0,0,0,0,0,0,71.115,2441,1.0,0,main,0.007,,,
greedy_pgp,10,0.0,9,4.0,0,6,0.0,False,2580,326,30,30,1.0,10,0,0,0,0.0,0,0.0,0.0,0,0.0,0.0,0,0.0,0.0,0.0,0,0,0,0,0,74.93,2580,1.0,0,main,0.007,,,
greedy_pgp,10,0.0,10,4.0,0,6,0.0,False,2892,392,30,30,1.0,10,0,0,0,0.0,0,0.0,0.0,0,0.0,0.0,0,0.0,0.0,0.0,0,0,0,0,0,83.166,2892,1.0,0,main,0.007,,,
greedy_pgp,10,0.0,11,4.0,0,6,0.0,False,2711,342,30,30,1.0,10,0,0,0,0.0,0,0.0,0.0,0,0.0,0.0,0,0.0,0.0,0.0,0,0,0,0,0,72.093,2711,1.0,0,main,0.007,,,
greedy_pgp,10,0.0,12,4.0,0,6,0.0,False,2682,386,30,30,1.0,10,0,0,0,0.0,0,0.0,0.0,0,0.0,0.0,0,0.0,0.0,0.0,0,0,0,0,0,74.217,2682,1.0,0,main,0.007,,,
adopt,10,0.0,1,4.0,0,6,0.0,False,2725,354,30,30,1.0,10,0,0,0,0.0,0,0.0,0.0,0,0.0,0.0,0,0.0,0.0,0.0,0,0,0,0,0,73.389,2725,1.0,0,main,0.007,,,
adopt,10,0.0,2,4.0,0,6,0.0,False,2730,368,30,30,1.0,10,0,0,0,0.0,0,0.0,0.0,0,0.0,0.0,0,0.0,0.0,0.0,0,0,0,0,0,70.027,2730,1.0,0,main,0.007,,,
adopt,10,0.0,3,4.0,0,6,0.0,False,2538,362,30,30,1.0,10,0,0,0,0.0,0,0.0,0.0,0,0.0,0.0,0,0.0,0.0,0.0,0,0,0,0,0,70.312,2538,1.0,0,main,0.007,,,
adopt,10,0.0,4,4.0,0,6,0.0,False,2252,272,30,30,1.0,10,0,0,0,0.0,0,0.0,0.0,0,0.0,0.0,0,0.0,0.0,0.0,0,0,0,0,0,82.292,2252,1.0,0,main,0.006,,,
adopt,10,0.0,5,4.0,0,6,0.0,False,2686,406,30,30,1.0,10,0,0,0,0.0,0,0.0,0.0,0,0.0,0.0,0,0.0,0.0,0.0,0,0,0,0,0,73.75,2686,1.0,0,main,0.008,,,
adopt,10,0.0,6,4.0,0,6,0.0,False,2621,330,30,30,1.0,10,0,0,0,0.0,0,0.0,0.0,0,0.0,0.0,0,0.0,0.0,0.0,0,0,0,0,0,73.216,2621,1.0,0,main,0.007,,,
adopt,10,0.0,7,4.0,0,6,0.0,False,2634,340,30,30,1.0,10,0,0,0,0.0,0,0.0,0.0,0,0.0,0.0,0,0.0,0.0,0.0,0,0,0,0,0,66.983,2634,1.0,0,main,0.007,,,
adopt,10,0.0,8,4.0,0,6,0.0,False,2441,360,30,30,1.0,10,0,0,0,0.0,0,0.0,0.0,0,0.0,0.0,0,0.0,0.0,0.0,0,0,0,0,0,71.115,2441,1.0,0,main,0.007,,,
adopt,10,0.0,9,4.0,0,6,0.0,False,2580,326,30,30,1.0,10,0,0,0,0.0,0,0.0,0.0,0,0.0,0.0,0,0.0,0.0,0.0,0,0,0,0,0,74.93,2580,1.0,0,main,0.007,,,
adopt,10,0.0,10,4.0,0,6,0.0,False,2892,392,30,30,1.0,10,0,0,0,0.0,0,0.0,0.0,0,0.0,0.0,0,0.0,0.0,0.0,0,0,0,0,0,83.166,2892,1.0,0,main,0.008,,,
adopt,10,0.0,11,4.0,0,6,0.0,False,2711,342,30,30,1.0,10,0,0,0,0.0,0,0.0,0.0,0,0.0,0.0,0,0.0,0.0,0.0,0,0,0,0,0,75.9,2711,1.0,0,main,0.008,,,
adopt,10,0.0,12,4.0,0,6,0.0,False,2682,386,30,30,1.0,10,0,0,0,0.0,0,0.0,0.0,0,0.0,0.0,0,0.0,0.0,0.0,0,0,0,0,0,83.447,2682,1.0,0,main,0.008,,,
cbs,10,0.0,1,4.0,0,6,0.0,False,2725,354,30,30,1.0,10,0,0,0,0.0,0,0.0,0.0,0,0.0,0.0,0,0.0,0.0,0.0,0,0,0,0,0,77.347,2725,1.0,0,main,0.006,,,
cbs,10,0.0,2,4.0,0,6,0.0,False,2730,368,30,30,1.0,10,0,0,0,0.0,0,0.0,0.0,0,0.0,0.0,0,0.0,0.0,0.0,0,0,0,0,0,67.775,2730,1.0,0,main,0.006,,,
cbs,10,0.0,3,4.0,0,6,0.0,False,2538,362,30,30,1.0,10,0,0,0,0.0,0,0.0,0.0,0,0.0,0.0,0,0.0,0.0,0.0,0,0,0,0,0,70.312,2538,1.0,0,main,0.006,,,
cbs,10,0.0,4,4.0,0,6,0.0,False,2252,272,30,30,1.0,10,0,0,0,0.0,0,0.0,0.0,0,0.0,0.0,0,0.0,0.0,0.0,0,0,0,0,0,82.292,2252,1.0,0,main,0.005,,,
cbs,10,0.0,5,4.0,0,6,0.0,False,2686,406,30,30,1.0,10,0,0,0,0.0,0,0.0,0.0,0,0.0,0.0,0,0.0,0.0,0.0,0,0,0,0,0,73.75,2686,1.0,0,main,0.008,,,
cbs,10,0.0,6,4.0,0,6,0.0,False,2621,330,30,30,1.0,10,0,0,0,0.0,0,0.0,0.0,0,0.0,0.0,0,0.0,0.0,0.0,0,0,0,0,0,73.216,2621,1.0,0,main,0.007,,,
cbs,10,0.0,7,4.0,0,6,0.0,False,2634,340,30,30,1.0,10,0,0,0,0.0,0,0.0,0.0,0,0.0,0.0,0,0.0,0.0,0.0,0,0,0,0,0,76.085,2634,1.0,0,main,0.007,,,
cbs,10,0.0,8,4.0,0,6,0.0,False,2441,360,30,30,1.0,10,0,0,0,0.0,0,0.0,0.0,0,0.0,0.0,0,0.0,0.0,0.0,0,0,0,0,0,71.565,2441,1.0,0,main,0.006,,,
cbs,10,0.0,9,4.0,0,6,0.0,False,2580,326,30,30,1.0,10,0,0,0,0.0,0,0.0,0.0,0,0.0,0.0,0,0.0,0.0,0.0,0,0,0,0,0,74.93,2580,1.0,0,main,0.007,,,
cbs,10,0.0,10,4.0,0,6,0.0,False,2892,392,30,30,1.0,10,0,0,0,0.0,0,0.0,0.0,0,0.0,0.0,0,0.0,0.0,0.0,0,0,0,0,0,83.166,2892,1.0,0,main,0.008,,,
cbs,10,0.0,11,4.0,0,6,0.0,False,2711,342,30,30,1.0,10,0,0,0,0.0,0,0.0,0.0,0,0.0,0.0,0,0.0,0.0,0.0,0,0,0,0,0,75.9,2711,1.0,0,main,0.007,,,
cbs,10,0.0,12,4.0,0,6,0.0,False,2682,386,30,30,1.0,10,0,0,0,0.0,0,0.0,0.0,0,0.0,0.0,0,0.0,0.0,0.0,0,0,0,0,0,83.447,2682,1.0,0,main,0.007,,,
full_replan,10,0.0,1,4.0,0,6,0.0,False,2725,354,30,30,1.0,10,0,0,0,0.0,0,0.0,0.0,0,0.0,0.0,0,0.0,0.0,0.0,0,0,0,0,0,73.389,2725,1.0,0,main,0.007,,,
full_replan,10,0.0,2,4.0,0,6,0.0,False,2730,368,30,30,1.0,10,0,0,0,0.0,0,0.0,0.0,0,0.0,0.0,0,0.0,0.0,0.0,0,0,0,0,0,70.027,2730,1.0,0,main,0.007,,,
full_replan,10,0.0,3,4.0,0,6,0.0,False,2538,362,30,30,1.0,10,0,0,0,0.0,0,0.0,0.0,0,0.0,0.0,0,0.0,0.0,0.0,0,0,0,0,0,70.312,2538,1.0,0,main,0.007,,,
full_replan,10,0.0,4,4.0,0,6,0.0,False,2252,272,30,30,1.0,10,0,0,0,0.0,0,0.0,0.0,0,0.0,0.0,0,0.0,0.0,0.0,0,0,0,0,0,82.292,2252,1.0,0,main,0.006,,,
full_replan,10,0.0,5,4.0,0,6,0.0,False,2686,406,30,30,1.0,10,0,0,0,0.0,0,0.0,0.0,0,0.0,0.0,0,0.0,0.0,0.0,0,0,0,0,0,73.75,2686,1.0,0,main,0.008,,,
full_replan,10,0.0,6,4.0,0,6,0.0,False,2621,330,30,30,1.0,10,0,0,0,0.0,0,0.0,0.0,0,0.0,0.0,0,0.0,0.0,0.0,0,0,0,0,0,73.216,2621,1.0,0,main,0.007,,,
full_replan,10,0.0,7,4.0,0,6,0.0,False,2634,340,30,30,1.0,10,0,0,0,0.0,0,0.0,0.0,0,0.0,0.0,0,0.0,0.0,0.0,0,0,0,0,0,66.983,2634,1.0,0,main,0.007,,,
full_replan,10,0.0,8,4.0,0,6,0.0,False,2441,360,30,30,1.0,10,0,0,0,0.0,0,0.0,0.0,0,0.0,0.0,0,0.0,0.0,0.0,0,0,0,0,0,71.115,2441,1.0,0,main,0.007,,,
full_replan,10,0.0,9,4.0,0,6,0.0,False,2580,326,30,30,1.0,10,0,0,0,0.0,0,0.0,0.0,0,0.0,0.0,0,0.0,0.0,0.0,0,0,0,0,0,74.93,2580,1.0,0,main,0.007,,,
full_replan,10,0.0,10,4.0,0,6,0.0,False,2892,392,30,30,1.0,10,0,0,0,0.0,0,0.0,0.0,0,0.0,0.0,0,0.0,0.0,0.0,0,0,0,0,0,83.166,2892,1.0,0,main,0.008,,,
full_replan,10,0.0,11,4.0,0,6,0.0,False,2711,342,30,30,1.0,10,0,0,0,0.0,0,0.0,0.0,0,0.0,0.0,0,0.0,0.0,0.0,0,0,0,0,0,75.9,2711,1.0,0,main,0.007,,,
full_replan,10,0.0,12,4.0,0,6,0.0,False,2682,386,30,30,1.0,10,0,0,0,0.0,0,0.0,0.0,0,0.0,0.0,0,0.0,0.0,0.0,0,0,0,0,0,83.447,2682,1.0,0,main,0.007,,,
selfish,10,0.01,1,4.0,0,6,0.0,False,3788,439,28,30,0.9333,5,1,16,10,2.0,6,4.7,4.5833,6,2.0,4.6943,46.943,5.29,0.0,1.9,20,0,0,0,0,73.389,2725,1.3901,0,main,0.75,11,5,
selfish,10,0.01,2,4.0,0,6,0.0,False,5803,593,36,43,0.8372,2,3,16,11,2.6364,7,5.0909,4.9333,6,2.0909,7.0359,77.395,23.55,0.0,2.182,29,0,0,0,0,70.027,2730,2.1256,0,main,0.976,7,5,4
selfish,10,0.01,3,4.0,0,6,0.0,False,5318,611,28,32,0.875,3,3,16,12,2.1667,5,4.5,4.2143,6,1.8333,7.6806,92.167,8.53,0.0,2.167,26,0,0,0,0,75.262,2538,2.0954,0,main,1.209,10,5,1
selfish,10,0.01,4,4.0,0,6,0.0,False,3586,381,26,38,0.6842,3,3,16,10,2.8,7,4.6,4.2,6,2.2,6.7053,67.053,22.62,0.0,1.6,28,3,4,0,0,81.526,2252,1.5924,0,main,0.909,10,4,2
selfish,10,0.01,5,4.0,0,6,0.0,False,5078,536,29,40,0.725,4,4,16,10,2.2,7,3.8,3.3846,6,1.7,6.4493,64.493,27.87,0.0,1.9,22,0,0,0,0,86.078,2686,1.8905,0,main,0.762,11,2,3
selfish,10,0.01,6,4.0,0,6,0.0,False,4650,512,29,42,0.6905,4,4,16,10,3.2,7,6.7,5.7333,6,3.1,9.3006,93.006,63.86,0.0,1.8,32,0,0,0,0,77.305,2621,1.7741,0,main,1.422,12,2,2
selfish,10,0.01,7,4.0,0,6,0.0,False,4362,506,35,43,0.814,5,4,16,14,1.8571,5,5.4286,5.25,6,1.7143,4.8527,67.938,40.83,0.0,2.286,26,0,0,0,0,66.983,2634,1.656,0,main,0.919,12,1,3
selfish,10,0.01,8,4.0,0,6,0.0,False,2981,388,37,39,0.9487,8,2,16,10,2.9,8,6.4,5.8462,6,2.3,9.1143,91.143,12.31,0.0,1.7,29,1,1,0,0,71.115,2441,1.2212,0,main,0.988,13,,3
selfish,10,0.01,9,4.0,0,6,0.0,False,2828,334,25,30,0.8333,5,3,16,8,1.875,3,3.125,3.125,6,1.875,4.1858,33.486,5.6,0.0,1.875,15,1,3,0,0,80.186,2580,1.0961,0,main,0.486,12,2,2
selfish,10,0.01,10,4.0,0,6,0.0,False,5025,574,30,39,0.7692,5,4,16,13,2.3077,5,5.2308,5.1429,6,2.1538,7.9378,103.191,6.0,0.0,1.538,30,0,0,0,0,86.496,2892,1.7376,0,main,1.144,11,1,4
selfish,10,0.01,11,4.0,0,6,0.0,False,3359,432,29,30,0.9667,7,1,16,8,2.125,4,4.625,4.4444,6,2.125,5.5719,44.575,4.5,0.0,2.0,17,0,0,0,0,77.635,2711,1.239,0,main,0.825,13,3,
selfish,10,0.01,12,4.0,0,6,0.0,False,4489,476,33,41,0.8049,4,4,16,12,2.3333,5,5.25,5.2308,6,2.1667,6.9526,83.431,25.65,0.0,1.75,28,0,0,0,0,72.133,2682,1.6738,0,main,1.06,10,3,3
greedy_pgp,10,0.01,1,4.0,0,6,0.0,False,3794,439,28,30,0.9333,5,1,16,10,1.9,6,4.7,4.6364,6,1.9,1.1233,11.233,10.71,1.3,1.9,0,0,0,0,0,73.389,2725,1.3923,0,main,0.654,11,5,
greedy_pgp,10,0.01,2,4.0,0,6,0.0,False,6530,667,30,45,0.6667,1,4,16,10,1.8,7,4.8,4.7143,6,1.8,2.0846,20.846,42.53,1.2,1.8,0,0,0,0,0,70.027,2730,2.3919,0,main,0.794,7,5,4
greedy_pgp,10,0.01,3,4.0,0,6,0.0,False,5885,638,28,32,0.875,3,3,16,12,2.0,4,4.25,4.0714,6,1.9167,2.4984,29.981,13.53,1.33,2.083,5,0,0,0,0,75.262,2538,2.3188,0,main,1.028,10,5,1
greedy_pgp,10,0.01,4,4.0,0,6,0.0,False,3088,319,21,35,0.6,3,3,16,8,2.125,6,4.875,4.8182,6,2.125,1.7074,13.659,35.54,1.62,2.25,0,1,2,0,0,81.526,2252,1.3712,0,main,0.647,10,4,2
greedy_pgp,10,0.01,5,4.0,0,6,0.0,False,4610,461,22,40,0.55,1,7,16,8,2.0,7,4.875,4.1818,6,1.875,1.5033,12.027,37.38,1.38,2.125,0,0,0,0,0,86.078,2686,1.7163,0,main,0.681,11,2,3
greedy_pgp,10,0.01,6,4.0,0,6,0.0,False,4495,486,29,42,0.6905,4,4,16,11,3.3636,8,7.0909,5.8235,6,3.3636,3.7915,41.707,72.6,1.64,2.182,6,0,0,0,0,77.305,2621,1.715,0,main,1.509,12,2,2
greedy_pgp,10,0.01,7,4.0,0,6,0.0,False,4190,493,29,43,0.6744,4,5,16,13,1.6923,5,5.1538,5.0,6,1.6154,2.6048,33.863,52.06,1.54,2.385,5,0,0,0,0,85.072,2634,1.5907,0,main,0.903,12,1,3
greedy_pgp,10,0.01,8,4.0,0,6,0.0,False,2969,364,33,40,0.825,6,4,16,10,2.3,6,6.5,5.9231,6,2.2,3.5388,35.388,32.54,1.5,1.7,6,1,1,0,0,65.009,2441,1.2163,0,main,0.97,13,,3
greedy_pgp,10,0.01,9,4.0,0,6,0.0,False,2823,333,25,30,0.8333,5,3,16,8,2.0,3,3.125,3.125,6,2.0,0.4175,3.34,8.8,1.38,1.875,0,1,3,0,0,74.93,2580,1.0942,0,main,0.431,12,2,2
greedy_pgp,10,0.01,10,4.0,0,6,0.0,False,4452,541,30,39,0.7692,5,4,16,13,2.5385,5,5.1538,5.0,6,2.5385,3.3949,44.134,21.56,1.46,1.769,12,0,0,0,0,83.166,2892,1.5394,0,main,1.101,11,1,4
greedy_pgp,10,0.01,11,4.0,0,6,0.0,False,3359,432,29,30,0.9667,7,1,16,8,2.125,4,4.625,4.4444,6,2.125,1.2334,9.867,16.5,1.62,2.0,0,0,0,0,0,72.093,2711,1.239,0,main,0.765,13,3,
greedy_pgp,10,0.01,12,4.0,0,6,0.0,False,2882,296,26,42,0.619,2,6,16,10,1.9,5,5.1,4.9091,6,1.8,1.6777,16.777,39.93,1.6,2.1,0,0,0,0,0,74.217,2682,1.0746,0,main,0.861,10,3,3
adopt,10,0.01,1,4.0,0,6,0.0,False,3794,439,28,30,0.9333,5,1,16,10,1.9,6,4.7,4.6364,6,1.9,2.6574,26.574,54.93,6.9,1.9,0,0,0,0,0,79.536,2725,1.3923,0,main,0.645,11,5,
adopt,10,0.01,2,4.0,0,6,0.0,False,5950,595,27,45,0.6,0,5,16,10,1.8,7,4.9,4.7857,6,1.8,4.0371,40.371,80.63,6.0,1.8,0,0,0,0,0,63.297,2730,2.1795,0,main,0.838,7,5,4
adopt,10,0.01,3,4.0,0,6,0.0,False,5885,638,28,32,0.875,3,3,16,12,2.0,4,4.25,4.0714,6,1.9167,2.8795,34.554,51.06,4.33,2.083,0,0,0,0,0,70.312,2538,2.3188,0,main,1.032,10,5,1
adopt,10,0.01,4,4.0,0,6,0.0,False,3200,333,22,35,0.6286,3,3,16,9,2.1111,5,4.4444,4.4167,6,2.1111,4.0019,36.017,92.86,6.22,2.0,0,2,3,0,0,82.292,2252,1.421,0,main,0.67,10,4,2
adopt,10,0.01,5,4.0,0,6,0.0,False,4610,461,22,40,0.55,1,7,16,8,2.0,7,4.875,4.1818,6,1.875,2.3695,18.956,58.62,4.12,2.125,0,0,0,0,0,84.86,2686,1.7163,0,main,0.66,11,2,3
adopt,10,0.01,6,4.0,0,6,0.0,False,4495,486,29,42,0.6905,4,4,16,11,3.2727,8,7.0909,5.8235,6,3.2727,4.7069,51.776,144.87,7.82,2.182,0,0,0,0,0,82.243,2621,1.715,0,main,1.491,12,2,2
adopt,10,0.01,7,4.0,0,6,0.0,False,4381,493,29,44,0.6591,3,6,16,13,1.5385,5,4.4615,4.4,6,1.4615,2.4347,31.651,88.71,5.0,2.154,0,0,0,0,0,66.795,2634,1.6632,0,main,0.789,12,1,3
adopt,10,0.01,8,4.0,0,6,0.0,False,3066,360,33,38,0.8684,7,3,16,10,1.9,6,6.7,6.0,6,1.9,5.6803,56.803,136.62,9.9,1.7,0,1,1,0,0,74.224,2441,1.256,0,main,0.978,13,,3
adopt,10,0.01,9,4.0,0,6,0.0,False,2823,333,25,30,0.8333,5,3,16,8,1.875,3,3.125,3.125,6,1.875,1.0764,8.611,19.4,2.62,1.875,0,1,3,0,0,80.186,2580,1.0942,0,main,0.47,12,2,2
adopt,10,0.01,10,4.0,0,6,0.0,False,4157,482,28,38,0.7368,5,4,16,13,2.4615,5,5.0769,4.9333,6,2.4615,3.4019,44.224,85.94,7.15,1.692,0,0,0,0,0,86.496,2892,1.4374,0,main,1.06,11,1,4
adopt,10,0.01,11,4.0,0,6,0.0,False,3359,432,29,30,0.9667,7,1,16,8,2.125,4,4.625,4.4444,6,2.125,2.5299,20.239,53.6,4.88,2.0,0,0,0,0,0,77.081,2711,1.239,0,main,0.769,13,3,
adopt,10,0.01,12,4.0,0,6,0.0,False,2882,296,26,42,0.619,2,6,16,10,1.9,5,5.1,4.9091,6,1.8,3.1481,31.481,71.13,5.6,2.1,0,0,0,0,0,68.864,2682,1.0746,0,main,0.879,10,3,3
cbs,10,0.01,1,4.0,0,6,0.0,False,3788,439,28,30,0.9333,5,1,16,9,2.1111,6,4.4444,4.4545,6,2.1111,10.79,97.11,5.69,2.56,2.0,47,0,0,0,0,73.389,2725,1.3901,0,main,0.73,11,5,
cbs,10,0.01,2,4.0,0,6,0.0,False,5920,592,27,45,0.6,0,5,16,11,1.8182,7,4.5455,4.5333,6,1.8182,9.3978,103.376,37.75,1.64,1.727,34,0,0,0,0,70.027,2730,2.1685,0,main,0.91,7,5,4
cbs,10,0.01,3,4.0,0,6,0.0,False,5873,638,28,32,0.875,3,3,16,12,1.8333,4,4.3333,4.1429,6,1.8333,12.5232,150.279,8.35,1.58,2.083,36,0,0,0,0,75.262,2538,2.314,0,main,1.186,10,5,1
cbs,10,0.01,4,4.0,0,6,0.0,False,3480,368,20,35,0.5714,2,4,16,7,1.0,4,6.0,5.3,6,1.0,11.7927,82.549,30.25,2.14,2.286,23,0,0,0,0,81.526,2252,1.5453,0,main,0.964,10,4,2
cbs,10,0.01,5,4.0,0,6,0.0,False,5289,536,24,42,0.5714,2,6,16,9,1.5556,7,4.2222,3.75,6,1.5556,12.7898,115.108,38.57,1.78,2.0,32,0,0,0,0,86.078,2686,1.9691,0,main,0.793,11,2,3
cbs,10,0.01,6,4.0,0,6,0.0,False,4647,512,29,42,0.6905,4,4,16,11,2.2727,4,6.6364,5.7059,9,2.2727,15.9219,175.141,61.27,2.36,2.091,55,0,0,0,0,77.305,2621,1.773,0,main,1.884,12,2,2
cbs,10,0.01,7,4.0,0,6,0.0,False,4217,493,29,43,0.6744,4,5,16,14,1.3571,5,4.2143,4.125,6,1.2857,6.5672,91.94,40.89,1.64,2.0,37,0,0,0,0,85.072,2634,1.601,0,main,0.843,12,1,3
cbs,10,0.01,8,4.0,0,6,0.0,False,3086,360,31,38,0.8158,7,3,16,10,1.3,4,6.3,6.0,10,1.3,31.1181,311.181,11.08,5.5,2.0,103,0,0,0,0,65.009,2441,1.2642,0,main,1.579,13,,3
cbs,10,0.01,9,4.0,0,6,0.0,False,2708,310,23,30,0.7667,5,3,16,8,1.5,3,3.0,3.0,5,1.5,5.5984,44.787,5.6,1.25,1.875,16,0,0,0,0,82.845,2580,1.0496,0,main,0.497,12,2,2
cbs,10,0.01,10,4.0,0,6,0.0,False,4456,482,26,39,0.6667,3,6,16,13,1.8462,4,5.4615,5.5,9,1.8462,35.7519,464.775,6.0,6.23,1.769,168,0,0,1,0,88.361,2892,1.5408,0,main,1.916,11,1,4
cbs,10,0.01,11,4.0,0,6,0.0,False,3359,432,29,30,0.9667,7,1,16,8,2.125,4,4.625,4.4444,6,2.125,14.4055,115.244,4.5,2.12,2.0,35,0,0,0,0,75.9,2711,1.239,0,main,0.848,13,3,
cbs,10,0.01,12,4.0,0,6,0.0,False,5404,611,30,40,0.75,3,5,16,12,1.4167,4,4.8333,4.8462,6,1.3333,19.0921,229.105,23.12,3.75,2.0,83,0,0,0,0,83.447,2682,2.0149,0,main,1.205,10,3,3
full_replan,10,0.01,1,4.0,0,6,0.0,False,3781,439,30,30,1.0,6,0,16,15,3.2,8,10.0,10.0,10,3.2,31.741,476.116,3.89,0.0,0.0,150,0,0,0,0,77.347,2725,1.3875,0,main,0.505,11,5,
full_replan,10,0.01,2,4.0,0,6,0.0,False,5990,628,35,42,0.8333,3,2,16,16,3.1875,9,10.0,10.0,10,3.1875,68.2639,1092.223,30.2,0.0,0.0,160,13,0,0,0,67.775,2730,2.1941,0,main,1.145,7,5,4
full_replan,10,0.01,3,4.0,0,6,0.0,False,4838,654,32,32,1.0,6,0,16,15,3.0,8,10.0,10.0,10,3.0,29.3457,440.185,6.7,0.0,0.0,150,0,0,0,0,70.47,2538,1.9062,0,main,0.482,10,5,1
full_replan,10,0.01,4,4.0,0,6,0.0,False,3750,414,27,36,0.75,4,2,16,16,3.3125,9,10.0,10.0,10,3.3125,65.5753,1049.204,13.0,0.0,0.0,160,13,0,0,0,72.271,2252,1.6652,0,main,1.08,10,4,2
full_replan,10,0.01,5,4.0,0,6,0.0,False,3845,458,40,40,1.0,8,0,16,15,3.0667,9,10.0,10.0,10,3.0667,30.5066,457.599,14.6,0.0,0.0,150,0,0,0,0,86.078,2686,1.4315,0,main,0.496,11,2,3
full_replan,10,0.01,6,4.0,0,6,0.0,False,3754,451,42,42,1.0,8,0,16,16,5.0625,9,10.0,10.0,10,5.0625,44.2291,707.666,44.4,0.0,0.0,160,0,0,0,0,77.305,2621,1.4323,0,main,0.761,12,2,2
full_replan,10,0.01,7,4.0,0,6,0.0,False,3503,468,40,40,1.0,9,0,16,16,4.25,9,10.0,10.0,10,4.25,30.4132,486.612,31.1,0.0,0.0,160,0,0,0,0,85.072,2634,1.3299,0,main,0.529,12,1,3
full_replan,10,0.01,8,4.0,0,6,0.0,False,2647,359,36,39,0.9231,9,1,16,16,4.25,10,10.0,10.0,10,4.25,41.4653,663.445,8.42,0.0,0.0,160,9,0,0,0,65.009,2441,1.0844,0,main,0.693,13,,3
full_replan,10,0.01,9,4.0,0,6,0.0,False,2706,310,23,30,0.7667,5,3,16,14,1.5714,5,10.0,10.0,10,1.5714,33.1692,464.369,3.5,0.0,0.0,140,4,0,0,0,74.93,2580,1.0488,0,main,0.488,12,2,2
full_replan,10,0.01,10,4.0,0,6,0.0,False,3910,524,41,41,1.0,9,0,16,16,4.6875,10,10.0,10.0,10,4.6875,31.6695,506.712,9.67,0.0,0.0,160,0,0,0,0,83.166,2892,1.352,0,main,0.547,11,1,4
full_replan,10,0.01,11,4.0,0,6,0.0,False,3337,429,30,30,1.0,8,0,16,15,2.2,8,10.0,10.0,10,2.2,31.8282,477.424,2.65,0.0,0.0,150,0,0,0,0,77.081,2711,1.2309,0,main,0.507,13,3,
full_replan,10,0.01,12,4.0,0,6,0.0,False,3933,474,43,43,1.0,8,0,16,15,3.7333,10,10.0,10.0,10,3.7333,32.3046,484.569,35.35,0.0,0.0,150,0,0,0,0,68.864,2682,1.4664,0,main,0.53,10,3,3
selfish,10,0.02,1,4.0,0,6,0.0,False,6080,608,15,39,0.3846,0,5,33,17,2.0,7,4.1765,4.0,6,1.8235,4.8464,82.389,11.23,0.0,1.824,34,7,13,0,0,77.347,2725,2.2312,0,main,1.017,23,6,4
selfish,10,0.02,2,4.0,0,6,0.0,False,8127,843,44,52,0.8462,1,3,33,22,2.9545,6,5.3182,4.8333,6,2.7727,12.1435,267.157,31.94,0.0,2.273,65,1,3,0,0,67.775,2730,2.9769,0,main,2.672,19,8,6
selfish,10,0.02,3,4.0,0,6,0.0,False,5393,616,31,35,0.8857,4,2,33,27,2.0,5,4.3704,4.3333,6,1.8148,6.6141,178.581,5.52,0.0,2.148,54,0,0,0,0,83.922,2538,2.1249,0,main,2.729,26,5,2
selfish,10,0.02,4,4.0,0,6,0.0,False,6180,618,26,43,0.6047,1,4,33,24,2.9167,7,5.0,4.7273,6,2.6667,29.4754,707.41,25.76,0.0,1.625,70,8,11,0,0,76.325,2252,2.7442,0,main,4.181,20,8,5
selfish,10,0.02,5,4.0,0,6,0.0,False,6276,694,40,44,0.9091,5,1,33,23,2.3913,6,5.3043,5.1071,6,2.1304,18.1025,416.358,20.74,0.0,2.348,55,0,0,0,0,84.86,2686,2.3366,0,main,3.786,24,5,4
selfish,10,0.02,6,4.0,0,6,0.0,False,5360,536,21,42,0.5,1,5,33,19,2.0,7,4.4211,4.4286,6,1.7895,5.3901,102.412,23.69,0.0,1.684,38,5,5,0,0,82.243,2621,2.045,0,main,1.576,25,5,3
selfish,10,0.02,7,4.0,0,6,0.0,False,5156,569,24,41,0.5854,3,4,33,20,1.95,5,4.2,4.1429,6,1.8,5.3134,106.267,15.04,0.0,2.15,39,2,3,0,0,66.983,2634,1.9575,0,main,1.456,25,4,4
selfish,10,0.02,8,4.0,0,6,0.0,False,3484,385,25,39,0.641,3,4,33,16,2.3125,8,4.5,4.4737,6,1.8125,5.3688,85.901,11.48,0.0,1.5,37,2,4,0,0,71.115,2441,1.4273,0,main,1.112,24,3,6
selfish,10,0.02,9,4.0,0,6,0.0,False,3014,334,16,30,0.5333,2,3,33,14,1.4286,4,2.7143,2.8667,6,1.4286,3.4416,48.182,8.32,0.0,1.857,20,2,5,0,0,66.915,2580,1.1682,0,main,0.824,25,5,3
selfish,10,0.02,10,4.0,0,6,0.0,False,4970,497,23,52,0.4423,1,5,33,22,2.9545,6,5.5909,5.2069,6,2.6364,7.96,175.119,25.78,0.0,1.591,65,6,9,0,0,79.669,2892,1.7185,0,main,2.273,22,5,6
selfish,10,0.02,11,4.0,0,6,0.0,False,3684,408,28,41,0.6829,4,4,33,20,1.75,4,3.8,3.5909,6,1.7,5.6788,113.577,22.12,0.0,1.95,35,3,3,0,0,77.081,2711,1.3589,0,main,1.495,27,3,3
selfish,10,0.02,12,4.0,0,6,0.0,False,5601,648,34,42,0.8095,4,2,33,23,2.1304,5,4.7391,4.4615,6,1.8696,6.8863,158.386,15.52,0.0,1.696,49,0,0,0,0,68.864,2682,2.0884,0,main,2.045,23,5,5
greedy_pgp,10,0.02,1,4.0,0,6,0.0,False,6650,665,15,37,0.4054,1,4,33,18,1.6667,8,3.0,2.9048,6,1.6667,0.6186,11.134,10.52,1.17,1.667,0,6,10,0,0,82.228,2725,2.4404,0,main,0.913,23,6,4
greedy_pgp,10,0.02,2,4.0,0,6,0.0,False,11090,1158,41,53,0.7736,2,2,33,20,2.15,6,4.8,4.68,6,2.15,2.9095,58.191,45.62,1.45,2.15,0,0,0,0,0,89.34,2730,4.0623,0,main,1.893,19,8,6
greedy_pgp,10,0.02,3,4.0,0,6,0.0,False,5684,618,29,35,0.8286,3,3,33,26,2.0385,5,3.8077,3.8276,6,1.9615,2.9547,76.822,12.84,1.31,1.615,18,0,0,0,0,70.312,2538,2.2396,0,main,2.369,26,5,2
greedy_pgp,10,0.02,4,4.0,0,6,0.0,False,3213,329,19,43,0.4419,1,4,33,18,2.0,4,5.0556,4.8696,6,1.8889,2.6048,46.886,45.33,1.56,2.222,6,5,5,0,0,82.292,2252,1.4267,0,main,1.536,20,8,5
greedy_pgp,10,0.02,5,4.0,0,6,0.0,False,6092,689,46,46,1.0,6,0,33,26,2.1538,6,5.0385,4.8,6,2.0385,6.9547,180.822,47.79,1.69,2.269,12,0,0,0,0,76.646,2686,2.2681,0,main,3.777,24,5,4
greedy_pgp,10,0.02,6,4.0,0,6,0.0,False,5739,608,26,42,0.619,3,3,33,19,2.0526,8,4.6842,4.6667,6,1.8947,1.4915,28.339,29.15,1.26,1.789,0,3,3,0,0,83.611,2621,2.1896,0,main,1.565,25,5,3
greedy_pgp,10,0.02,7,4.0,0,6,0.0,False,5130,566,25,41,0.6098,3,4,33,19,1.8421,5,4.2105,4.15,6,1.8421,1.5961,30.326,16.88,1.42,1.895,4,3,4,0,0,62.354,2634,1.9476,0,main,1.261,25,4,4
greedy_pgp,10,0.02,8,4.0,0,6,0.0,False,5620,690,36,41,0.878,4,3,33,21,2.1905,6,4.7143,4.4615,6,2.1429,2.8287,59.403,19.59,1.43,1.762,12,1,1,0,0,77.643,2441,2.3023,0,main,1.581,24,3,6
greedy_pgp,10,0.02,9,4.0,0,6,0.0,False,3014,334,16,30,0.5333,2,3,33,14,1.5,4,2.6429,2.7333,6,1.5,0.5241,7.338,10.63,1.14,1.786,0,2,5,0,0,71.236,2580,1.1682,0,main,0.735,25,5,3
greedy_pgp,10,0.02,10,4.0,0,6,0.0,False,3040,304,19,51,0.3725,0,6,33,20,3.4,7,5.3,4.7143,6,3.25,2.308,46.16,37.6,1.75,1.85,6,4,6,0,0,72.322,2892,1.0512,0,main,1.958,22,5,6
greedy_pgp,10,0.02,11,4.0,0,6,0.0,False,3424,370,22,40,0.55,2,6,33,18,1.6667,4,4.2222,3.95,6,1.6667,1.0302,18.543,18.48,1.22,2.111,0,2,2,0,0,77.081,2711,1.263,0,main,1.305,27,3,3
greedy_pgp,10,0.02,12,4.0,0,6,0.0,False,4291,443,27,43,0.6279,2,4,33,18,1.9444,5,4.9444,4.75,6,1.7222,1.6448,29.606,27.08,1.61,2.056,0,0,0,0,0,68.864,2682,1.5999,0,main,1.453,23,5,5
adopt,10,0.02,1,4.0,0,6,0.0,False,6650,665,15,37,0.4054,1,4,33,18,1.6667,8,3.0,2.9048,6,1.6667,1.5826,28.487,31.78,3.39,1.667,0,6,10,0,0,82.228,2725,2.4404,0,main,0.94,23,6,4
adopt,10,0.02,2,4.0,0,6,0.0,False,10964,1158,39,53,0.7358,2,2,33,20,2.2,6,4.8,4.68,6,2.2,5.5365,110.729,106.31,8.2,2.2,0,0,0,0,0,89.34,2730,4.0161,0,main,1.962,19,8,6
adopt,10,0.02,3,4.0,0,6,0.0,False,5684,618,29,35,0.8286,3,3,33,26,1.9615,5,3.8077,3.8276,6,1.8846,3.3382,86.793,100.0,7.27,1.615,0,0,0,0,0,83.458,2538,2.2396,0,main,2.331,26,5,2
adopt,10,0.02,4,4.0,0,6,0.0,False,5650,565,22,44,0.5,1,4,33,19,1.7368,4,3.1053,3.1429,6,1.5789,3.3972,64.547,98.39,6.16,1.474,0,3,3,0,0,85.162,2252,2.5089,0,main,1.049,20,8,5
adopt,10,0.02,5,4.0,0,6,0.0,False,6049,617,34,46,0.7391,3,3,33,26,2.0385,6,4.3846,4.2333,6,1.9231,3.1461,81.799,105.91,7.04,2.154,0,0,0,0,0,73.19,2686,2.252,0,main,3.044,24,5,4
adopt,10,0.02,6,4.0,0,6,0.0,False,5739,608,26,42,0.619,3,3,33,19,2.0526,8,4.6842,4.6667,6,1.8947,2.7559,52.361,64.0,5.32,1.789,0,3,3,0,0,83.885,2621,2.1896,0,main,1.643,25,5,3
adopt,10,0.02,7,4.0,0,6,0.0,False,5130,566,25,41,0.6098,3,4,33,20,1.7,5,4.1,4.0476,6,1.7,2.4115,48.231,56.04,4.9,1.9,0,2,3,0,0,72.614,2634,1.9476,0,main,1.32,25,4,4
adopt,10,0.02,8,4.0,0,6,0.0,False,3314,360,24,38,0.6316,3,4,33,16,1.8125,6,4.625,4.5263,6,1.8125,3.6756,58.809,87.55,6.44,1.375,0,1,3,0,0,80.316,2441,1.3576,0,main,1.137,24,3,6
adopt,10,0.02,9,4.0,0,6,0.0,False,3014,334,16,30,0.5333,2,3,33,14,1.5,4,2.6429,2.7333,6,1.5,0.834,11.677,18.63,1.71,1.786,0,2,5,0,0,74.93,2580,1.1682,0,main,0.765,25,5,3
adopt,10,0.02,10,4.0,0,6,0.0,False,3040,304,19,51,0.3725,0,6,33,20,3.3,7,5.3,4.7143,6,3.15,3.7549,75.097,98.1,7.3,1.85,0,4,6,0,0,83.166,2892,1.0512,0,main,1.957,22,5,6
adopt,10,0.02,11,4.0,0,6,0.0,False,3424,370,22,40,0.55,2,6,33,18,1.6667,4,4.2222,3.95,6,1.6667,1.8903,34.026,40.96,3.61,2.111,0,2,2,0,0,77.081,2711,1.263,0,main,1.324,27,3,3
adopt,10,0.02,12,4.0,0,6,0.0,False,4291,443,27,43,0.6279,2,4,33,18,1.9444,5,4.9444,4.75,6,1.7222,3.0877,55.578,66.08,5.72,2.056,0,0,0,0,0,68.864,2682,1.5999,0,main,1.416,23,5,5
cbs,10,0.02,1,4.0,0,6,0.0,False,6650,665,15,39,0.3846,1,4,33,16,1.25,4,2.4375,2.2632,5,1.25,5.9549,95.278,11.84,1.12,1.562,24,0,0,0,0,74.803,2725,2.4404,0,main,0.903,23,6,4
cbs,10,0.02,2,4.0,0,6,0.0,False,9283,970,45,53,0.8491,3,1,33,22,1.6364,6,4.8636,4.8571,6,1.6364,29.9012,657.826,40.06,3.18,2.091,132,0,0,0,0,85.568,2730,3.4004,0,main,3.421,19,8,6
cbs,10,0.02,3,4.0,0,6,0.0,False,5416,618,30,34,0.8824,4,2,33,27,1.8148,5,4.5185,4.4667,6,1.7778,14.3082,386.32,4.58,2.33,2.0,119,0,0,0,0,72.176,2538,2.134,0,main,2.874,26,5,2
cbs,10,0.02,4,4.0,0,6,0.0,False,4752,500,14,43,0.3256,1,4,33,20,1.1,5,5.2,4.963,9,0.95,22.9205,458.41,33.62,3.65,1.7,136,1,1,0,0,65.232,2252,2.1101,0,main,3.586,20,8,5
cbs,10,0.02,5,4.0,0,6,0.0,False,7616,829,40,47,0.8511,4,2,33,22,1.8182,6,4.6364,4.2308,6,1.7727,89.8739,1977.225,26.03,4.41,1.955,195,0,0,0,0,76.646,2686,2.8354,0,main,8.344,24,5,4
cbs,10,0.02,6,4.0,0,6,0.0,False,5801,611,21,40,0.525,2,4,33,20,1.45,3,4.1,4.2727,9,1.35,13.1819,263.638,19.42,2.25,1.6,79,0,0,0,0,83.611,2621,2.2133,0,main,2.2,25,5,3
cbs,10,0.02,7,4.0,0,6,0.0,False,5132,566,23,40,0.575,3,4,33,20,1.45,5,4.05,4.0,8,1.45,9.1747,183.495,9.48,1.8,1.95,65,0,0,0,0,85.072,2634,1.9484,0,main,1.478,25,4,4
cbs,10,0.02,8,4.0,0,6,0.0,False,3343,360,25,43,0.5814,3,4,33,17,1.3529,6,4.5294,4.6667,9,1.3529,24.6182,418.51,12.08,5.35,1.647,175,2,2,1,0,65.009,2441,1.3695,0,main,1.73,24,3,6
cbs,10,0.02,9,4.0,0,6,0.0,False,2414,259,14,30,0.4667,2,3,33,15,1.0,2,2.9333,3.0625,7,1.0,4.6637,69.955,7.85,1.13,2.0,19,0,0,0,0,71.236,2580,0.9357,0,main,1.083,25,5,3
cbs,10,0.02,10,4.0,0,6,0.0,False,5150,515,22,53,0.4151,1,5,33,22,2.1364,5,5.3636,5.1667,10,2.0,25.4982,560.961,29.81,4.32,2.0,193,0,0,0,0,72.322,2892,1.7808,0,main,3.462,22,5,6
cbs,10,0.02,11,4.0,0,6,0.0,False,5378,650,28,39,0.7179,4,4,33,21,1.2857,3,4.0,3.8261,9,1.2857,10.8458,227.763,9.23,1.62,1.857,53,0,0,0,0,75.9,2711,1.9838,0,main,2.117,27,3,3
cbs,10,0.02,12,4.0,0,6,0.0,False,4553,475,28,43,0.6512,2,4,33,23,1.6522,5,4.4783,4.3077,6,1.4783,17.0311,391.715,15.74,3.43,1.826,150,0,0,0,0,83.447,2682,1.6976,0,main,2.105,23,5,5
full_replan,10,0.02,1,4.0,0,6,0.0,False,4358,445,16,37,0.4324,2,3,33,31,1.4839,7,10.0,10.0,10,1.4839,78.8695,2444.955,7.41,0.0,0.0,310,31,0,0,0,79.536,2725,1.5993,0,main,2.498,23,6,4
full_replan,10,0.02,2,4.0,0,6,0.0,False,7747,807,34,48,0.7083,2,2,33,31,2.5484,8,10.0,10.0,10,2.5484,70.1159,2173.594,20.09,0.0,0.0,310,24,0,0,0,63.297,2730,2.8377,0,main,2.273,19,8,6
full_replan,10,0.02,3,4.0,0,6,0.0,False,4706,616,34,35,0.9714,6,0,33,32,2.5312,8,10.0,10.0,10,2.5312,32.8147,1050.071,4.76,0.0,0.0,320,0,0,0,0,68.497,2538,1.8542,0,main,1.132,26,5,2
full_replan,10,0.02,4,4.0,0,6,0.0,False,5115,569,37,43,0.8605,4,1,33,27,4.2222,9,10.0,10.0,10,4.2222,45.8969,1239.216,14.67,0.0,0.0,270,5,0,0,0,67.3,2252,2.2713,0,main,1.314,20,8,5
full_replan,10,0.02,5,4.0,0,6,0.0,False,5351,591,46,46,1.0,6,0,33,32,3.5312,9,10.0,10.0,10,3.5312,60.0769,1922.46,31.12,0.0,0.0,320,0,0,0,0,73.19,2686,1.9922,0,main,2.016,24,5,4
full_replan,10,0.02,6,4.0,0,6,0.0,False,4301,451,28,40,0.7,4,2,33,30,3.0333,9,10.0,10.0,10,3.0333,90.4073,2712.219,19.36,0.0,0.0,300,28,0,0,0,83.885,2621,1.641,0,main,2.776,25,5,3
full_replan,10,0.02,7,4.0,0,6,0.0,False,4413,501,26,39,0.6667,5,2,33,32,2.3438,10,10.0,10.0,10,2.3438,71.7127,2294.807,4.54,0.0,0.0,320,28,0,0,0,66.795,2634,1.6754,0,main,2.346,25,4,4
full_replan,10,0.02,8,4.0,0,6,0.0,False,5755,749,40,45,0.8889,5,2,33,33,2.9697,10,10.0,10.0,10,2.9697,58.4072,1927.437,8.14,0.0,0.0,330,22,0,0,0,74.224,2441,2.3576,0,main,2.014,24,3,6
full_replan,10,0.02,9,4.0,0,6,0.0,False,2964,315,15,31,0.4839,2,3,33,31,1.2258,5,10.0,10.0,10,1.2258,58.8868,1825.49,4.35,0.0,0.0,310,27,0,0,0,80.419,2580,1.1488,0,main,1.876,25,5,3
full_replan,10,0.02,10,4.0,0,6,0.0,False,4812,495,26,46,0.5652,2,4,33,32,3.5312,9,10.0,10.0,10,3.5312,36.0587,1153.878,10.4,0.0,0.0,320,16,0,0,0,74.174,2892,1.6639,0,main,1.22,22,5,6
full_replan,10,0.02,11,4.0,0,6,0.0,False,4811,650,36,40,0.9,6,2,33,32,2.3438,9,10.0,10.0,10,2.3438,95.1561,3044.995,6.41,0.0,0.0,320,32,0,0,0,75.9,2711,1.7746,0,main,3.122,27,3,3
full_replan,10,0.02,12,4.0,0,6,0.0,False,5644,692,44,44,1.0,6,0,33,31,3.4516,10,10.0,10.0,10,3.4516,36.9961,1146.878,13.92,0.0,0.0,310,0,0,0,0,83.447,2682,2.1044,0,main,1.236,23,5,5
selfish,10,0.03,1,4.0,0,6,0.0,False,3880,388,11,43,0.2558,0,3,50,22,1.8636,7,3.7727,3.68,6,1.6818,5.9907,131.795,15.0,0.0,1.727,41,10,17,0,0,83.702,2725,1.4239,0,main,1.387,33,11,6
selfish,10,0.03,2,4.0,0,6,0.0,False,11560,1156,34,51,0.6667,1,1,50,32,2.25,6,3.2188,3.0811,6,2.0,14.2179,454.973,14.04,0.0,1.781,72,1,1,0,0,77.615,2730,4.2344,0,main,3.823,28,13,9
selfish,10,0.03,3,4.0,0,6,0.0,False,6192,666,28,41,0.6829,2,3,50,35,2.1714,5,4.6,4.4359,6,1.8857,7.9076,276.765,7.64,0.0,2.029,76,0,0,0,0,77.052,2538,2.4397,0,main,3.69,39,6,5
selfish,10,0.03,4,4.0,0,6,0.0,False,6170,617,19,42,0.4524,0,3,50,24,2.0833,6,4.7917,4.7931,6,1.8333,6.0036,144.086,18.0,0.0,1.5,50,6,9,0,0,81.162,2252,2.7398,0,main,2.099,31,13,6
selfish,10,0.03,5,4.0,0,6,0.0,False,9479,1027,49,49,1.0,4,0,50,36,2.3611,6,4.7778,4.6429,6,2.1389,33.2284,1196.222,13.29,0.0,2.0,85,0,0,0,0,74.448,2686,3.529,0,main,8.099,37,7,6
selfish,10,0.03,6,4.0,0,6,0.0,False,5820,582,18,54,0.3333,1,5,50,34,2.0,7,4.4706,4.5263,6,1.7353,5.469,185.947,31.51,0.0,1.588,68,11,16,0,0,80.616,2621,2.2205,0,main,2.587,38,5,7
selfish,10,0.03,7,4.0,0,6,0.0,False,3080,308,16,38,0.4211,1,4,50,22,1.9091,5,3.7273,3.6667,6,1.8182,6.4523,141.951,7.45,0.0,1.545,42,3,4,0,0,81.87,2634,1.1693,0,main,1.892,39,7,4
selfish,10,0.03,8,4.0,0,6,0.0,False,9910,991,37,48,0.7708,1,5,50,28,2.1786,7,4.3571,4.2941,6,1.8214,7.9304,222.05,11.72,0.0,2.0,61,7,7,0,0,80.696,2441,4.0598,0,main,2.634,36,5,9
selfish,10,0.03,9,4.0,0,6,0.0,False,2510,262,16,37,0.4324,0,4,50,21,1.8095,7,3.4286,3.32,6,1.5714,4.5714,95.999,9.93,0.0,1.762,38,6,8,0,0,80.419,2580,0.9729,0,main,1.652,38,7,5
selfish,10,0.03,10,4.0,0,6,0.0,False,5440,544,26,52,0.5,0,5,50,31,2.8387,6,5.2581,5.0513,6,2.2903,9.1026,282.18,12.45,0.0,2.065,88,9,12,0,0,74.174,2892,1.8811,0,main,3.042,34,7,9
selfish,10,0.03,11,4.0,0,6,0.0,False,5742,618,41,60,0.6833,3,5,50,32,1.8438,5,3.7188,3.6,6,1.7188,5.9522,190.472,32.98,0.0,1.906,59,4,6,0,0,77.635,2711,2.118,0,main,2.562,37,3,10
selfish,10,0.03,12,4.0,0,6,0.0,False,7142,806,41,44,0.9318,4,1,50,37,2.2703,6,4.5405,4.5,6,2.027,7.1219,263.51,10.33,0.0,1.595,84,1,1,0,0,72.133,2682,2.6629,0,main,4.061,37,6,7
greedy_pgp,10,0.03,1,4.0,0,6,0.0,False,4040,404,13,39,0.3333,0,3,50,17,1.7647,8,3.2941,3.15,6,1.7647,0.8062,13.706,17.9,1.35,1.765,0,6,10,0,0,70.688,2725,1.4826,0,main,0.878,33,11,6
greedy_pgp,10,0.03,2,4.0,0,6,0.0,False,12040,1204,25,47,0.5319,0,2,50,30,1.5333,6,2.3,2.3636,6,1.5333,1.4106,42.319,18.04,1.3,1.3,6,0,0,0,0,80.384,2730,4.4103,0,main,2.827,28,13,9
greedy_pgp,10,0.03,3,4.0,0,6,0.0,False,6078,667,27,40,0.675,3,2,50,36,2.1667,5,4.1111,4.0,6,2.0278,1.8944,68.199,13.39,1.33,1.861,12,0,0,0,0,70.312,2538,2.3948,0,main,3.279,39,6,5
greedy_pgp,10,0.03,4,4.0,0,6,0.0,False,3180,318,13,42,0.3095,0,3,50,23,1.8696,6,3.913,3.8519,6,1.7826,1.6049,36.912,35.82,1.39,1.783,0,8,10,0,0,82.292,2252,1.4121,0,main,1.535,31,13,6
greedy_pgp,10,0.03,5,4.0,0,6,0.0,False,6000,600,29,49,0.5918,1,3,50,33,1.9394,5,4.4242,4.359,6,1.9091,1.9094,63.011,24.16,1.48,2.0,0,0,0,0,0,70.386,2686,2.2338,0,main,4.493,37,7,6
greedy_pgp,10,0.03,6,4.0,0,6,0.0,False,2930,293,11,55,0.2,0,6,50,27,2.1481,8,4.7037,4.5758,6,2.1111,2.4122,65.131,42.68,1.41,1.556,6,11,13,0,0,87.053,2621,1.1179,0,main,2.104,38,5,7
greedy_pgp,10,0.03,7,4.0,0,6,0.0,False,3030,303,17,38,0.4474,1,4,50,22,1.7273,5,3.7273,3.6667,6,1.7273,0.939,20.658,13.81,1.45,1.545,0,3,4,0,0,76.085,2634,1.1503,0,main,1.806,39,7,4
greedy_pgp,10,0.03,8,4.0,0,6,0.0,False,7387,798,31,46,0.6739,2,4,50,26,1.9231,6,4.6538,4.4667,6,1.8846,3.3205,86.333,21.92,1.42,1.577,12,2,2,0,0,71.565,2441,3.0262,0,main,2.224,36,5,9
greedy_pgp,10,0.03,9,4.0,0,6,0.0,False,2590,259,12,36,0.3333,0,4,50,19,1.3158,3,3.1053,3.0476,6,1.2632,0.8673,16.479,15.44,1.16,1.579,0,5,7,0,0,75.143,2580,1.0039,0,main,1.269,38,7,5
greedy_pgp,10,0.03,10,4.0,0,6,0.0,False,2880,288,22,52,0.4231,0,6,50,26,2.7692,7,5.0769,4.8235,6,2.5385,2.3689,61.592,26.53,1.54,1.692,6,5,8,0,0,73.964,2892,0.9959,0,main,2.323,34,7,9
greedy_pgp,10,0.03,11,4.0,0,6,0.0,False,5827,598,32,60,0.5333,2,6,50,31,1.7419,4,4.1935,3.9706,6,1.7419,1.4273,44.246,40.57,1.52,2.129,6,3,4,0,0,80.871,2711,2.1494,0,main,2.391,37,3,10
greedy_pgp,10,0.03,12,4.0,0,6,0.0,False,7806,823,41,45,0.9111,3,2,50,35,2.4571,6,4.4,4.35,6,2.3429,2.3829,83.401,18.52,1.6,1.714,14,1,1,0,0,74.074,2682,2.9105,0,main,3.207,37,6,7
adopt,10,0.03,1,4.0,0,6,0.0,False,4040,404,13,39,0.3333,0,3,50,17,1.7647,8,3.2941,3.15,6,1.7647,1.9001,32.301,43.34,4.88,1.765,0,6,10,0,0,70.688,2725,1.4826,0,main,0.862,33,11,6
adopt,10,0.03,2,4.0,0,6,0.0,False,12040,1204,24,47,0.5106,0,2,50,28,1.4286,6,2.3929,2.4516,6,1.3929,1.7726,49.633,33.98,2.57,1.393,0,0,0,0,0,80.384,2730,4.4103,0,main,2.804,28,13,9
adopt,10,0.03,3,4.0,0,6,0.0,False,6078,667,27,40,0.675,3,2,50,36,2.1389,5,4.1111,4.0,6,2.0,2.5601,92.165,58.0,5.22,1.861,0,0,0,0,0,83.458,2538,2.3948,0,main,3.294,39,6,5
adopt,10,0.03,4,4.0,0,6,0.0,False,2560,256,15,44,0.3409,0,3,50,17,2.2353,6,4.6471,4.4,6,2.0588,6.1581,104.688,119.55,8.82,1.588,0,4,6,0,0,85.162,2252,1.1368,0,main,1.373,31,13,6
adopt,10,0.03,5,4.0,0,6,0.0,False,6000,600,29,49,0.5918,1,3,50,33,1.9091,5,4.4242,4.359,6,1.8788,4.292,141.636,91.18,6.97,2.0,0,0,0,0,0,86.078,2686,2.2338,0,main,4.623,37,7,6
adopt,10,0.03,6,4.0,0,6,0.0,False,2540,254,13,55,0.2364,0,6,50,28,2.1429,8,5.1786,5.0968,6,2.1071,4.1646,116.608,108.03,7.04,1.571,0,8,10,0,0,77.305,2621,0.9691,0,main,2.277,38,5,7
adopt,10,0.03,7,4.0,0,6,0.0,False,3030,303,17,38,0.4474,1,4,50,22,1.7273,5,3.7273,3.6667,6,1.7273,2.1641,47.609,50.74,4.91,1.545,0,3,4,0,0,66.983,2634,1.1503,0,main,1.819,39,7,4
adopt,10,0.03,8,4.0,0,6,0.0,False,7387,798,31,46,0.6739,2,4,50,26,1.9231,5,4.6538,4.4667,6,1.8846,4.3659,113.513,100.57,7.88,1.577,0,2,2,0,0,71.115,2441,3.0262,0,main,2.256,36,5,9
adopt,10,0.03,9,4.0,0,6,0.0,False,2590,259,12,36,0.3333,0,4,50,19,1.3158,3,3.1053,3.0476,6,1.2632,1.8149,34.483,37.67,3.26,1.579,0,5,7,0,0,75.143,2580,1.0039,0,main,1.325,38,7,5
adopt,10,0.03,10,4.0,0,6,0.0,False,5810,581,26,51,0.5098,0,5,50,31,2.4194,7,4.5484,4.3333,6,2.3226,3.0772,95.394,65.16,5.81,1.742,0,5,6,0,0,73.964,2892,2.009,0,main,2.492,34,7,9
adopt,10,0.03,11,4.0,0,6,0.0,False,5827,598,32,60,0.5333,2,6,50,31,1.7419,4,4.1935,3.9706,6,1.7419,2.2409,69.469,79.12,5.61,2.129,0,3,4,0,0,72.093,2711,2.1494,0,main,2.367,37,3,10
adopt,10,0.03,12,4.0,0,6,0.0,False,7577,762,35,44,0.7955,2,3,50,36,2.1667,6,4.3333,4.175,6,2.0556,2.6204,94.336,61.45,6.22,1.833,0,5,5,0,0,74.217,2682,2.8251,0,main,3.138,37,6,7
cbs,10,0.03,1,4.0,0,6,0.0,False,5960,596,12,40,0.3,0,3,50,16,1.3125,4,3.125,2.8421,5,1.3125,10.0085,160.135,16.14,1.81,1.688,47,0,0,0,0,70.688,2725,2.1872,0,main,1.207,33,11,6
cbs,10,0.03,2,4.0,0,6,0.0,False,9800,980,27,52,0.5192,1,1,50,34,1.2059,7,3.2059,2.878,6,1.2059,49.0548,1667.863,15.24,3.79,1.735,237,0,0,0,0,80.384,2730,3.5897,0,main,7.33,28,13,9
cbs,10,0.03,3,4.0,0,6,0.0,False,6221,670,30,40,0.75,3,2,50,36,2.0,5,4.3611,4.225,6,1.8611,16.068,578.447,6.78,2.14,1.806,152,0,0,0,0,83.458,2538,2.4511,0,main,4.035,39,6,5
cbs,10,0.03,4,4.0,0,6,0.0,False,3180,318,10,42,0.2381,0,3,50,17,1.1176,5,5.3529,5.0435,8,1.0,15.2095,258.561,32.46,2.12,2.235,58,0,0,0,0,85.162,2252,1.4121,0,main,2.404,31,13,6
cbs,10,0.03,5,4.0,0,6,0.0,False,8757,929,50,50,1.0,4,0,50,37,1.6216,6,4.7568,4.6047,7,1.5405,43.0088,1591.325,13.82,4.95,1.973,353,0,0,1,0,74.448,2686,3.2602,0,main,10.17,37,7,6
cbs,10,0.03,6,4.0,0,6,0.0,False,2340,234,10,48,0.2083,0,6,50,28,1.1429,4,4.8214,4.9091,9,1.1071,12.2568,343.191,32.76,2.21,1.821,100,0,0,0,0,80.616,2621,0.8928,0,main,3.236,38,5,7
cbs,10,0.03,7,4.0,0,6,0.0,False,3030,303,14,38,0.3684,0,5,50,22,1.2273,4,4.1364,4.2,10,1.1818,23.4604,516.128,6.94,4.14,1.864,165,0,0,0,0,72.614,2634,1.1503,0,main,3.246,39,7,4
cbs,10,0.03,8,4.0,0,6,0.0,False,7355,798,30,46,0.6522,2,4,50,27,1.3333,4,4.7037,4.7097,9,1.3333,26.4133,713.159,10.84,3.26,1.667,157,0,0,0,0,80.316,2441,3.0131,0,main,4.05,36,5,9
cbs,10,0.03,9,4.0,0,6,0.0,False,2630,263,11,36,0.3056,0,4,50,21,0.9524,4,3.2381,3.2,8,0.9524,6.773,142.234,8.17,1.29,1.762,38,0,0,0,0,72.539,2580,1.0194,0,main,1.624,38,7,5
cbs,10,0.03,10,4.0,0,6,0.0,False,5890,589,22,56,0.3929,0,5,50,27,1.8519,5,4.5926,4.4571,9,1.7037,14.6457,395.433,25.24,2.0,1.667,104,0,0,0,0,68.535,2892,2.0367,0,main,3.467,34,7,9
cbs,10,0.03,11,4.0,0,6,0.0,False,5961,601,34,55,0.6182,2,6,50,34,1.2941,5,4.8235,4.425,9,1.2941,17.5642,597.184,13.0,2.82,2.176,168,0,0,0,0,75.9,2711,2.1988,0,main,4.118,37,3,10
cbs,10,0.03,12,4.0,0,6,0.0,False,6876,693,31,44,0.7045,1,4,50,31,2.1935,6,5.1613,4.8889,6,2.0323,24.9097,772.2,11.88,3.87,1.903,245,0,0,0,0,83.447,2682,2.5638,0,main,3.512,37,6,7
full_replan,10,0.03,1,4.0,0,6,0.0,False,2450,245,13,41,0.3171,0,4,50,39,1.6154,7,10.0,10.0,10,1.6154,81.574,3181.387,7.26,0.0,0.0,390,39,0,0,0,82.228,2725,0.8991,0,main,3.266,33,11,6
full_replan,10,0.03,2,4.0,0,6,0.0,False,12040,1204,34,49,0.6939,0,2,50,44,2.3636,9,10.0,10.0,10,2.3636,54.7924,2410.864,11.42,0.0,0.0,440,17,0,0,0,89.34,2730,4.4103,0,main,2.619,28,13,9
full_replan,10,0.03,3,4.0,0,6,0.0,False,5593,658,38,41,0.9268,5,0,50,48,2.7917,8,10.0,10.0,10,2.7917,38.7261,1858.854,6.36,0.0,0.0,480,0,0,0,0,75.262,2538,2.2037,0,main,1.992,39,6,5
full_replan,10,0.03,4,4.0,0,6,0.0,False,1270,127,12,38,0.3158,0,5,50,27,2.7037,9,10.0,10.0,10,2.7037,49.5395,1337.566,11.34,0.0,0.0,270,16,0,0,0,81.526,2252,0.5639,0,main,1.389,31,13,6
full_replan,10,0.03,5,4.0,0,6,0.0,False,7804,838,49,49,1.0,4,0,50,47,3.1064,9,10.0,10.0,10,3.1064,67.2942,3162.827,14.1,0.0,0.0,470,0,0,0,0,86.078,2686,2.9054,0,main,3.321,37,7,6
full_replan,10,0.03,6,4.0,0,6,0.0,False,2020,202,14,48,0.2917,0,6,50,38,2.6842,9,10.0,10.0,10,2.6842,88.8525,3376.394,20.33,0.0,0.0,380,36,0,0,0,77.305,2621,0.7707,0,main,3.461,38,5,7
full_replan,10,0.03,7,4.0,0,6,0.0,False,4507,471,18,38,0.4737,2,3,50,48,1.8958,8,10.0,10.0,10,1.8958,63.6379,3054.622,3.28,0.0,0.0,480,41,0,0,0,74.062,2634,1.7111,0,main,3.128,39,7,4
full_replan,10,0.03,8,4.0,0,6,0.0,False,4999,572,32,50,0.64,4,2,50,48,2.8125,9,10.0,10.0,10,2.8125,104.0938,4996.503,8.13,0.0,0.0,480,46,0,0,0,72.975,2441,2.0479,0,main,5.112,36,5,9
full_replan,10,0.03,9,4.0,0,6,0.0,False,2768,291,14,37,0.3784,0,4,50,47,1.2553,8,10.0,10.0,10,1.2553,53.9176,2534.127,4.38,0.0,0.0,470,40,0,0,0,80.419,2580,1.0729,0,main,2.608,38,7,5
full_replan,10,0.03,10,4.0,0,6,0.0,False,5300,530,28,50,0.56,1,4,50,48,2.6875,9,10.0,10.0,10,2.6875,39.2897,1885.903,7.77,0.0,0.0,480,27,0,0,0,74.174,2892,1.8326,0,main,1.992,34,7,9
full_replan,10,0.03,11,4.0,0,6,0.0,False,6076,711,45,56,0.8036,4,4,50,46,2.8913,9,10.0,10.0,10,2.8913,110.5999,5087.596,11.23,0.0,0.0,460,46,0,0,0,74.231,2711,2.2412,0,main,5.214,37,3,10
full_replan,10,0.03,12,4.0,0,6,0.0,False,6535,703,44,46,0.9565,4,1,50,46,3.0435,10,10.0,10.0,10,3.0435,38.3253,1762.964,10.0,0.0,0.0,460,2,0,0,0,73.217,2682,2.4366,0,main,1.889,37,6,7
selfish,10,0.04,1,4.0,0,6,0.0,False,1370,137,4,40,0.1,0,2,66,9,2.3333,7,4.2222,3.8333,6,2.2222,34.6288,311.659,21.68,0.0,2.111,21,8,14,0,0,77.347,2725,0.5028,0,main,2.494,41,18,7
selfish,10,0.04,2,4.0,0,6,0.0,False,2480,248,19,53,0.3585,0,1,66,29,2.2069,6,3.2069,3.0857,6,1.931,12.7181,368.826,16.85,0.0,1.759,64,3,3,0,0,67.775,2730,0.9084,0,main,2.842,38,16,12
selfish,10,0.04,3,4.0,0,6,0.0,False,6240,624,24,43,0.5581,1,3,66,41,2.3902,7,4.4146,4.2,6,2.0488,9.1203,373.932,6.63,0.0,1.976,98,1,1,0,0,77.052,2538,2.4586,0,main,4.936,51,8,7
selfish,10,0.04,4,4.0,0,6,0.0,False,1720,172,14,44,0.3182,0,4,66,28,2.2857,6,5.1786,5.0857,6,2.0714,6.9636,194.982,15.97,0.0,1.536,64,9,12,0,0,81.162,2252,0.7638,0,main,2.744,46,13,7
selfish,10,0.04,5,4.0,0,6,0.0,False,12906,1318,49,53,0.9245,1,1,66,48,2.1458,6,3.7917,3.6667,6,1.9375,18.726,898.847,10.38,0.0,1.833,103,1,1,0,0,85.488,2686,4.8049,0,main,8.117,45,11,10
selfish,10,0.04,6,4.0,0,6,0.0,False,2580,258,14,53,0.2642,0,4,66,33,2.0606,7,4.9091,4.8947,6,1.9091,5.598,184.734,26.04,0.0,1.727,68,10,13,0,0,79.721,2621,0.9844,0,main,2.951,51,8,7
selfish,10,0.04,7,4.0,0,6,0.0,False,7740,774,18,42,0.4286,1,3,66,32,2.125,5,4.2188,4.0263,6,2.0312,7.7546,248.146,7.43,0.0,1.562,68,4,6,0,0,66.983,2634,2.9385,0,main,2.989,50,10,6
selfish,10,0.04,8,4.0,0,6,0.0,False,11070,1107,28,50,0.56,1,3,66,35,1.9714,6,3.6857,3.6667,6,1.7714,8.9268,312.438,11.16,0.0,2.0,69,3,3,0,0,71.115,2441,4.535,0,main,3.291,47,9,10
selfish,10,0.04,9,4.0,0,6,0.0,False,2680,268,17,45,0.3778,0,4,66,30,1.5333,7,2.9,2.8824,6,1.3,4.1111,123.334,21.49,0.0,1.7,46,7,9,0,0,80.419,2580,1.0388,0,main,2.062,51,8,7
selfish,10,0.04,10,4.0,0,6,0.0,False,7370,737,25,60,0.4167,0,5,66,40,2.4,7,4.65,4.42,6,2.075,9.1362,365.447,11.74,0.0,1.6,96,8,9,0,0,74.174,2892,2.5484,0,main,4.335,46,7,13
selfish,10,0.04,11,4.0,0,6,0.0,False,7520,752,28,71,0.3944,0,7,66,40,2.05,4,4.5,4.3864,6,1.95,6.5838,263.351,46.61,0.0,2.1,82,7,10,0,0,77.635,2711,2.7739,0,main,3.597,49,4,13
selfish,10,0.04,12,4.0,0,6,0.0,False,5480,548,32,48,0.6667,1,3,66,43,2.186,6,4.5116,4.04,6,1.9767,9.1573,393.764,11.98,0.0,1.698,94,4,5,0,0,72.133,2682,2.0433,0,main,4.452,47,9,10
greedy_pgp,10,0.04,1,4.0,0,6,0.0,False,1390,139,2,36,0.0556,0,2,66,10,2.1,8,3.6,3.3846,6,2.1,0.754,7.54,20.55,1.3,2.0,0,5,11,0,0,77.347,2725,0.5101,0,main,0.67,41,18,7
greedy_pgp,10,0.04,2,4.0,0,6,0.0,False,1870,187,12,48,0.25,0,2,66,21,1.6667,6,3.1905,3.04,6,1.6667,2.4774,52.026,26.23,1.33,1.571,6,0,0,0,0,67.775,2730,0.685,0,main,1.61,38,16,12
greedy_pgp,10,0.04,3,4.0,0,6,0.0,False,6820,682,24,43,0.5581,1,3,66,41,2.5366,7,4.4146,4.2653,6,2.4634,3.1435,128.883,15.98,1.66,2.049,23,1,1,0,0,77.795,2538,2.6872,0,main,4.842,51,8,7
greedy_pgp,10,0.04,4,4.0,0,6,0.0,False,1780,178,14,43,0.3256,0,4,66,31,1.871,5,5.3226,5.1579,6,1.7097,2.1766,67.475,31.46,1.42,2.097,0,11,14,0,0,82.461,2252,0.7904,0,main,2.596,46,13,7
greedy_pgp,10,0.04,5,4.0,0,6,0.0,False,11700,1170,38,52,0.7308,1,1,66,45,2.1556,6,4.2444,4.1698,6,2.0444,4.628,208.261,23.39,1.51,2.0,22,2,2,0,0,70.386,2686,4.3559,0,main,6.863,45,11,10
greedy_pgp,10,0.04,6,4.0,0,6,0.0,False,2410,241,13,54,0.2407,0,4,66,32,2.25,8,4.6875,4.6757,6,2.2188,2.3608,75.544,45.16,1.56,1.531,6,9,10,0,0,87.053,2621,0.9195,0,main,2.836,51,8,7
greedy_pgp,10,0.04,7,4.0,0,6,0.0,False,4450,445,17,41,0.4146,1,3,66,33,2.0909,6,4.1818,4.027,6,2.0909,1.2902,42.575,16.82,1.42,1.515,0,3,4,0,0,62.354,2634,1.6894,0,main,3.056,50,10,6
greedy_pgp,10,0.04,8,4.0,0,6,0.0,False,9980,998,20,50,0.4,0,4,66,32,1.7188,5,3.8125,3.6944,6,1.6562,2.6619,85.182,18.74,1.53,1.875,9,2,2,0,0,77.643,2441,4.0885,0,main,2.769,47,9,10
greedy_pgp,10,0.04,9,4.0,0,6,0.0,False,2590,259,10,43,0.2326,0,4,66,21,1.1429,3,3.0952,3.0435,6,1.1429,0.8524,17.901,20.52,1.24,1.762,0,3,5,0,0,80.186,2580,1.0039,0,main,1.424,51,8,7
greedy_pgp,10,0.04,10,4.0,0,6,0.0,False,5820,582,20,56,0.3571,1,4,66,38,2.6579,7,4.8158,4.5,6,2.5,2.6341,100.096,30.0,1.63,1.711,12,7,8,0,0,86.496,2892,2.0124,0,main,3.669,46,7,13
greedy_pgp,10,0.04,11,4.0,0,6,0.0,False,5590,559,30,67,0.4478,0,7,66,36,2.1111,5,4.2222,4.05,6,2.1111,2.1095,75.943,46.57,1.56,1.972,12,6,10,0,0,80.871,2711,2.062,0,main,3.085,49,4,13
greedy_pgp,10,0.04,12,4.0,0,6,0.0,False,7100,710,34,53,0.6415,1,3,66,44,2.3636,8,4.7045,4.3462,6,2.3182,2.8933,127.304,28.02,1.48,1.932,23,3,3,0,0,74.074,2682,2.6473,0,main,4.398,47,9,10
adopt,10,0.04,1,4.0,0,6,0.0,False,1390,139,2,36,0.0556,0,2,66,10,2.2,8,3.6,3.3846,6,2.2,1.4541,14.541,30.68,3.1,2.0,0,5,11,0,0,73.389,2725,0.5101,0,main,0.668,41,18,7
adopt,10,0.04,2,4.0,0,6,0.0,False,1870,187,12,48,0.25,0,2,66,21,1.5714,6,3.381,3.2,6,1.5714,2.7435,57.614,47.57,4.33,1.762,0,0,0,0,0,70.027,2730,0.685,0,main,1.705,38,16,12
adopt,10,0.04,3,4.0,0,6,0.0,False,6820,682,25,44,0.5682,1,3,66,42,2.4286,5,4.5476,4.38,6,2.3333,3.9816,167.226,88.44,7.6,1.881,0,0,0,0,0,83.458,2538,2.6872,0,main,4.729,51,8,7
adopt,10,0.04,4,4.0,0,6,0.0,False,1740,174,14,45,0.3111,0,4,66,24,2.2917,5,5.1667,5.1429,6,2.125,6.8611,164.666,159.42,12.46,1.792,0,7,10,0,0,85.162,2252,0.7726,0,main,2.46,46,13,7
adopt,10,0.04,5,4.0,0,6,0.0,False,13180,1318,54,57,0.9474,0,2,66,46,1.9565,6,4.3696,4.2885,6,1.8696,5.6501,259.904,124.79,11.26,2.0,0,0,0,0,0,73.75,2686,4.9069,0,main,6.367,45,11,10
adopt,10,0.04,6,4.0,0,6,0.0,False,2560,256,13,53,0.2453,0,4,66,29,2.2069,8,4.5862,4.5625,6,2.1724,3.689,106.982,88.12,6.17,1.655,0,11,12,0,0,73.216,2621,0.9767,0,main,2.497,51,8,7
adopt,10,0.04,7,4.0,0,6,0.0,False,4430,443,17,41,0.4146,1,3,66,33,2.0606,6,4.2121,4.027,6,2.0606,2.7217,89.817,65.2,5.42,1.545,0,3,4,0,0,81.87,2634,1.6819,0,main,2.975,50,10,6
adopt,10,0.04,8,4.0,0,6,0.0,False,9980,998,20,50,0.4,0,4,66,32,1.6875,5,3.8125,3.6944,6,1.625,2.8884,92.43,63.02,5.5,1.875,0,2,2,0,0,80.696,2441,4.0885,0,main,2.729,47,9,10
adopt,10,0.04,9,4.0,0,6,0.0,False,2590,259,10,43,0.2326,0,4,66,21,1.1429,3,3.0952,3.0435,6,1.1429,1.7223,36.168,40.52,3.24,1.762,0,3,5,0,0,76.368,2580,1.0039,0,main,1.403,51,8,7
adopt,10,0.04,10,4.0,0,6,0.0,False,5760,576,20,56,0.3571,1,4,66,37,2.5946,7,4.8649,4.5,6,2.4324,3.9282,145.343,87.09,6.7,1.676,0,7,8,0,0,77.882,2892,1.9917,0,main,3.881,46,7,13
adopt,10,0.04,11,4.0,0,6,0.0,False,4270,427,27,68,0.3971,0,7,66,34,1.8529,4,4.0588,3.9211,6,1.8529,2.2233,75.592,73.92,4.71,1.941,0,5,6,0,0,72.093,2711,1.5751,0,main,2.83,49,4,13
adopt,10,0.04,12,4.0,0,6,0.0,False,4870,487,32,54,0.5926,0,4,66,44,1.9318,6,3.75,3.6327,6,1.8864,3.7305,164.14,106.27,7.89,1.727,0,6,6,0,0,74.217,2682,1.8158,0,main,3.317,47,9,10
cbs,10,0.04,1,4.0,0,6,0.0,False,1370,137,3,37,0.0811,0,2,66,6,0.3333,1,3.0,2.2222,4,0.3333,3.0838,18.503,21.06,1.0,1.667,2,0,0,0,0,70.688,2725,0.5028,0,main,0.487,41,18,7
cbs,10,0.04,2,4.0,0,6,0.0,False,2480,248,14,53,0.2642,0,1,66,28,1.1071,7,3.1786,2.8889,6,1.1071,19.666,550.649,16.63,1.75,1.714,79,0,0,0,0,80.384,2730,0.9084,0,main,3.5,38,16,12
cbs,10,0.04,3,4.0,0,6,0.0,False,9500,950,28,44,0.6364,1,3,66,39,2.2564,5,4.6154,4.4,7,2.1282,24.1464,941.709,7.67,3.0,2.0,241,0,0,0,0,77.795,2538,3.7431,0,main,5.92,51,8,7
cbs,10,0.04,4,4.0,0,6,0.0,False,1290,129,8,41,0.1951,0,5,66,23,1.3913,5,5.6087,5.4375,8,1.2174,25.0459,576.055,25.35,3.35,2.087,143,0,0,0,0,82.461,2252,0.5728,0,main,3.953,46,13,7
cbs,10,0.04,5,4.0,0,6,0.0,False,12976,1318,46,55,0.8364,1,1,66,47,1.3191,6,4.4468,4.4444,6,1.234,175.8058,8262.872,15.13,4.45,2.064,385,0,0,0,0,79.004,2686,4.831,0,main,40.424,45,11,10
cbs,10,0.04,6,4.0,0,6,0.0,False,1840,184,10,45,0.2222,0,4,66,28,1.4286,4,4.4286,4.5455,9,1.3929,7.4018,207.252,21.85,2.32,1.536,114,0,0,0,0,35.624,2621,0.702,0,main,1.779,51,8,7
cbs,10,0.04,7,4.0,0,6,0.0,False,8330,833,17,41,0.4146,1,3,66,34,1.1471,4,3.8824,3.8974,10,1.1471,18.5882,631.997,7.89,2.79,1.706,166,0,0,0,0,74.062,2634,3.1625,0,main,5.496,50,10,6
cbs,10,0.04,8,4.0,0,6,0.0,False,9980,998,19,50,0.38,0,4,66,39,1.1795,4,3.5641,3.5581,9,1.0769,14.0215,546.838,9.98,1.92,1.795,118,0,0,0,0,72.975,2441,4.0885,0,main,4.8,47,9,10
cbs,10,0.04,9,4.0,0,6,0.0,False,3120,312,12,42,0.2857,0,4,66,27,0.963,4,3.2593,3.2258,8,0.963,7.0339,189.915,13.95,1.33,1.852,50,0,0,0,0,66.915,2580,1.2093,0,main,2.06,51,8,7
cbs,10,0.04,10,4.0,0,6,0.0,False,5980,598,21,50,0.42,0,5,66,39,1.5897,6,4.5897,4.5417,10,1.5128,20.6811,806.563,8.65,3.28,1.538,249,0,0,1,0,79.669,2892,2.0678,0,main,5.518,46,7,13
cbs,10,0.04,11,4.0,0,6,0.0,False,6419,670,34,56,0.6071,2,5,66,42,1.2381,4,4.3571,4.1702,9,1.2381,8.0831,339.49,23.52,1.21,2.214,70,0,0,0,0,69.107,2711,2.3678,0,main,4.409,49,4,13
cbs,10,0.04,12,4.0,0,6,0.0,False,7490,749,32,52,0.6154,1,3,66,43,2.0233,6,4.6512,4.3922,6,1.9535,28.8082,1238.754,14.67,4.6,1.651,403,0,0,0,0,58.883,2682,2.7927,0,main,5.143,47,9,10
full_replan,10,0.04,1,4.0,0,6,0.0,False,1010,101,5,36,0.1389,0,3,66,25,1.08,7,10.0,10.0,10,1.08,83.8253,2095.633,8.53,0.0,0.0,250,25,0,0,0,74.803,2725,0.3706,0,main,2.139,41,18,7
full_replan,10,0.04,2,4.0,0,6,0.0,False,2480,248,22,53,0.4151,0,1,66,43,2.3953,9,10.0,10.0,10,2.3953,79.7134,3427.677,15.93,0.0,0.0,430,30,0,0,0,85.568,2730,0.9084,0,main,3.611,38,16,12
full_replan,10,0.04,3,4.0,0,6,0.0,False,9308,1027,39,43,0.907,3,1,66,63,2.3492,8,10.0,10.0,10,2.3492,74.9533,4722.058,4.51,0.0,0.0,630,46,0,0,0,72.176,2538,3.6675,0,main,4.901,51,8,7
full_replan,10,0.04,4,4.0,0,6,0.0,False,1290,129,12,38,0.3158,0,5,66,37,2.3514,9,10.0,10.0,10,2.3514,49.0247,1813.913,8.76,0.0,0.0,370,24,0,0,0,65.232,2252,0.5728,0,main,1.873,46,13,7
full_replan,10,0.04,5,4.0,0,6,0.0,False,12997,1318,49,52,0.9423,1,1,66,59,2.7458,9,10.0,10.0,10,2.7458,46.6415,2751.848,14.42,0.0,0.0,590,0,0,0,0,76.646,2686,4.8388,0,main,2.99,45,11,10
full_replan,10,0.04,6,4.0,0,6,0.0,False,1720,172,12,46,0.2609,0,4,66,45,2.2667,9,10.0,10.0,10,2.2667,83.018,3735.811,19.43,0.0,0.0,450,43,0,0,0,83.611,2621,0.6562,0,main,3.815,51,8,7
full_replan,10,0.04,7,4.0,0,6,0.0,False,7610,761,21,41,0.5122,1,3,66,62,1.8548,9,10.0,10.0,10,1.8548,75.7379,4695.751,4.47,0.0,0.0,620,53,0,0,0,66.983,2634,2.8891,0,main,4.835,50,10,6
full_replan,10,0.04,8,4.0,0,6,0.0,False,2810,281,17,50,0.34,0,4,66,57,1.8421,9,10.0,10.0,10,1.8421,68.9228,3928.602,8.72,0.0,0.0,570,54,0,0,0,71.115,2441,1.1512,0,main,4.038,47,9,10
full_replan,10,0.04,9,4.0,0,6,0.0,False,2460,246,14,40,0.35,0,5,66,55,1.2364,8,10.0,10.0,10,1.2364,56.8902,3128.958,4.83,0.0,0.0,550,48,0,0,0,76.368,2580,0.9535,0,main,3.213,51,8,7
full_replan,10,0.04,10,4.0,0,6,0.0,False,3630,363,23,61,0.377,0,5,66,60,2.7,10,10.0,10.0,10,2.7,35.1303,2107.821,18.52,0.0,0.0,600,37,0,0,0,77.882,2892,1.2552,0,main,2.228,46,7,13
full_replan,10,0.04,11,4.0,0,6,0.0,False,3470,347,32,61,0.5246,0,7,66,62,2.4032,10,10.0,10.0,10,2.4032,106.6007,6609.243,16.65,0.0,0.0,620,61,0,0,0,77.081,2711,1.28,0,main,6.737,49,4,13
full_replan,10,0.04,12,4.0,0,6,0.0,False,6640,664,34,52,0.6538,1,3,66,59,2.7458,10,10.0,10.0,10,2.7458,39.288,2317.989,12.24,0.0,0.0,590,34,0,0,0,68.864,2682,2.4758,0,main,2.41,47,9,10
